unit_number,time_cycles,true_target,predicted_probability,predicted_label
1,1,0,0.010092636654363383,0
1,2,0,0.0016744089142140478,0
1,3,0,0.0017069093737597896,0
1,4,0,4.6263259827088936e-05,0
1,5,0,0.00013430225988370222,0
1,6,0,9.717255611987164e-05,0
1,7,0,5.2265462476992366e-05,0
1,8,0,8.855097043627093e-05,0
1,9,0,0.00011407171248289302,0
1,10,0,0.00011765404628455024,0
1,11,0,0.0001754951804982923,0
1,12,0,0.00017684545286961525,0
1,13,0,8.851181775083751e-05,0
1,14,0,0.00011915760936839605,0
1,15,0,0.0001015149656532094,0
1,16,0,9.753601677982641e-05,0
1,17,0,0.0001611374638960639,0
1,18,0,8.35340732899722e-05,0
1,19,0,0.0001842957134487947,0
1,20,0,0.00022876003807323646,0
1,21,0,0.00016380261596503706,0
1,22,0,0.00030845384855696746,0
1,23,0,0.0002753360283835889,0
1,24,0,0.0002552971734783654,0
1,25,0,0.00023846942630018238,0
1,26,0,0.0004985158060682384,0
1,27,0,0.00047538652478175197,0
1,28,0,0.0004243550416054998,0
1,29,0,0.00022277508788533945,0
1,30,0,0.0003074687772320024,0
1,31,0,0.00044549297131263484,0
1,32,0,0.00018259921811387877,0
1,33,0,0.00011280953827683334,0
1,34,0,0.0003296380080500796,0
1,35,0,0.0008597432699654395,0
1,36,0,0.0003564185227861997,0
1,37,0,0.0006160590077484718,0
1,38,0,0.00017010365387647644,0
1,39,0,3.6427821438990906e-05,0
1,40,0,9.370292106488276e-05,0
1,41,0,4.1630219930529354e-05,0
1,42,0,6.612342658396782e-05,0
1,43,0,4.8346497514527e-05,0
1,44,0,4.908235684196184e-05,0
1,45,0,0.0002397749529360308,0
1,46,0,0.0005857696101000055,0
1,47,0,0.0002768822394009617,0
1,48,0,0.0012082011930028421,0
1,49,0,0.0009566847596584185,0
1,50,0,0.0011526972781281002,0
1,51,0,0.0007415080623043582,0
1,52,0,0.0003604740440194681,0
1,53,0,0.0001583416592933852,0
1,54,0,0.0007173702753447197,0
1,55,0,0.0002767158133085348,0
1,56,0,0.00016914718175278535,0
1,57,0,0.00026145077181637837,0
1,58,0,0.00014031515191873642,0
1,59,0,0.00011969475599023003,0
1,60,0,0.00016832489693224768,0
1,61,0,7.709293912102083e-05,0
1,62,0,5.4747376842459286e-05,0
1,63,0,0.0001257668591605449,0
1,64,0,0.00030564324340947387,0
1,65,0,0.0002925115100488623,0
1,66,0,0.0006490892486784118,0
1,67,0,0.00023206787457133923,0
1,68,0,0.00024245834244837605,0
1,69,0,0.00022816921102946443,0
1,70,0,0.00020046220937712623,0
1,71,0,0.00014540072737991458,0
1,72,0,0.0006020968621975015,0
1,73,0,0.00031440965398233127,0
1,74,0,0.00038005921787811933,0
1,75,0,0.00021584292207846545,0
1,76,0,0.00018024327193852456,0
1,77,0,9.524711947392265e-05,0
1,78,0,0.00032369546731080294,0
1,79,0,0.0002892046575551123,0
1,80,0,0.00035917673375844344,0
1,81,0,0.00038335090890897886,0
1,82,0,0.0001379519431306769,0
1,83,0,0.0003463923800836968,0
1,84,0,0.0005070801635447687,0
1,85,0,0.0010618343725786771,0
1,86,0,0.0005100823359741317,0
1,87,0,0.0003449136146638108,0
1,88,0,0.0006071076235060567,0
1,89,0,0.0008781378830213429,0
1,90,0,0.0001640002690813262,0
1,91,0,0.00020334776593619925,0
1,92,0,0.00023104904041396332,0
1,93,0,0.0002766613509857268,0
1,94,0,0.0011176463768134057,0
1,95,0,0.001135515791303328,0
1,96,0,0.0009560441644518986,0
1,97,0,0.001753941930445881,0
1,98,0,0.0008734252672797487,0
1,99,0,0.0013564488851397695,0
1,100,0,0.0007608578152563624,0
1,101,0,0.00030840785735510257,0
1,102,0,0.0003807279828987746,0
1,103,0,0.0002925868294634137,0
1,104,0,0.00010900157316951617,0
1,105,0,0.0003392842526828191,0
1,106,0,0.0004251855683380199,0
1,107,0,0.00047397064756523005,0
1,108,0,0.00032073011208485645,0
1,109,0,0.000283904887462962,0
1,110,0,0.00020252682655691473,0
1,111,0,0.0004588938192735397,0
1,112,0,0.0005463554995860559,0
1,113,0,0.0006795447563088356,0
1,114,0,0.00043285172693935473,0
1,115,0,0.0005771055406693276,0
1,116,0,0.00043559262972032027,0
1,117,0,0.0002734733526443518,0
1,118,0,0.00010177174619838482,0
1,119,0,9.044581812440995e-05,0
1,120,0,0.00015844280123434665,0
1,121,0,0.0001630618281136104,0
1,122,0,0.0006387778053249563,0
1,123,0,0.000483506879125086,0
1,124,0,0.0012482301996429195,0
1,125,0,0.003696276627870807,0
1,126,0,0.006049861379159073,0
1,127,0,0.026605064285572768,0
1,128,0,0.03083919286452989,0
1,129,0,0.01165677901488925,0
1,130,0,0.022313583708319148,0
1,131,0,0.06315197084874878,0
1,132,0,0.052868813292824536,0
1,133,0,0.051734279064188655,0
1,134,0,0.04667206696366984,0
1,135,0,0.018571097979546425,0
1,136,0,0.014969439630621766,0
1,137,0,0.02941908595117363,0
1,138,0,0.002229279206309338,0
1,139,0,0.0008195016733734415,0
1,140,0,0.0037780855485889052,0
1,141,0,0.002360860633524219,0
1,142,0,0.0019515381413733057,0
1,143,0,0.004099890930907012,0
1,144,0,0.0035658790178561468,0
1,145,0,0.0014429914789819336,0
1,146,0,0.003012184705606977,0
1,147,0,0.007620585908710241,0
1,148,0,0.01001364157559667,0
1,149,0,0.031818203498895095,0
1,150,0,0.04519762761276105,0
1,151,0,0.04097340394412762,0
1,152,0,0.09618644019562064,0
1,153,0,0.18930568810681872,0
1,154,0,0.16844505587404252,0
1,155,0,0.08856023768863311,0
1,156,0,0.016715623765096062,0
1,157,0,0.04771386705507483,0
1,158,0,0.025967306164537143,0
1,159,0,0.006752120310000887,0
1,160,0,0.03360830111935013,0
1,161,0,0.05891992811472539,0
1,162,1,0.11600062173266543,0
1,163,1,0.3063024438237365,0
1,164,1,0.4078942903875988,0
1,165,1,0.5816819589097975,1
1,166,1,0.6086724624692004,1
1,167,1,0.5966964774338196,1
1,168,1,0.743585278058984,1
1,169,1,0.8636002463699133,1
1,170,1,0.7021049653993436,1
1,171,1,0.9259424408591986,1
1,172,1,0.9536923592236594,1
1,173,1,0.9735805057949806,1
1,174,1,0.9695996471012485,1
1,175,1,0.9889727048851303,1
1,176,1,0.9891907883613629,1
1,177,1,0.9921591348850639,1
1,178,1,0.9875927317409154,1
1,179,1,0.9910122118043982,1
1,180,1,0.9925866355300096,1
1,181,1,0.9947838752784947,1
1,182,1,0.9901588100067286,1
1,183,1,0.9915009453805113,1
1,184,1,0.9959544226586005,1
1,185,1,0.9942747433388225,1
1,186,1,0.9980904981065717,1
1,187,1,0.9987346866936285,1
1,188,1,0.9995918269891024,1
1,189,1,0.999863436169769,1
1,190,1,0.9999247795528993,1
1,191,1,0.999951626149069,1
1,192,0,0.9999714567084925,1
5,1,0,0.002414534980248673,0
5,2,0,0.0027324934593858977,0
5,3,0,0.0013122301137545598,0
5,4,0,0.0002819408957998833,0
5,5,0,0.00027398162237320627,0
5,6,0,0.00018871748712715678,0
5,7,0,5.151807678707403e-06,0
5,8,0,5.191659481380057e-06,0
5,9,0,5.7974958099050135e-06,0
5,10,0,1.5657936136095526e-06,0
5,11,0,6.461901392385873e-07,0
5,12,0,1.2070517863727324e-07,0
5,13,0,2.8312351507690567e-07,0
5,14,0,1.1705459279866887e-06,0
5,15,0,3.7604512076770245e-07,0
5,16,0,1.0409971967015756e-06,0
5,17,0,4.958030826472475e-07,0
5,18,0,4.3390387037291875e-07,0
5,19,0,2.510231187173323e-07,0
5,20,0,3.672942674090474e-07,0
5,21,0,3.174265331693498e-07,0
5,22,0,1.2984453081806002e-07,0
5,23,0,2.537982679088567e-07,0
5,24,0,1.7722425225547426e-07,0
5,25,0,1.6073160866497687e-07,0
5,26,0,3.110284358084753e-08,0
5,27,0,1.3017588319704905e-07,0
5,28,0,5.6714273833705246e-08,0
5,29,0,8.377907625490449e-08,0
5,30,0,1.0256667467347505e-07,0
5,31,0,1.3758647190241507e-07,0
5,32,0,5.193467534613512e-08,0
5,33,0,7.103936453324918e-07,0
5,34,0,5.830582894113055e-07,0
5,35,0,5.3975111553352725e-08,0
5,36,0,4.568946708619319e-08,0
5,37,0,3.226597643900844e-08,0
5,38,0,1.1217971193529963e-07,0
5,39,0,1.297421904841673e-07,0
5,40,0,3.750921401004327e-07,0
5,41,0,4.160978438998357e-07,0
5,42,0,1.2525075794033747e-07,0
5,43,0,7.583277317312576e-08,0
5,44,0,1.8416240391273736e-07,0
5,45,0,2.313577147864974e-07,0
5,46,0,3.591535957567157e-07,0
5,47,0,5.737564251097715e-07,0
5,48,0,8.81417810988877e-08,0
5,49,0,1.0302281264283128e-07,0
5,50,0,1.6589991219086537e-07,0
5,51,0,3.621182250767246e-07,0
5,52,0,1.1450375663671705e-07,0
5,53,0,1.6051891497438185e-07,0
5,54,0,1.032262472932271e-07,0
5,55,0,7.749045393759e-08,0
5,56,0,8.723205132042647e-08,0
5,57,0,2.0775923253122383e-07,0
5,58,0,1.103480170946421e-06,0
5,59,0,3.109090137359256e-07,0
5,60,0,6.332568234236774e-08,0
5,61,0,5.5267114297194034e-08,0
5,62,0,2.2275402252213545e-07,0
5,63,0,7.405408174543757e-07,0
5,64,0,4.255319486505595e-07,0
5,65,0,1.1581097059310374e-06,0
5,66,0,1.8968041726062654e-06,0
5,67,0,3.443018411059985e-06,0
5,68,0,1.1803255427475486e-06,0
5,69,0,1.5575590212257916e-07,0
5,70,0,2.0147144044291387e-07,0
5,71,0,2.983129667873083e-07,0
5,72,0,1.8309923966656626e-08,0
5,73,0,5.6307172052811245e-08,0
5,74,0,1.6478316128081856e-07,0
5,75,0,2.225373323892932e-07,0
5,76,0,1.0817231443719303e-06,0
5,77,0,3.2549021105931405e-06,0
5,78,0,4.83234324418943e-06,0
5,79,0,6.073112522800424e-06,0
5,80,0,3.3793242107002717e-06,0
5,81,0,1.8667038109202452e-05,0
5,82,0,2.0121828620270587e-05,0
5,83,0,3.521395517346283e-05,0
5,84,0,1.487345170500355e-05,0
5,85,0,6.230126986384192e-05,0
5,86,0,9.009270091874547e-06,0
5,87,0,6.667025453394063e-07,0
5,88,0,2.08929754918044e-07,0
5,89,0,4.269035124477647e-07,0
5,90,0,4.228041903801844e-07,0
5,91,0,2.76601513798635e-07,0
5,92,0,1.5480933857965265e-07,0
5,93,0,6.995759619130257e-07,0
5,94,0,1.5801309105398323e-06,0
5,95,0,1.036303129681053e-06,0
5,96,0,2.9987796344682136e-06,0
5,97,0,0.0001066689674493817,0
5,98,0,0.00014513003364898493,0
5,99,0,0.00015988715176302087,0
5,100,0,3.639757058208909e-06,0
5,101,0,1.1038207813413795e-06,0
5,102,0,8.472135549395034e-07,0
5,103,0,9.160698891208642e-07,0
5,104,0,2.5981861493563667e-06,0
5,105,0,6.843167906974424e-06,0
5,106,0,3.568834909179541e-05,0
5,107,0,6.723807145049526e-06,0
5,108,0,6.284476618470633e-06,0
5,109,0,7.716445991500955e-06,0
5,110,0,8.37059191889833e-05,0
5,111,0,0.00012157915785772821,0
5,112,0,0.00010665901800600447,0
5,113,0,8.301285676901442e-05,0
5,114,0,8.678417077783911e-05,0
5,115,0,6.133209114517734e-05,0
5,116,0,0.00013638073328754168,0
5,117,0,0.00011017770896650543,0
5,118,0,6.578795014123011e-05,0
5,119,0,7.061926184733335e-05,0
5,120,0,2.8966989170046816e-05,0
5,121,0,5.912585508469061e-05,0
5,122,0,5.196752083585531e-05,0
5,123,0,0.00010019981258258219,0
5,124,0,0.00027807947077792937,0
5,125,0,0.00027114959406324807,0
5,126,0,0.00022997728617199961,0
5,127,0,0.00015058071732706744,0
5,128,0,0.00031715528813871906,0
5,129,0,0.00018107714770251371,0
5,130,0,0.00012433006174562418,0
5,131,0,0.0001427206335108397,0
5,132,0,0.00018818965790905754,0
5,133,0,0.00019524972163637678,0
5,134,0,8.491453722106334e-05,0
5,135,0,8.890800160838993e-05,0
5,136,0,5.0217660571227855e-05,0
5,137,0,0.00020207523111444664,0
5,138,0,2.80717586705017e-05,0
5,139,0,8.039637022605522e-05,0
5,140,0,8.313635261840285e-05,0
5,141,0,0.00016715763830463194,0
5,142,0,0.00011445863109952841,0
5,143,0,5.6664400896896095e-05,0
5,144,0,5.6208850386606064e-05,0
5,145,0,3.125030897121213e-05,0
5,146,0,0.00011801562653526631,0
5,147,0,9.149297686785653e-05,0
5,148,0,0.00013171719429969517,0
5,149,0,7.514895759470425e-05,0
5,150,0,0.00010612462883813189,0
5,151,0,0.00013525946340039793,0
5,152,0,9.225010659518952e-05,0
5,153,0,0.00020134762473135508,0
5,154,0,0.0007368464691362282,0
5,155,0,0.0007762693219787467,0
5,156,0,0.0007263426134600515,0
5,157,0,0.0009516965754870643,0
5,158,0,0.0005772288852324832,0
5,159,0,0.00017262638410949274,0
5,160,0,9.487070325077523e-05,0
5,161,0,8.888752253320318e-05,0
5,162,0,7.179923976381893e-05,0
5,163,0,8.54331596646534e-05,0
5,164,0,0.00016620526731555587,0
5,165,0,9.13434607087911e-05,0
5,166,0,8.471019813633318e-05,0
5,167,0,9.138008273969144e-05,0
5,168,0,0.00011514086198846606,0
5,169,0,0.0006032340456443652,0
5,170,0,0.000492384051532878,0
5,171,0,0.0001488688317271921,0
5,172,0,0.00043802893300574653,0
5,173,0,0.0016114051141363074,0
5,174,0,0.00255166098345419,0
5,175,0,0.0037765344897374153,0
5,176,0,0.00199843423514857,0
5,177,0,0.0016712975029701414,0
5,178,0,0.0006208529267265556,0
5,179,0,0.000481544667430755,0
5,180,0,0.00037477931123370276,0
5,181,0,1.548641438573862e-05,0
5,182,0,1.1095675196297014e-05,0
5,183,0,9.773311521642708e-06,0
5,184,0,1.6145777980340494e-05,0
5,185,0,2.8535935530929926e-05,0
5,186,0,8.796138273375196e-06,0
5,187,0,1.5486721182066594e-05,0
5,188,0,4.083706940743015e-05,0
5,189,0,4.07927564923344e-05,0
5,190,0,0.001125101495719725,0
5,191,0,0.00751602146126341,0
5,192,0,0.006016292682074991,0
5,193,0,0.005744440357304398,0
5,194,0,0.002798576738689798,0
5,195,0,0.0017289370937655347,0
5,196,0,0.0031520682133733624,0
5,197,0,0.004355946419891915,0
5,198,0,0.002632609599215402,0
5,199,0,0.014446097394712625,0
5,200,0,0.0033530551441385186,0
5,201,0,0.0033388477609050055,0
5,202,0,0.001545063468707969,0
5,203,0,0.003999071598082181,0
5,204,0,0.0045406514868087675,0
5,205,0,0.002027801866630324,0
5,206,0,0.0032879232999679197,0
5,207,0,0.0076354773008654045,0
5,208,0,0.019243162262482162,0
5,209,0,0.014989318414275752,0
5,210,0,0.01530303554061,0
5,211,0,0.01756797640487572,0
5,212,0,0.022125073336593037,0
5,213,0,0.0061645306813228745,0
5,214,0,0.0039594908519126155,0
5,215,0,0.017661464936573487,0
5,216,0,0.01729067431829605,0
5,217,0,0.006115350267025101,0
5,218,0,0.005929136806232235,0
5,219,0,0.004936221112223545,0
5,220,0,0.005933162854107745,0
5,221,0,0.013336448635280575,0
5,222,0,0.006509321564628417,0
5,223,0,0.0288241499084186,0
5,224,0,0.03303661947547662,0
5,225,0,0.08397208851812692,0
5,226,0,0.12572292683554287,0
5,227,0,0.121631800578161,0
5,228,0,0.06091173867089189,0
5,229,0,0.12871711972652972,0
5,230,0,0.12398451159325367,0
5,231,0,0.21619102653743794,0
5,232,0,0.2680450562851062,0
5,233,0,0.40072254368688737,0
5,234,0,0.3417058393828246,0
5,235,0,0.393710166296761,0
5,236,0,0.3011298334168321,0
5,237,0,0.5891616396129795,1
5,238,0,0.3597458059836676,0
5,239,1,0.5709301056505862,1
5,240,1,0.49760917496368123,0
5,241,1,0.3509900604291981,0
5,242,1,0.6609180567917592,1
5,243,1,0.7059405573042571,1
5,244,1,0.8301869608956212,1
5,245,1,0.866227119536342,1
5,246,1,0.9543134396018936,1
5,247,1,0.9347781658798276,1
5,248,1,0.9764952891820295,1
5,249,1,0.9863313081547791,1
5,250,1,0.9930963340882067,1
5,251,1,0.9933733690903898,1
5,252,1,0.9963371766472309,1
5,253,1,0.9958918522889489,1
5,254,1,0.9993928504398139,1
5,255,1,0.9990005858696414,1
5,256,1,0.9993669771727199,1
5,257,1,0.9998811123341845,1
5,258,1,0.999942199045901,1
5,259,1,0.9996733291472654,1
5,260,1,0.9998697387174754,1
5,261,1,0.9997278895842917,1
5,262,1,0.9998699190742726,1
5,263,1,0.9998990828429318,1
5,264,1,0.9999598385318776,1
5,265,1,0.999961695336005,1
5,266,1,0.999989403991062,1
5,267,1,0.9999805240652233,1
5,268,1,0.9999874862490007,1
5,269,0,0.9999929885887351,1
11,1,0,0.0005366543224560554,0
11,2,0,3.2249540539473087e-10,0
11,3,0,1.7449111970541469e-09,0
11,4,0,5.141095245673185e-10,0
11,5,0,9.689379251984608e-10,0
11,6,0,5.4035052203784904e-09,0
11,7,0,9.188214817641107e-09,0
11,8,0,4.6216398704515005e-08,0
11,9,0,2.9243192865544112e-08,0
11,10,0,3.4974287695415765e-08,0
11,11,0,8.721352192062007e-08,0
11,12,0,1.7473142891668735e-07,0
11,13,0,5.934659630482362e-08,0
11,14,0,1.3172269206342649e-08,0
11,15,0,1.1378909258421136e-08,0
11,16,0,2.3857732070827087e-08,0
11,17,0,7.849335484046094e-08,0
11,18,0,3.609567439019859e-08,0
11,19,0,3.283937284419589e-07,0
11,20,0,3.774471686793306e-07,0
11,21,0,1.574588593742044e-07,0
11,22,0,5.992594029253572e-08,0
11,23,0,6.621698891378274e-07,0
11,24,0,2.1682669449311565e-06,0
11,25,0,7.830598884283344e-06,0
11,26,0,7.264406356810887e-05,0
11,27,0,6.216391589804489e-05,0
11,28,0,0.00010401692122078449,0
11,29,0,9.089329629459425e-05,0
11,30,0,0.0006343899104521606,0
11,31,0,0.0008119524859043159,0
11,32,0,0.001692269135733411,0
11,33,0,0.00044745746517427487,0
11,34,0,0.0004171098712276131,0
11,35,0,3.1896602645638614e-06,0
11,36,0,1.2107225217825921e-06,0
11,37,0,2.396976067137295e-07,0
11,38,0,8.32887082594525e-08,0
11,39,0,1.2850008468507062e-07,0
11,40,0,5.506264197969846e-08,0
11,41,0,4.5620862481107737e-07,0
11,42,0,3.688611725831625e-07,0
11,43,0,2.6961148420542886e-07,0
11,44,0,4.180532563955305e-08,0
11,45,0,1.93804013954015e-07,0
11,46,0,2.491162025798571e-07,0
11,47,0,1.083516066856941e-06,0
11,48,0,1.477221366795514e-06,0
11,49,0,3.752449408809262e-06,0
11,50,0,3.3329560889384177e-06,0
11,51,0,6.257294063100242e-06,0
11,52,0,4.130780929086951e-06,0
11,53,0,8.767192710955926e-05,0
11,54,0,0.00010054107513378525,0
11,55,0,4.6981183423870795e-05,0
11,56,0,3.1048360830865206e-05,0
11,57,0,1.9950834524368938e-05,0
11,58,0,9.700148716093139e-05,0
11,59,0,0.000113872234494688,0
11,60,0,0.00024013671899676266,0
11,61,0,9.745534875507351e-05,0
11,62,0,0.00014498868491436608,0
11,63,0,9.298068479090772e-05,0
11,64,0,7.79004877701855e-05,0
11,65,0,4.663767018104915e-05,0
11,66,0,0.00016152225394473995,0
11,67,0,4.205142989905354e-05,0
11,68,0,4.749991182228326e-05,0
11,69,0,6.950592592022055e-05,0
11,70,0,8.073002420525619e-05,0
11,71,0,0.00010330119490159796,0
11,72,0,0.00010270196715176886,0
11,73,0,5.5931820714292856e-05,0
11,74,0,0.00017136547584517062,0
11,75,0,6.77124558593211e-05,0
11,76,0,3.846888833559771e-05,0
11,77,0,4.963482590353141e-05,0
11,78,0,6.1022390454724914e-05,0
11,79,0,3.235909224440099e-05,0
11,80,0,2.1866860251033667e-05,0
11,81,0,1.617175390726166e-05,0
11,82,0,3.5632929311160157e-06,0
11,83,0,4.561413480467502e-06,0
11,84,0,3.6816423129023054e-06,0
11,85,0,5.879817975918043e-06,0
11,86,0,2.384195627020524e-06,0
11,87,0,7.63588054391431e-06,0
11,88,0,1.115356044126264e-05,0
11,89,0,2.1530635544423223e-05,0
11,90,0,6.319397779145845e-05,0
11,91,0,0.0002092266533575772,0
11,92,0,1.974763885921144e-05,0
11,93,0,5.1497734170348876e-05,0
11,94,0,5.492610796579041e-05,0
11,95,0,3.15017153321187e-05,0
11,96,0,3.7011487619315004e-05,0
11,97,0,1.876416777971295e-05,0
11,98,0,2.1287324409809008e-05,0
11,99,0,1.2474822386089291e-05,0
11,100,0,1.9347017176845585e-05,0
11,101,0,2.689737993841022e-05,0
11,102,0,3.827563093395909e-05,0
11,103,0,1.9355480132541256e-05,0
11,104,0,2.9014747770777916e-05,0
11,105,0,6.630687660892026e-05,0
11,106,0,1.1396015532485187e-05,0
11,107,0,4.508255194134196e-05,0
11,108,0,1.9485525758278592e-05,0
11,109,0,8.448419452191475e-06,0
11,110,0,4.632408882354464e-06,0
11,111,0,1.1571304252055543e-05,0
11,112,0,6.419156065227308e-06,0
11,113,0,2.586814442879692e-07,0
11,114,0,4.744308816065217e-07,0
11,115,0,1.5462156715971392e-07,0
11,116,0,2.2266643619129539e-07,0
11,117,0,3.0815442465900796e-07,0
11,118,0,5.241834286058417e-07,0
11,119,0,1.961350819821093e-06,0
11,120,0,3.1136098841540423e-06,0
11,121,0,2.2284582884729263e-06,0
11,122,0,4.608224520391047e-06,0
11,123,0,3.097757470206857e-05,0
11,124,0,2.190040265179649e-05,0
11,125,0,3.859089287964819e-05,0
11,126,0,3.743902878341921e-05,0
11,127,0,5.1291462308825845e-05,0
11,128,0,5.467774978363115e-05,0
11,129,0,0.0001781037317492068,0
11,130,0,0.0002960782200572753,0
11,131,0,0.00014890074272508167,0
11,132,0,0.0002622342146559213,0
11,133,0,9.9559067520419e-05,0
11,134,0,7.284654252943502e-05,0
11,135,0,0.00019444198767938633,0
11,136,0,0.0003742292174031369,0
11,137,0,0.00023273081356947373,0
11,138,0,0.0008537025867688451,0
11,139,0,0.000570748083072249,0
11,140,0,0.0002490854542134861,0
11,141,0,0.0007997176310321497,0
11,142,0,0.00021011013072741013,0
11,143,0,0.00018373095009696218,0
11,144,0,0.00021376985839235299,0
11,145,0,0.000180505205806201,0
11,146,0,0.0001508589056388485,0
11,147,0,0.0001471951452810784,0
11,148,0,0.00025519892563815726,0
11,149,0,0.0003209671709240143,0
11,150,0,0.0001589421558191653,0
11,151,0,0.00011751210524344378,0
11,152,0,0.00013305048101527078,0
11,153,0,0.0006444320787423973,0
11,154,0,0.0005729703623623241,0
11,155,0,0.00046474125427440905,0
11,156,0,0.0007510886963108989,0
11,157,0,0.0002959547310961635,0
11,158,0,0.00014385400767048248,0
11,159,0,1.5100838139668411e-05,0
11,160,0,2.2759611658039014e-05,0
11,161,0,1.948888021340293e-05,0
11,162,0,1.0775973274603214e-05,0
11,163,0,2.963087761714621e-05,0
11,164,0,1.029848462540106e-05,0
11,165,0,2.1204552601967487e-05,0
11,166,0,5.094479118915847e-05,0
11,167,0,2.917371948752588e-05,0
11,168,0,4.7188603983547424e-05,0
11,169,0,0.0007373723394847424,0
11,170,0,0.0014432529307316282,0
11,171,0,0.001651797923216054,0
11,172,0,0.0018921948082385879,0
11,173,0,0.002365610027361951,0
11,174,0,0.0015520882302275313,0
11,175,0,0.0021864366816673744,0
11,176,0,0.0007716713397206249,0
11,177,0,0.005705220062028981,0
11,178,0,0.0061369014941914275,0
11,179,0,0.003509168414288639,0
11,180,0,0.0018465083566922733,0
11,181,0,0.0032259318162883932,0
11,182,0,0.0031652794901385066,0
11,183,0,0.0011285278972743814,0
11,184,0,0.009609324598637347,0
11,185,0,0.006240720183626808,0
11,186,0,0.005065715413830701,0
11,187,0,0.0032875321162779635,0
11,188,0,0.007942263181457663,0
11,189,0,0.008902432721164437,0
11,190,0,0.005947369378881943,0
11,191,0,0.0017461029096452545,0
11,192,0,0.008555458088139295,0
11,193,0,0.022046405557939713,0
11,194,0,0.007325034374550674,0
11,195,0,0.01247053567794278,0
11,196,0,0.05334631798126947,0
11,197,0,0.09113486010495907,0
11,198,0,0.13219639371055922,0
11,199,0,0.08285540214288366,0
11,200,0,0.2255224306024455,0
11,201,0,0.10433258301165105,0
11,202,0,0.05718215428538431,0
11,203,0,0.12367478384919198,0
11,204,0,0.23114976349059282,0
11,205,0,0.42315573629592745,0
11,206,0,0.2997198410737972,0
11,207,0,0.3832722748043779,0
11,208,0,0.49663809258511094,0
11,209,0,0.5003547751384041,1
11,210,1,0.5029733145433072,1
11,211,1,0.5955069571888585,1
11,212,1,0.5701850624947105,1
11,213,1,0.3807685073813914,0
11,214,1,0.5216348966105167,1
11,215,1,0.7006704726956382,1
11,216,1,0.6239384587729775,1
11,217,1,0.8634196184382812,1
11,218,1,0.8992820487062115,1
11,219,1,0.9162918250383003,1
11,220,1,0.9361897776854302,1
11,221,1,0.9927490795875161,1
11,222,1,0.9849351669746439,1
11,223,1,0.9855053373268154,1
11,224,1,0.9861532137226701,1
11,225,1,0.985563714102555,1
11,226,1,0.9539977007093453,1
11,227,1,0.9207513709929817,1
11,228,1,0.9233975534118971,1
11,229,1,0.97543550677006,1
11,230,1,0.9927801156827266,1
11,231,1,0.9971173609463235,1
11,232,1,0.9987097072498193,1
11,233,1,0.9987879665394339,1
11,234,1,0.9989299790462534,1
11,235,1,0.999918581105597,1
11,236,1,0.9999146585550431,1
11,237,1,0.9999083659418887,1
11,238,1,0.9999366870916113,1
11,239,1,0.9999784211408745,1
11,240,0,0.9999829242330329,1
13,1,0,0.03736158969883019,0
13,2,0,0.010901438456955292,0
13,3,0,0.024018376723419735,0
13,4,0,0.009637021944521412,0
13,5,0,0.004944004715312408,0
13,6,0,0.0031305019858233144,0
13,7,0,0.004827759019894824,0
13,8,0,0.005765037908633036,0
13,9,0,0.0027176014576850613,0
13,10,0,0.005725279944219512,0
13,11,0,0.006834368110818662,0
13,12,0,0.002866500597780199,0
13,13,0,0.004957704956058016,0
13,14,0,0.0026590158421431103,0
13,15,0,0.0020762241237966854,0
13,16,0,0.000661378643115792,0
13,17,0,0.0014877613643921545,0
13,18,0,0.001148822812006218,0
13,19,0,0.0005744565073561272,0
13,20,0,0.0007120383722434645,0
13,21,0,0.0008591851506766976,0
13,22,0,0.001110547117445555,0
13,23,0,0.00019206386682366503,0
13,24,0,0.00024172497196062862,0
13,25,0,0.0003203223266090417,0
13,26,0,0.0010280326101597315,0
13,27,0,0.0005589169296276914,0
13,28,0,0.0004447010276002632,0
13,29,0,0.001109443045689,0
13,30,0,0.003120973866643272,0
13,31,0,0.0025032697567186936,0
13,32,0,0.0023782853609541025,0
13,33,0,0.001833126986503414,0
13,34,0,0.002859071902968764,0
13,35,0,0.0017422704576720558,0
13,36,0,0.001531083683272131,0
13,37,0,0.0018474504535974806,0
13,38,0,0.004280856654662489,0
13,39,0,0.0019150758850190227,0
13,40,0,0.0011091127867179618,0
13,41,0,0.004816258692391789,0
13,42,0,0.0017653462746295557,0
13,43,0,0.0013903092386783973,0
13,44,0,0.0036018048600411972,0
13,45,0,0.002774479933899935,0
13,46,0,0.012750926029733173,0
13,47,0,0.007468281533011042,0
13,48,0,0.0037966071509067025,0
13,49,0,0.005850230336153486,0
13,50,0,0.006276696143624133,0
13,51,0,0.008163273802157851,0
13,52,0,0.006819760975632741,0
13,53,0,0.0074613293238078885,0
13,54,0,0.003633073555358253,0
13,55,0,0.001274671266590987,0
13,56,0,0.0015369084156299632,0
13,57,0,0.0004512816874950596,0
13,58,0,0.0014564894331860626,0
13,59,0,0.0010785267713135324,0
13,60,0,0.0014592175254936211,0
13,61,0,0.001668730040994074,0
13,62,0,0.00121777966264782,0
13,63,0,0.0010766629361006886,0
13,64,0,0.0010232105527096396,0
13,65,0,0.001171604222380739,0
13,66,0,0.0010381640819978623,0
13,67,0,0.01165265642420529,0
13,68,0,0.008501376776914425,0
13,69,0,0.00666505475001649,0
13,70,0,0.006229314186005541,0
13,71,0,0.01620881175506818,0
13,72,0,0.002918407687249548,0
13,73,0,0.00542535917597021,0
13,74,0,0.0029489382095005115,0
13,75,0,0.012540786887040982,0
13,76,0,0.00470239259289976,0
13,77,0,0.0014703081613156707,0
13,78,0,0.002371401597901258,0
13,79,0,0.002507082053948882,0
13,80,0,0.0022533715722205614,0
13,81,0,0.0015077045849580422,0
13,82,0,0.0017379787983652925,0
13,83,0,0.004577034211492786,0
13,84,0,0.0023555233839010043,0
13,85,0,0.00277237738114462,0
13,86,0,0.0026536962217058617,0
13,87,0,0.00840852725683822,0
13,88,0,0.015473381951256995,0
13,89,0,0.0025753316361437515,0
13,90,0,0.00279092636087768,0
13,91,0,0.0021790842002836273,0
13,92,0,0.0011689531766899976,0
13,93,0,0.0006743026772503273,0
13,94,0,0.0015399704637754793,0
13,95,0,0.0022731559098092932,0
13,96,0,0.0006896196019236907,0
13,97,0,0.0006231795858488538,0
13,98,0,0.001510686692710349,0
13,99,0,0.0010980211009114088,0
13,100,0,0.0025209367189956903,0
13,101,0,0.0031440319636237037,0
13,102,0,0.002496234772430005,0
13,103,0,0.0012467976101797193,0
13,104,0,0.005289781648061536,0
13,105,0,0.003781612300204612,0
13,106,0,0.011615452710933156,0
13,107,0,0.020646716481031707,0
13,108,0,0.008560302560131527,0
13,109,0,0.009897770531603033,0
13,110,0,0.036841709401479815,0
13,111,0,0.028677539712854472,0
13,112,0,0.03579700022319578,0
13,113,0,0.030962477282267475,0
13,114,0,0.054681162612557635,0
13,115,0,0.08449391230500136,0
13,116,0,0.05164862961217734,0
13,117,0,0.07451574006760485,0
13,118,0,0.0506645549803362,0
13,119,0,0.0690266901751252,0
13,120,0,0.0901582912156996,0
13,121,0,0.07275834764043612,0
13,122,0,0.09494078945381466,0
13,123,0,0.09169680482398089,0
13,124,0,0.17237026021283763,0
13,125,0,0.14672687888490124,0
13,126,0,0.039568599142022105,0
13,127,0,0.02208619083575131,0
13,128,0,0.02489067869929345,0
13,129,0,0.040244972278690526,0
13,130,0,0.0608522929711571,0
13,131,0,0.06371883333220697,0
13,132,0,0.063454249416927,0
13,133,1,0.0692294626238018,0
13,134,1,0.08232452175534251,0
13,135,1,0.14479304032280127,0
13,136,1,0.16663735670362176,0
13,137,1,0.1570602773715694,0
13,138,1,0.1367140692929785,0
13,139,1,0.30835975433293006,0
13,140,1,0.3258120889870356,0
13,141,1,0.5665623511224419,1
13,142,1,0.6315783768661304,1
13,143,1,0.8873713969292112,1
13,144,1,0.9164257791449723,1
13,145,1,0.9239287579747333,1
13,146,1,0.9880696188403669,1
13,147,1,0.9918324287404016,1
13,148,1,0.9879681584716581,1
13,149,1,0.9927153136904794,1
13,150,1,0.9829177071980267,1
13,151,1,0.9890788877111718,1
13,152,1,0.9928538467821902,1
13,153,1,0.9849712643998367,1
13,154,1,0.9743429642205662,1
13,155,1,0.9914970177050656,1
13,156,1,0.9961675314390458,1
13,157,1,0.9985809720402613,1
13,158,1,0.9988836101322935,1
13,159,1,0.9995056527303386,1
13,160,1,0.9994989341160899,1
13,161,1,0.9996299447961339,1
13,162,1,0.9998387886499104,1
13,163,0,0.9999609445831197,1
19,1,0,0.02310455773183977,0
19,2,0,1.7832732106629227e-05,0
19,3,0,0.0004205008508477098,0
19,4,0,0.0014323848228182398,0
19,5,0,0.003768296360065369,0
19,6,0,0.0011607317551669423,0
19,7,0,0.002088889615711249,0
19,8,0,0.0013878790594925147,0
19,9,0,0.0018111522034755347,0
19,10,0,0.004297907276332919,0
19,11,0,0.005145016607518441,0
19,12,0,0.0083288223985739,0
19,13,0,0.005071277860498247,0
19,14,0,0.008369277435772166,0
19,15,0,0.01346645886581069,0
19,16,0,0.016424830193448387,0
19,17,0,0.017134730460565357,0
19,18,0,0.020541496556805254,0
19,19,0,0.02987034276081065,0
19,20,0,0.04232887231293625,0
19,21,0,0.02636932818925882,0
19,22,0,0.004930233260534322,0
19,23,0,0.004289620488893129,0
19,24,0,0.005014331707482567,0
19,25,0,0.003580376221163315,0
19,26,0,0.0036600954087194918,0
19,27,0,0.005042914007477761,0
19,28,0,0.0015385081381267785,0
19,29,0,0.00022873907292504946,0
19,30,0,0.0008043952477112671,0
19,31,0,0.0007092981373247804,0
19,32,0,0.009840237953484307,0
19,33,0,0.0022486055206228624,0
19,34,0,0.004068066041953378,0
19,35,0,0.0025431816065155212,0
19,36,0,0.00421289963543395,0
19,37,0,0.003457451965506779,0
19,38,0,0.0018819629416066965,0
19,39,0,0.0018494803836504134,0
19,40,0,0.000854729695898866,0
19,41,0,0.0008683704239554949,0
19,42,0,0.0011143224835810253,0
19,43,0,0.0006359022827306932,0
19,44,0,0.000722355613364101,0
19,45,0,0.0007584870280457362,0
19,46,0,0.0016706101660758357,0
19,47,0,0.0009914141119918094,0
19,48,0,0.0005478092489080248,0
19,49,0,0.001336754675379245,0
19,50,0,0.0017661406422748885,0
19,51,0,0.001010420249328996,0
19,52,0,0.0034266436558330424,0
19,53,0,0.0007815903360348775,0
19,54,0,0.012481807272965108,0
19,55,0,0.011712786917753258,0
19,56,0,0.006293243086258846,0
19,57,0,0.010703915502564913,0
19,58,0,0.010203526717492832,0
19,59,0,0.004775032905983881,0
19,60,0,0.004717392203614741,0
19,61,0,0.0053086788101577706,0
19,62,0,0.006321976252163487,0
19,63,0,0.013058669024291193,0
19,64,0,0.011417920306580244,0
19,65,0,0.003891546914618854,0
19,66,0,0.005927383431701352,0
19,67,0,0.010989672760697712,0
19,68,0,0.010754570923542303,0
19,69,0,0.008380828354672843,0
19,70,0,0.01533607721998076,0
19,71,0,0.0035683524038551974,0
19,72,0,0.0035638981273776334,0
19,73,0,0.0037043666897361707,0
19,74,0,0.007617106214422409,0
19,75,0,0.005513896536873144,0
19,76,0,0.009984824793907525,0
19,77,0,0.02329945853296445,0
19,78,0,0.012975056225109067,0
19,79,0,0.014601833948549135,0
19,80,0,0.029506429134356447,0
19,81,0,0.03017337388300793,0
19,82,0,0.005867695899400948,0
19,83,0,0.004060744734781863,0
19,84,0,0.005307629748266701,0
19,85,0,0.00940232545744301,0
19,86,0,0.009389008172275002,0
19,87,0,0.004546729593615794,0
19,88,0,0.008502555687390606,0
19,89,0,0.011697936030447598,0
19,90,0,0.011934565040343409,0
19,91,0,0.0014367585237891963,0
19,92,0,0.0009096386716149623,0
19,93,0,0.0007373139345184736,0
19,94,0,0.001303612332254287,0
19,95,0,0.0014902471564540826,0
19,96,0,0.0026183700301376494,0
19,97,0,0.004649853734698816,0
19,98,0,0.00783316293657938,0
19,99,0,0.024754264319967155,0
19,100,0,0.06206196460639706,0
19,101,0,0.043750482639755596,0
19,102,0,0.028459743948562866,0
19,103,0,0.010880000751580039,0
19,104,0,0.010104803435197462,0
19,105,0,0.026663784946990537,0
19,106,0,0.027023814599802676,0
19,107,0,0.014289022573783988,0
19,108,0,0.010393325026733716,0
19,109,0,0.006926485119965519,0
19,110,0,0.013284312909137251,0
19,111,0,0.012512636304657264,0
19,112,0,0.019809217625326902,0
19,113,0,0.05420609204137432,0
19,114,0,0.07380779397078631,0
19,115,0,0.055312509959432626,0
19,116,0,0.03563116363250305,0
19,117,0,0.05259213097457883,0
19,118,0,0.17550478401619884,0
19,119,0,0.2768985523257081,0
19,120,0,0.18136074823260007,0
19,121,0,0.24045346182308608,0
19,122,0,0.18646683009035397,0
19,123,0,0.12356073084223662,0
19,124,0,0.25697598677953726,0
19,125,0,0.415785364355837,0
19,126,0,0.3706024529164058,0
19,127,0,0.19038377521258115,0
19,128,1,0.45873669614934715,0
19,129,1,0.2673302041034858,0
19,130,1,0.3783106247260227,0
19,131,1,0.523831431112254,1
19,132,1,0.5447941529198235,1
19,133,1,0.6395329275858291,1
19,134,1,0.5590577942855507,1
19,135,1,0.5831667825928577,1
19,136,1,0.8138094732851568,1
19,137,1,0.7898036250341545,1
19,138,1,0.8357890485400887,1
19,139,1,0.7943828734412239,1
19,140,1,0.7231159476803595,1
19,141,1,0.8142174697586586,1
19,142,1,0.5755183040319848,1
19,143,1,0.8043913805257861,1
19,144,1,0.5610290685982302,1
19,145,1,0.7021884616176498,1
19,146,1,0.8878807291939121,1
19,147,1,0.9600447629535871,1
19,148,1,0.9224092470567941,1
19,149,1,0.935403506764247,1
19,150,1,0.9263152798041552,1
19,151,1,0.8987528043944943,1
19,152,1,0.9519804096975969,1
19,153,1,0.9388484969096169,1
19,154,1,0.9860155876332962,1
19,155,1,0.994616120570573,1
19,156,1,0.9980689404445829,1
19,157,1,0.995835547293641,1
19,158,0,0.9965751248267285,1
23,1,0,0.009230604371934894,0
23,2,0,0.000843042376486976,0
23,3,0,0.002332819523536223,0
23,4,0,0.0001762156758468787,0
23,5,0,0.00036684786358108214,0
23,6,0,0.0007790195896467127,0
23,7,0,0.0015011939547704021,0
23,8,0,0.0017387126803898333,0
23,9,0,0.0010383147963718264,0
23,10,0,0.0004928550128567173,0
23,11,0,0.0004957404474710991,0
23,12,0,0.0034027482867698485,0
23,13,0,0.0014730372136371468,0
23,14,0,0.001635974515046236,0
23,15,0,0.002384865180733169,0
23,16,0,0.0029237882737543986,0
23,17,0,0.0015848647683652714,0
23,18,0,0.003369880461164838,0
23,19,0,0.002909293493520387,0
23,20,0,0.00439257385805308,0
23,21,0,0.003374149388848218,0
23,22,0,0.007476333072267839,0
23,23,0,0.004996905300296829,0
23,24,0,0.006310460783471971,0
23,25,0,0.0050338353548383475,0
23,26,0,0.008244184830102363,0
23,27,0,0.0029663744286084377,0
23,28,0,0.0023261252760447535,0
23,29,0,0.0018562797673829666,0
23,30,0,0.0006842125841765366,0
23,31,0,0.0007620352852381345,0
23,32,0,0.0004597779168331027,0
23,33,0,0.0004334091054453157,0
23,34,0,0.0006829882913074067,0
23,35,0,0.00019571442071430824,0
23,36,0,0.0007756968277344619,0
23,37,0,0.0005135266431239507,0
23,38,0,0.0003282154211671991,0
23,39,0,0.0008832125657628603,0
23,40,0,0.0012955512937186198,0
23,41,0,0.0012096030905586256,0
23,42,0,0.0015047368715243314,0
23,43,0,0.0009127138720973963,0
23,44,0,0.002299082683226436,0
23,45,0,0.0018944233142210813,0
23,46,0,0.002150294586830419,0
23,47,0,0.0012320462980164777,0
23,48,0,0.002987286320652359,0
23,49,0,0.000989245102195643,0
23,50,0,0.00018555070245467967,0
23,51,0,0.00024876829361564066,0
23,52,0,0.00010813852514385241,0
23,53,0,0.00012102391369602528,0
23,54,0,8.493249577543987e-05,0
23,55,0,0.00020065537122590122,0
23,56,0,0.00015900062780477942,0
23,57,0,0.00014981609108658886,0
23,58,0,0.0003385960867631466,0
23,59,0,0.00042297663943718396,0
23,60,0,0.0017475127236890545,0
23,61,0,0.0034511971573631824,0
23,62,0,0.003868546518802931,0
23,63,0,0.008254508221539617,0
23,64,0,0.007547666110065441,0
23,65,0,0.006141043111120012,0
23,66,0,0.012687390792121993,0
23,67,0,0.03182566204864985,0
23,68,0,0.03051344530331444,0
23,69,0,0.037426145837178335,0
23,70,0,0.023244263949789613,0
23,71,0,0.019090795407915435,0
23,72,0,0.03280601268172715,0
23,73,0,0.03538212445677241,0
23,74,0,0.034044321951799295,0
23,75,0,0.01928000471436677,0
23,76,0,0.016252636897415497,0
23,77,0,0.009223472748158273,0
23,78,0,0.002750799093608462,0
23,79,0,0.002750885097215325,0
23,80,0,0.002703848420778948,0
23,81,0,0.0012182080202586961,0
23,82,0,0.001983671365274704,0
23,83,0,0.001371476867674767,0
23,84,0,0.0003131791820649188,0
23,85,0,0.00103764869767498,0
23,86,0,0.0006003015651815958,0
23,87,0,0.0001398675719112307,0
23,88,0,0.00022841721586508134,0
23,89,0,0.00021470101830097473,0
23,90,0,0.00020982196160630327,0
23,91,0,0.00012024667339676114,0
23,92,0,5.195905565981631e-05,0
23,93,0,0.00021681399095314945,0
23,94,0,0.0002156132333279604,0
23,95,0,0.000439213652369006,0
23,96,0,0.0011148588375423268,0
23,97,0,0.001544150742455199,0
23,98,0,0.0012568745899135159,0
23,99,0,0.0010416940604925206,0
23,100,0,0.003500914698424724,0
23,101,0,0.003417878464813734,0
23,102,0,0.009555758166752672,0
23,103,0,0.006596560777519926,0
23,104,0,0.004251727937108162,0
23,105,0,0.005655275654953232,0
23,106,0,0.007310480465258374,0
23,107,0,0.029371023288499946,0
23,108,0,0.011733956313237915,0
23,109,0,0.013204380588832713,0
23,110,0,0.012657935793613297,0
23,111,0,0.02684469599302727,0
23,112,0,0.02311272528903147,0
23,113,0,0.03846956882759786,0
23,114,0,0.01996726316869556,0
23,115,0,0.0187007440048619,0
23,116,0,0.03327533609573221,0
23,117,0,0.01823713770278614,0
23,118,0,0.029783876862579037,0
23,119,0,0.017313496351754647,0
23,120,0,0.03732038156111541,0
23,121,0,0.04073529274379792,0
23,122,0,0.06516083808448048,0
23,123,0,0.11151594621437828,0
23,124,0,0.03156575131490937,0
23,125,0,0.052111413613978225,0
23,126,0,0.14714247222584934,0
23,127,0,0.0831756905259102,0
23,128,0,0.048487756395095664,0
23,129,0,0.2533473016250574,0
23,130,0,0.2909002946512207,0
23,131,0,0.3937349259121453,0
23,132,0,0.5680635507135576,1
23,133,0,0.7569553204971782,1
23,134,0,0.7506806540885995,1
23,135,0,0.562624857268104,1
23,136,0,0.7836815666542855,1
23,137,0,0.8152927604568235,1
23,138,1,0.871571336610348,1
23,139,1,0.9113392774428899,1
23,140,1,0.9003828486214671,1
23,141,1,0.6498766677770479,1
23,142,1,0.6500173991215555,1
23,143,1,0.6384949884725095,1
23,144,1,0.8292730740319169,1
23,145,1,0.7148467921120302,1
23,146,1,0.756832567666756,1
23,147,1,0.6234649316210822,1
23,148,1,0.7923007610175535,1
23,149,1,0.8249744198099276,1
23,150,1,0.8134328321294303,1
23,151,1,0.8015639088181736,1
23,152,1,0.9195053755387416,1
23,153,1,0.9476231725313299,1
23,154,1,0.9474497509399535,1
23,155,1,0.9725453333910385,1
23,156,1,0.9167730851458114,1
23,157,1,0.9436196556869757,1
23,158,1,0.9697555226528413,1
23,159,1,0.9701843367299603,1
23,160,1,0.9749386904745573,1
23,161,1,0.98892592862945,1
23,162,1,0.9896126339067941,1
23,163,1,0.9933115321901707,1
23,164,1,0.9951910539417113,1
23,165,1,0.9983497201419599,1
23,166,1,0.9918675503512723,1
23,167,1,0.9985273493847903,1
23,168,0,0.999123745417533,1
31,1,0,0.0019003785278949223,0
31,2,0,0.0001277049222311693,0
31,3,0,0.00014589223353722252,0
31,4,0,0.001050170747552398,0
31,5,0,0.0014728795295534146,0
31,6,0,0.00090661559755725,0
31,7,0,0.0003953589671291181,0
31,8,0,0.00017122453711015232,0
31,9,0,0.00023136681610411728,0
31,10,0,0.0003758903611633136,0
31,11,0,0.0001811879972814285,0
31,12,0,0.0001357174645454304,0
31,13,0,0.0002145577385081274,0
31,14,0,0.0001887347772549058,0
31,15,0,9.665068816669552e-05,0
31,16,0,0.00013265203531591697,0
31,17,0,0.0001775367681833201,0
31,18,0,8.84947941136276e-05,0
31,19,0,0.00014642060234059382,0
31,20,0,0.00015146157498375923,0
31,21,0,0.00010671248232991363,0
31,22,0,0.000154612528788924,0
31,23,0,0.0002384504766621518,0
31,24,0,4.8533245706497037e-05,0
31,25,0,6.142677012079657e-05,0
31,26,0,6.579244995471078e-05,0
31,27,0,2.573625489203622e-05,0
31,28,0,5.907440164710391e-05,0
31,29,0,1.1642479477489828e-05,0
31,30,0,2.5882608173635947e-06,0
31,31,0,3.824181734751038e-06,0
31,32,0,2.0543247961803864e-06,0
31,33,0,4.994522061271186e-07,0
31,34,0,1.968371304190222e-07,0
31,35,0,1.2104432036522293e-06,0
31,36,0,3.222375494435218e-06,0
31,37,0,1.1409676133294843e-06,0
31,38,0,4.3989234111919265e-06,0
31,39,0,9.3868149691779e-06,0
31,40,0,2.012312208535685e-06,0
31,41,0,2.2985482158906449e-07,0
31,42,0,6.902786041140399e-08,0
31,43,0,2.471474296189688e-08,0
31,44,0,8.902536199027172e-08,0
31,45,0,4.52983472779298e-08,0
31,46,0,1.0547848328037168e-07,0
31,47,0,3.0546325345614174e-08,0
31,48,0,2.6351095056034504e-08,0
31,49,0,2.3622377455358185e-08,0
31,50,0,1.2582681519389097e-07,0
31,51,0,1.2820512775179628e-07,0
31,52,0,1.6539642786275448e-07,0
31,53,0,9.477392035379759e-07,0
31,54,0,1.3065545668109481e-06,0
31,55,0,4.274528441886883e-07,0
31,56,0,2.0161302561028613e-06,0
31,57,0,4.440619190576941e-06,0
31,58,0,2.7863861475265995e-06,0
31,59,0,2.334847037793828e-06,0
31,60,0,1.1158674330697688e-05,0
31,61,0,6.833850452057358e-07,0
31,62,0,2.647187887653252e-07,0
31,63,0,1.5742040075094342e-07,0
31,64,0,5.052153535374219e-08,0
31,65,0,7.168680017984958e-08,0
31,66,0,1.8514260425592886e-07,0
31,67,0,7.839432421080892e-07,0
31,68,0,3.3102834552507053e-07,0
31,69,0,5.471229929943909e-07,0
31,70,0,4.0306264701699945e-07,0
31,71,0,6.228804741397303e-07,0
31,72,0,6.512344256102821e-07,0
31,73,0,2.1203664673283054e-06,0
31,74,0,2.8753085509564247e-05,0
31,75,0,0.00010882936731716163,0
31,76,0,4.337092949385633e-05,0
31,77,0,4.970631217645379e-05,0
31,78,0,0.0001265869636106021,0
31,79,0,5.827341417327368e-05,0
31,80,0,0.000143491803321396,0
31,81,0,6.691703275567894e-05,0
31,82,0,5.453390759238267e-06,0
31,83,0,5.453145128402408e-06,0
31,84,0,3.542272378335704e-06,0
31,85,0,3.1925365824705774e-07,0
31,86,0,7.509637451371346e-07,0
31,87,0,6.517130177544391e-07,0
31,88,0,3.147933997943309e-06,0
31,89,0,2.068628443918328e-06,0
31,90,0,4.476888017516651e-06,0
31,91,0,4.396650558925833e-06,0
31,92,0,2.939636058232081e-05,0
31,93,0,3.0522160125904313e-05,0
31,94,0,0.00011001431910153265,0
31,95,0,0.00016726031735594024,0
31,96,0,0.00022328426278468176,0
31,97,0,0.00015470766654082427,0
31,98,0,6.692456295940683e-05,0
31,99,0,0.0002608429213852125,0
31,100,0,0.00011227666815108555,0
31,101,0,1.00640148765734e-05,0
31,102,0,7.383425896602412e-06,0
31,103,0,6.771804906073534e-06,0
31,104,0,6.401839900524728e-06,0
31,105,0,1.2842789529496543e-05,0
31,106,0,2.731658734658988e-07,0
31,107,0,6.789043221626835e-07,0
31,108,0,2.404112440571652e-06,0
31,109,0,2.599840967680435e-06,0
31,110,0,3.998230802487568e-06,0
31,111,0,4.882085528066217e-05,0
31,112,0,3.3611635677068276e-05,0
31,113,0,5.892683809582145e-06,0
31,114,0,4.413420776607671e-06,0
31,115,0,0.00010658177697305763,0
31,116,0,0.00010631579448245758,0
31,117,0,0.00015213026874453685,0
31,118,0,0.0007692591227041726,0
31,119,0,0.00026070798278264205,0
31,120,0,0.0002686209853952012,0
31,121,0,0.0004513027293037981,0
31,122,0,0.00012027457424732843,0
31,123,0,4.951205742062428e-05,0
31,124,0,3.84771677292357e-05,0
31,125,0,1.787604894308619e-05,0
31,126,0,1.661740807121614e-05,0
31,127,0,3.9853414821029e-05,0
31,128,0,1.7679668653876484e-05,0
31,129,0,2.1090668320830052e-06,0
31,130,0,3.7739720417838974e-07,0
31,131,0,2.41607709314804e-07,0
31,132,0,2.572379552667961e-07,0
31,133,0,3.1100998519439345e-07,0
31,134,0,6.241606299895496e-07,0
31,135,0,2.2479107816900927e-06,0
31,136,0,3.1050738773049345e-06,0
31,137,0,3.0280082732895823e-06,0
31,138,0,5.09000555483214e-06,0
31,139,0,1.5185964171150788e-05,0
31,140,0,0.0009004107557028512,0
31,141,0,0.00021903090638850136,0
31,142,0,0.0007176738899245344,0
31,143,0,0.001073387536777986,0
31,144,0,0.0012607275240077947,0
31,145,0,0.004147784869184233,0
31,146,0,0.0022350189392218215,0
31,147,0,0.0068763682563722315,0
31,148,0,0.00420633755758473,0
31,149,0,0.0017865442977621992,0
31,150,0,0.0006339643876563459,0
31,151,0,0.00011311459542742288,0
31,152,0,4.447511356674547e-05,0
31,153,0,9.96150942651614e-05,0
31,154,0,0.00013017602425845703,0
31,155,0,0.0003158366827115663,0
31,156,0,0.00024298301280758716,0
31,157,0,0.00014095911256454998,0
31,158,0,0.00020223351951298183,0
31,159,0,0.00039760249360905824,0
31,160,0,0.0004857897592095585,0
31,161,0,0.0029973407594998456,0
31,162,0,0.0011811133928708321,0
31,163,0,0.0013694587530876615,0
31,164,0,0.0005075069890859584,0
31,165,0,0.000890783418191099,0
31,166,0,0.0015709911236022782,0
31,167,0,0.005084757848564315,0
31,168,0,0.002915708196836577,0
31,169,0,0.004557073444195112,0
31,170,0,0.011173213586434536,0
31,171,0,0.0021269822134334817,0
31,172,0,0.010510166814164579,0
31,173,0,0.025436316076829772,0
31,174,0,0.008680520112621496,0
31,175,0,0.022403431937921256,0
31,176,0,0.019556723319190738,0
31,177,0,0.009773059390215028,0
31,178,0,0.007747596041577544,0
31,179,0,0.033000845192277826,0
31,180,0,0.022936919797621552,0
31,181,0,0.015579793622633249,0
31,182,0,0.02433617743709302,0
31,183,0,0.011352982004523468,0
31,184,0,0.019680446244476943,0
31,185,0,0.0837054964069391,0
31,186,0,0.027635969901202852,0
31,187,0,0.025789796171125243,0
31,188,0,0.04996716241716457,0
31,189,0,0.019873456107473635,0
31,190,0,0.07386691627540723,0
31,191,0,0.049143362618376395,0
31,192,0,0.036235679521083045,0
31,193,0,0.01761097532324343,0
31,194,0,0.02883333821433415,0
31,195,0,0.021736205824737037,0
31,196,0,0.09421468049461411,0
31,197,0,0.11272482733699916,0
31,198,0,0.08045908201933914,0
31,199,0,0.24313989241403336,0
31,200,0,0.16723483131490827,0
31,201,0,0.27642014502096396,0
31,202,0,0.3074691884932539,0
31,203,0,0.463951953204596,0
31,204,1,0.4996406647500662,0
31,205,1,0.4597670588160694,0
31,206,1,0.6551285541390582,1
31,207,1,0.4498894059176835,0
31,208,1,0.5403201232416448,1
31,209,1,0.36519656923494404,0
31,210,1,0.47866007668757493,0
31,211,1,0.6826872634660764,1
31,212,1,0.8740642827927447,1
31,213,1,0.8954963595317563,1
31,214,1,0.9481400491999458,1
31,215,1,0.9445109851946548,1
31,216,1,0.9121388411687226,1
31,217,1,0.9675242155631212,1
31,218,1,0.9776342368801862,1
31,219,1,0.9764105647449882,1
31,220,1,0.9775614878519688,1
31,221,1,0.9881828102328486,1
31,222,1,0.9875658161077884,1
31,223,1,0.970607676367052,1
31,224,1,0.972819924690113,1
31,225,1,0.9885420667552316,1
31,226,1,0.9738578145165714,1
31,227,1,0.9939077814794182,1
31,228,1,0.9985841330090991,1
31,229,1,0.998147668863732,1
31,230,1,0.9971998980454521,1
31,231,1,0.9989642280746261,1
31,232,1,0.9997216997777545,1
31,233,1,0.9998159793961512,1
31,234,0,0.9999428902215242,1
32,1,0,0.18752786702266364,0
32,2,0,0.00740375706434654,0
32,3,0,0.002875075256530153,0
32,4,0,0.0011236983203087865,0
32,5,0,0.0038248884721950416,0
32,6,0,0.003947645090619563,0
32,7,0,0.0029238215953895728,0
32,8,0,0.00811978043280781,0
32,9,0,0.008032343540115085,0
32,10,0,0.01719674312593335,0
32,11,0,0.007857106935530524,0
32,12,0,0.002904636637548379,0
32,13,0,0.004078847342235652,0
32,14,0,0.004804778717559408,0
32,15,0,0.005410458972769388,0
32,16,0,0.0038844139329359405,0
32,17,0,0.008533820000196186,0
32,18,0,0.0031264179527434556,0
32,19,0,0.0021027507067894417,0
32,20,0,0.0005735963759166038,0
32,21,0,0.0011504924633525876,0
32,22,0,0.0006320177348082628,0
32,23,0,0.001055208607891922,0
32,24,0,0.0002740889907556683,0
32,25,0,0.0004884373353561423,0
32,26,0,0.0009434364203880933,0
32,27,0,0.0006262819855909101,0
32,28,0,0.0005369962755117554,0
32,29,0,0.0005103381469623381,0
32,30,0,0.0017539006415027531,0
32,31,0,0.0018169093664488275,0
32,32,0,0.004249521303374502,0
32,33,0,0.00440905481153115,0
32,34,0,0.005787162857679094,0
32,35,0,0.005617089381472787,0
32,36,0,0.002820471392102159,0
32,37,0,0.0016796781428134301,0
32,38,0,0.0035870221038816976,0
32,39,0,0.004177722122843693,0
32,40,0,0.010348314645188284,0
32,41,0,0.022587643571148265,0
32,42,0,0.09133426113631497,0
32,43,0,0.02488169097509747,0
32,44,0,0.0211477027896743,0
32,45,0,0.009791366302309132,0
32,46,0,0.009826203385759123,0
32,47,0,0.004289524833544645,0
32,48,0,0.001466920449918764,0
32,49,0,0.004196662762208606,0
32,50,0,0.0021596974700773238,0
32,51,0,0.0021692890586486433,0
32,52,0,0.002174472992248378,0
32,53,0,0.0048047218083418575,0
32,54,0,0.0029242436467509054,0
32,55,0,0.0029652542818615992,0
32,56,0,0.003773542331026606,0
32,57,0,0.007360462713143654,0
32,58,0,0.02765667898598137,0
32,59,0,0.022274019727165893,0
32,60,0,0.02354585638343197,0
32,61,0,0.031755784603981936,0
32,62,0,0.019869331693548584,0
32,63,0,0.01923636011246292,0
32,64,0,0.010269927949345949,0
32,65,0,0.007678917810998807,0
32,66,0,0.008347154826636664,0
32,67,0,0.009403972713494196,0
32,68,0,0.0070113446548266635,0
32,69,0,0.006266305872184153,0
32,70,0,0.003001103135773843,0
32,71,0,0.003930527978725272,0
32,72,0,0.0036248477909879696,0
32,73,0,0.0012712441271328148,0
32,74,0,0.001064038587195275,0
32,75,0,0.0009139036521314186,0
32,76,0,0.0006703530659149626,0
32,77,0,0.000396104195875291,0
32,78,0,0.0003662258084228609,0
32,79,0,0.001733079503365181,0
32,80,0,0.001633640797789092,0
32,81,0,0.001325984461560354,0
32,82,0,0.0025866876715913488,0
32,83,0,0.005010442972510123,0
32,84,0,0.0014721642329496663,0
32,85,0,0.002651442795899765,0
32,86,0,0.004675034467079308,0
32,87,0,0.001403744259314472,0
32,88,0,0.004950911738385059,0
32,89,0,0.0028218091860785725,0
32,90,0,0.0012345628488665118,0
32,91,0,0.0015452569049737022,0
32,92,0,0.0010348748581467972,0
32,93,0,0.0011840148165381612,0
32,94,0,0.00133660155121281,0
32,95,0,0.002377293159660492,0
32,96,0,0.002562242945356602,0
32,97,0,0.0016397998195273643,0
32,98,0,0.0010022604880525752,0
32,99,0,0.0013161785558778274,0
32,100,0,0.011396722882714679,0
32,101,0,0.014281781472141432,0
32,102,0,0.024619956604636617,0
32,103,0,0.02774017223243465,0
32,104,0,0.023726193736720063,0
32,105,0,0.02837545745653116,0
32,106,0,0.016165086283486448,0
32,107,0,0.00818885329671213,0
32,108,0,0.004294648632891053,0
32,109,0,0.0054840425687452165,0
32,110,0,0.002477878326000663,0
32,111,0,0.0035270364295865594,0
32,112,0,0.0024989759628368333,0
32,113,0,0.00417326793519664,0
32,114,0,0.003373706589853469,0
32,115,0,0.005728135216151452,0
32,116,0,0.007399056245907032,0
32,117,0,0.008525264279266937,0
32,118,0,0.020232352196115917,0
32,119,0,0.025774137058396873,0
32,120,0,0.03390247091746906,0
32,121,0,0.01818189051078988,0
32,122,0,0.018327575143633014,0
32,123,0,0.013176945495831581,0
32,124,0,0.021570990006492118,0
32,125,0,0.010686783980857461,0
32,126,0,0.006193672040094682,0
32,127,0,0.005827088723653407,0
32,128,0,0.004817892606749511,0
32,129,0,0.004866885930346961,0
32,130,0,0.0030302400084023942,0
32,131,0,0.010826555802950538,0
32,132,0,0.017549580370301368,0
32,133,0,0.005500636612591255,0
32,134,0,0.02206719307487237,0
32,135,0,0.028440718433966575,0
32,136,0,0.0128857533072118,0
32,137,0,0.0055594544814175865,0
32,138,0,0.012737320206408897,0
32,139,0,0.012710623810739853,0
32,140,0,0.01193530966411641,0
32,141,0,0.02831455437148069,0
32,142,0,0.039997894911743416,0
32,143,0,0.04427536288237844,0
32,144,0,0.08437323813671488,0
32,145,0,0.14747435360111386,0
32,146,0,0.14326417727615962,0
32,147,0,0.1544936567224668,0
32,148,0,0.11222443920612739,0
32,149,0,0.10833928147116051,0
32,150,0,0.1235883014544266,0
32,151,0,0.13756421647133907,0
32,152,0,0.10755415745468588,0
32,153,0,0.09025383094331514,0
32,154,0,0.17408203943224493,0
32,155,0,0.07855348578513094,0
32,156,0,0.15508960840409652,0
32,157,0,0.1405639627053539,0
32,158,0,0.17024256726567005,0
32,159,0,0.4741231840947814,0
32,160,0,0.31049703032113396,0
32,161,1,0.5641588834196047,1
32,162,1,0.359914601472521,0
32,163,1,0.27539534790977666,0
32,164,1,0.2919867801299731,0
32,165,1,0.27755626291872865,0
32,166,1,0.37066679377962186,0
32,167,1,0.6515022496708359,1
32,168,1,0.6447349099179812,1
32,169,1,0.6991857353483218,1
32,170,1,0.8271050101210986,1
32,171,1,0.7184799917864649,1
32,172,1,0.8267017415612752,1
32,173,1,0.9723746456391918,1
32,174,1,0.9644127320045374,1
32,175,1,0.9035229256400736,1
32,176,1,0.964040219927421,1
32,177,1,0.9906173695493818,1
32,178,1,0.988864523320875,1
32,179,1,0.9821484689152601,1
32,180,1,0.9662215878274859,1
32,181,1,0.9892514469965614,1
32,182,1,0.9783411134851727,1
32,183,1,0.9439465105982476,1
32,184,1,0.965511643752427,1
32,185,1,0.9731059498836923,1
32,186,1,0.9865940441351841,1
32,187,1,0.9766663613629701,1
32,188,1,0.9590221340619893,1
32,189,1,0.990707806262577,1
32,190,1,0.9928547520724822,1
32,191,0,0.9890982677904966,1
34,1,0,0.026591443426246406,0
34,2,0,1.6460223924914944e-06,0
34,3,0,3.9496293013318784e-05,0
34,4,0,2.5637010382479217e-05,0
34,5,0,3.0289468058042805e-05,0
34,6,0,0.00010188359936640804,0
34,7,0,0.0006501626497906046,0
34,8,0,0.0005335697260704211,0
34,9,0,0.0014202216451011096,0
34,10,0,0.0006321120675341185,0
34,11,0,0.0016108693932551906,0
34,12,0,0.002449814038104161,0
34,13,0,0.0009576433832443434,0
34,14,0,0.0016728694590609353,0
34,15,0,0.0005001199261509963,0
34,16,0,0.0012087640520970714,0
34,17,0,0.0017971903093611406,0
34,18,0,0.00126405884033438,0
34,19,0,0.004227617129100232,0
34,20,0,0.006122840002710752,0
34,21,0,0.0031927149006446983,0
34,22,0,0.000726269982576719,0
34,23,0,0.0005178707117707315,0
34,24,0,0.00032687766437161636,0
34,25,0,6.272545950662029e-05,0
34,26,0,3.329222432190702e-05,0
34,27,0,0.00020917594935332827,0
34,28,0,0.00017362561522456252,0
34,29,0,0.0006389309882644411,0
34,30,0,0.0009587823367181904,0
34,31,0,0.0010822782710701061,0
34,32,0,0.004537729506760105,0
34,33,0,0.0021553896619095126,0
34,34,0,0.0047792636396455455,0
34,35,0,0.003234757307639062,0
34,36,0,0.004061701432964647,0
34,37,0,0.0009266883061932966,0
34,38,0,0.0023747105118467524,0
34,39,0,0.0010138613669468024,0
34,40,0,0.002882001090282829,0
34,41,0,0.00020347348232174227,0
34,42,0,0.000165117343218814,0
34,43,0,8.465493895312586e-05,0
34,44,0,4.4661886355014705e-05,0
34,45,0,8.941522123368588e-05,0
34,46,0,7.245705039052224e-05,0
34,47,0,0.00016742021683648637,0
34,48,0,0.00015156503925100738,0
34,49,0,1.6773423439626146e-05,0
34,50,0,1.8118001632304008e-05,0
34,51,0,1.6110924016194312e-05,0
34,52,0,2.303400187872108e-05,0
34,53,0,1.67347783675782e-05,0
34,54,0,9.87875323105721e-05,0
34,55,0,0.00039635810013073376,0
34,56,0,7.256819594323728e-05,0
34,57,0,4.479091083581278e-05,0
34,58,0,9.656072654621923e-05,0
34,59,0,0.0007000752349068311,0
34,60,0,0.0015086910304527505,0
34,61,0,0.005040752456687673,0
34,62,0,0.005441392446085393,0
34,63,0,0.013198094489645946,0
34,64,0,0.0033053961634176197,0
34,65,0,0.0019897708678400204,0
34,66,0,0.0017021767376681585,0
34,67,0,0.007306158568373702,0
34,68,0,0.012447425758180608,0
34,69,0,0.0036121066264334033,0
34,70,0,0.00446176012727404,0
34,71,0,0.002875803593912124,0
34,72,0,0.0036996120869960906,0
34,73,0,0.0007418470234630592,0
34,74,0,0.0006768888451103007,0
34,75,0,0.0009467894358543837,0
34,76,0,0.00025699183314410664,0
34,77,0,9.474492190815684e-05,0
34,78,0,0.00010640803583274977,0
34,79,0,0.0003935317375182824,0
34,80,0,0.0006667135410077091,0
34,81,0,0.001133592354042998,0
34,82,0,0.001198860637904736,0
34,83,0,0.0042729634069273706,0
34,84,0,0.0023455023032055737,0
34,85,0,0.0022112538978733454,0
34,86,0,0.002205348850762578,0
34,87,0,0.0029118272347115237,0
34,88,0,0.0022442989455054474,0
34,89,0,0.001112561896536996,0
34,90,0,0.0012533552179950283,0
34,91,0,0.0007272721693407022,0
34,92,0,0.0004157905533673604,0
34,93,0,0.0008493261898838234,0
34,94,0,0.0007692146380461111,0
34,95,0,0.0007252599081857807,0
34,96,0,0.0006742212148419012,0
34,97,0,0.0011546217390883292,0
34,98,0,0.0009921784307087285,0
34,99,0,0.0008384549148208068,0
34,100,0,0.0012971067683804466,0
34,101,0,0.0006535117531397696,0
34,102,0,0.0016584758701210925,0
34,103,0,0.0004069810709221893,0
34,104,0,0.0013866919729367928,0
34,105,0,0.001488794341123392,0
34,106,0,0.006997561599644667,0
34,107,0,0.002770786004315713,0
34,108,0,0.000709213907445131,0
34,109,0,0.0010587387567921119,0
34,110,0,0.0005116313028135558,0
34,111,0,0.0020608441049427047,0
34,112,0,0.000681724758671269,0
34,113,0,0.0011759120855631582,0
34,114,0,0.0014868345683685836,0
34,115,0,0.0017530989008097823,0
34,116,0,0.0005780929753671098,0
34,117,0,0.00029708669822792855,0
34,118,0,0.0008914440830201167,0
34,119,0,0.0005941257728931437,0
34,120,0,0.0009648991545767029,0
34,121,0,0.0008278888329959141,0
34,122,0,0.0006804702971158511,0
34,123,0,0.0009758730066094285,0
34,124,0,0.00167424058468137,0
34,125,0,0.0012125203698796245,0
34,126,0,0.0014551876643831509,0
34,127,0,0.003747099751260938,0
34,128,0,0.0015817474857660798,0
34,129,0,0.005784941740125506,0
34,130,0,0.005090521268503842,0
34,131,0,0.005238914508053383,0
34,132,0,0.011171869926275602,0
34,133,0,0.014787686306848971,0
34,134,0,0.008889664889611609,0
34,135,0,0.01652669204366584,0
34,136,0,0.02188757537245328,0
34,137,0,0.018059787952154606,0
34,138,0,0.01724681701529073,0
34,139,0,0.016385818505949373,0
34,140,0,0.008660881346259182,0
34,141,0,0.007949814581016304,0
34,142,0,0.0093054385790544,0
34,143,0,0.011652126163874068,0
34,144,0,0.05306197992838087,0
34,145,0,0.026537902641149847,0
34,146,0,0.006021116838015641,0
34,147,0,0.011125284405143196,0
34,148,0,0.02235397257514222,0
34,149,0,0.016389990046999512,0
34,150,0,0.024570428920267225,0
34,151,0,0.13344327115754537,0
34,152,0,0.22246685504727967,0
34,153,0,0.1443835700717748,0
34,154,0,0.15281199032028378,0
34,155,0,0.25426690569900157,0
34,156,0,0.2841915519787609,0
34,157,0,0.21604612667419126,0
34,158,0,0.14163225633769255,0
34,159,0,0.2312531334890183,0
34,160,0,0.33956689483609176,0
34,161,0,0.20334439503485907,0
34,162,0,0.451020852329183,0
34,163,0,0.42858681637325546,0
34,164,0,0.6061645600408986,1
34,165,1,0.6455127794397381,1
34,166,1,0.7735709826876396,1
34,167,1,0.7738800402391516,1
34,168,1,0.8045846796528909,1
34,169,1,0.8413305097252161,1
34,170,1,0.6468342987322104,1
34,171,1,0.5622291099307076,1
34,172,1,0.3625929530873449,0
34,173,1,0.705113703349498,1
34,174,1,0.7959802726239019,1
34,175,1,0.8345372617507384,1
34,176,1,0.4858142829741582,0
34,177,1,0.2573924916240432,0
34,178,1,0.623840616155564,1
34,179,1,0.8725456492429152,1
34,180,1,0.8838145946275687,1
34,181,1,0.9611544091502194,1
34,182,1,0.9901141795793648,1
34,183,1,0.9689756439677643,1
34,184,1,0.9920623210709206,1
34,185,1,0.9928045034996517,1
34,186,1,0.998276046720324,1
34,187,1,0.9979054559681562,1
34,188,1,0.9990569675053677,1
34,189,1,0.9997303723617755,1
34,190,1,0.9999055380514916,1
34,191,1,0.9998841864837194,1
34,192,1,0.9999174575508701,1
34,193,1,0.9998021238723871,1
34,194,1,0.9996869944413055,1
34,195,0,0.9999055418462012,1
40,1,0,0.21707342303770777,0
40,2,0,0.00607797885620474,0
40,3,0,0.001147255668722052,0
40,4,0,0.000806558924508322,0
40,5,0,0.0014302705921849564,0
40,6,0,0.0008834870956598538,0
40,7,0,0.0013175590840162656,0
40,8,0,0.0032122640850342833,0
40,9,0,0.0024104118896525087,0
40,10,0,0.0032541239455881783,0
40,11,0,0.005186703636692824,0
40,12,0,0.0037704545548134572,0
40,13,0,0.0018719525163800456,0
40,14,0,0.0010251191908906068,0
40,15,0,0.005129058321788252,0
40,16,0,0.008474178832690263,0
40,17,0,0.021106280287977543,0
40,18,0,0.011817932771718385,0
40,19,0,0.010368270741821348,0
40,20,0,0.010902733245688735,0
40,21,0,0.002409136737169153,0
40,22,0,0.003438392868105304,0
40,23,0,0.0077479322713899295,0
40,24,0,0.009476016705358713,0
40,25,0,0.006745149289294345,0
40,26,0,0.00856966647645314,0
40,27,0,0.024122481462655106,0
40,28,0,0.028558130695126503,0
40,29,0,0.021152379025216807,0
40,30,0,0.029120145144039208,0
40,31,0,0.03622084326603313,0
40,32,0,0.04571563642705788,0
40,33,0,0.04319881242870254,0
40,34,0,0.03863974821684231,0
40,35,0,0.026653526708168656,0
40,36,0,0.03287175379395373,0
40,37,0,0.01020158139645172,0
40,38,0,0.016819663165166258,0
40,39,0,0.005637036828562986,0
40,40,0,0.009533982812258672,0
40,41,0,0.006412680699008013,0
40,42,0,0.004517504924150729,0
40,43,0,0.003468802858137984,0
40,44,0,0.015366721873868658,0
40,45,0,0.022550290734388415,0
40,46,0,0.011721858160731157,0
40,47,0,0.024107515924344045,0
40,48,0,0.057381103273941636,0
40,49,0,0.03045055862361892,0
40,50,0,0.00890679429474587,0
40,51,0,0.00935243535361224,0
40,52,0,0.004748957300568657,0
40,53,0,0.004130862392422464,0
40,54,0,0.004119068946634175,0
40,55,0,0.008353702548121044,0
40,56,0,0.0025764491699802063,0
40,57,0,0.0012847835284731826,0
40,58,0,0.002038536947867503,0
40,59,0,0.0010978191051095538,0
40,60,0,0.0007781375128726725,0
40,61,0,0.0009801403450273585,0
40,62,0,0.0011290518576347903,0
40,63,0,0.0019609601958492416,0
40,64,0,0.0015064572607117578,0
40,65,0,0.0015516331842684663,0
40,66,0,0.002389338717679517,0
40,67,0,0.0006260789405415796,0
40,68,0,0.0018874338036092854,0
40,69,0,0.0014312594103838086,0
40,70,0,0.001897836466397818,0
40,71,0,0.0017896530562303207,0
40,72,0,0.0027473206163488484,0
40,73,0,0.008961434894826478,0
40,74,0,0.01617658702822651,0
40,75,0,0.014167425382726967,0
40,76,0,0.035090335582932126,0
40,77,0,0.11402720628007355,0
40,78,0,0.03440001826811312,0
40,79,0,0.008006375551667671,0
40,80,0,0.005037509234146824,0
40,81,0,0.015876528117751722,0
40,82,0,0.013478711485933744,0
40,83,0,0.012146038984012592,0
40,84,0,0.0183673516092623,0
40,85,0,0.01527889213709742,0
40,86,0,0.013609527495522087,0
40,87,0,0.011926884917473032,0
40,88,0,0.00837839312747944,0
40,89,0,0.015660269296606542,0
40,90,0,0.018139342232782026,0
40,91,0,0.020631070535240336,0
40,92,0,0.006700169183674724,0
40,93,0,0.012757468681151693,0
40,94,0,0.005074888911607661,0
40,95,0,0.009655487632662102,0
40,96,0,0.01735076722924033,0
40,97,0,0.03229410064163892,0
40,98,0,0.048113978147599566,0
40,99,0,0.06303006289049237,0
40,100,0,0.08892742177167454,0
40,101,0,0.017287675909341656,0
40,102,0,0.049166837623891145,0
40,103,0,0.010716748834438634,0
40,104,0,0.029229833772734862,0
40,105,0,0.017753485675898517,0
40,106,0,0.016007373598878844,0
40,107,0,0.00898594947805013,0
40,108,0,0.00718632952018975,0
40,109,0,0.007895466309379326,0
40,110,0,0.0035300884062882177,0
40,111,0,0.0024047516478287855,0
40,112,0,0.002559852556817216,0
40,113,0,0.0025128288763098137,0
40,114,0,0.0021006496197643124,0
40,115,0,0.001531791064045363,0
40,116,0,0.003422106049401779,0
40,117,0,0.0020164406076951364,0
40,118,0,0.005156578050752758,0
40,119,0,0.006722570081073816,0
40,120,0,0.017654030542918024,0
40,121,0,0.00675015831651371,0
40,122,0,0.01759992135201306,0
40,123,0,0.05097997157758169,0
40,124,0,0.041192097301862476,0
40,125,0,0.06038840447097744,0
40,126,0,0.07634555159488207,0
40,127,0,0.029303974538428288,0
40,128,0,0.017936105980813476,0
40,129,0,0.015056380066601809,0
40,130,0,0.007070826305247386,0
40,131,0,0.004950632433783357,0
40,132,0,0.013112573814991573,0
40,133,0,0.062050974523349574,0
40,134,0,0.029487119032946395,0
40,135,0,0.03707930476553586,0
40,136,0,0.032861505855330216,0
40,137,0,0.0106991046707025,0
40,138,0,0.01250222465759692,0
40,139,0,0.011560576146135839,0
40,140,0,0.037474366386465556,0
40,141,0,0.05173380266183092,0
40,142,0,0.07610388284882681,0
40,143,0,0.03125914837366519,0
40,144,0,0.09057016080662632,0
40,145,0,0.06283407321049662,0
40,146,0,0.043801897640049756,0
40,147,0,0.018052096949358904,0
40,148,0,0.02000483219725475,0
40,149,0,0.05522850017026626,0
40,150,0,0.05035834110002092,0
40,151,0,0.08196852196341142,0
40,152,0,0.1604620736142872,0
40,153,0,0.26319002594980045,0
40,154,0,0.3233861298985762,0
40,155,0,0.46619570998285403,0
40,156,0,0.684750070302218,1
40,157,0,0.7660100572548117,1
40,158,1,0.5647122005391515,1
40,159,1,0.6311772186276842,1
40,160,1,0.6481631020010907,1
40,161,1,0.7873266315732433,1
40,162,1,0.7976574940458558,1
40,163,1,0.7887836190157052,1
40,164,1,0.7522533850348149,1
40,165,1,0.8544277898663609,1
40,166,1,0.637091347647788,1
40,167,1,0.6919574141090239,1
40,168,1,0.7342898365049043,1
40,169,1,0.902547691693698,1
40,170,1,0.7616151252990174,1
40,171,1,0.7582072486422986,1
40,172,1,0.9546006898129257,1
40,173,1,0.9458296243985342,1
40,174,1,0.9548142542708138,1
40,175,1,0.9762643632558694,1
40,176,1,0.9850791969656613,1
40,177,1,0.9895232268319951,1
40,178,1,0.987951329283986,1
40,179,1,0.9813970483153621,1
40,180,1,0.9870918296756032,1
40,181,1,0.9909331060767782,1
40,182,1,0.9975272389105908,1
40,183,1,0.9963830141359398,1
40,184,1,0.9948355406977711,1
40,185,1,0.9976687735629421,1
40,186,1,0.9987456565785687,1
40,187,1,0.9977185233996222,1
40,188,0,0.9989920828845261,1
45,1,0,0.0010348747641171338,0
45,2,0,1.7903319206565322e-05,0
45,3,0,2.22032601620674e-05,0
45,4,0,9.025039206295584e-05,0
45,5,0,2.6871724419406634e-05,0
45,6,0,1.3631229587415789e-05,0
45,7,0,2.0188083268009584e-05,0
45,8,0,7.839518413462547e-05,0
45,9,0,5.830573566738946e-06,0
45,10,0,1.7962574148140588e-06,0
45,11,0,3.14430468492669e-06,0
45,12,0,1.868052928473147e-06,0
45,13,0,1.561381834795091e-06,0
45,14,0,5.904335382558073e-07,0
45,15,0,3.4144013779059514e-06,0
45,16,0,4.276520228876491e-06,0
45,17,0,4.955641267754963e-07,0
45,18,0,1.4350168162840024e-06,0
45,19,0,4.0838554442240696e-06,0
45,20,0,3.394611520768353e-06,0
45,21,0,3.871274124617622e-06,0
45,22,0,3.968769307535382e-07,0
45,23,0,4.2316601849717806e-07,0
45,24,0,1.028536476667891e-06,0
45,25,0,1.5553274565855164e-06,0
45,26,0,2.020887700336312e-06,0
45,27,0,4.546985071464254e-06,0
45,28,0,3.9430988178262936e-07,0
45,29,0,3.631270971013759e-07,0
45,30,0,1.4993731125539973e-06,0
45,31,0,5.406386923751016e-06,0
45,32,0,1.1209591875120349e-05,0
45,33,0,2.3263150342514812e-05,0
45,34,0,1.838137738757693e-05,0
45,35,0,2.244608654297974e-05,0
45,36,0,2.4108840839375046e-05,0
45,37,0,0.0010184379340035822,0
45,38,0,0.0008934076724374351,0
45,39,0,0.001405107559961981,0
45,40,0,0.0005769138527681188,0
45,41,0,0.0005277340576511734,0
45,42,0,0.00026591745729713674,0
45,43,0,0.00010753069523613354,0
45,44,0,0.0002210252865551102,0
45,45,0,0.00022331151979921942,0
45,46,0,0.0001788000542657342,0
45,47,0,0.00016729322939244658,0
45,48,0,0.00012273843525449098,0
45,49,0,0.00018994823806996351,0
45,50,0,0.0002858167856175048,0
45,51,0,0.0009476762200058393,0
45,52,0,0.0005941094601613605,0
45,53,0,0.0007384545468690643,0
45,54,0,0.00047851483679890136,0
45,55,0,0.0005068496140358893,0
45,56,0,0.00010443795634499524,0
45,57,0,0.00019004201327008424,0
45,58,0,0.0002931434040938306,0
45,59,0,0.00020181194903046406,0
45,60,0,0.00014822273285304774,0
45,61,0,0.000664730104221408,0
45,62,0,0.00037682475953705505,0
45,63,0,0.00019863635963251217,0
45,64,0,0.0004580222389646954,0
45,65,0,0.00039356890121359286,0
45,66,0,0.00037885174069813443,0
45,67,0,0.0002741580569736533,0
45,68,0,0.00030688072014490523,0
45,69,0,0.00022479704437653242,0
45,70,0,0.0003742857873051249,0
45,71,0,0.0006473610903664667,0
45,72,0,0.0010912643242483354,0
45,73,0,0.0008493167940527885,0
45,74,0,0.0012477246903277671,0
45,75,0,0.0008494679078778463,0
45,76,0,0.0005893023263420252,0
45,77,0,0.0004686028368018387,0
45,78,0,0.00014774308615726542,0
45,79,0,0.0006974898704210619,0
45,80,0,0.00038719033668433025,0
45,81,0,0.00047591882513870127,0
45,82,0,0.0002722429948587699,0
45,83,0,0.0001700279237391788,0
45,84,0,5.0460353082037154e-05,0
45,85,0,1.0654140837988095e-05,0
45,86,0,2.581490487946936e-05,0
45,87,0,6.469325968236539e-05,0
45,88,0,2.850530127280662e-05,0
45,89,0,3.560841692800016e-05,0
45,90,0,0.00024319185479284753,0
45,91,0,0.000235399454810905,0
45,92,0,0.00014553314856696742,0
45,93,0,0.00016607892857461345,0
45,94,0,0.001632323625851534,0
45,95,0,0.0015294127097318672,0
45,96,0,0.0018906004883482716,0
45,97,0,0.004714395897615366,0
45,98,0,0.003464498275551239,0
45,99,0,0.00666014035078852,0
45,100,0,0.012856105657254837,0
45,101,0,0.016312089286006675,0
45,102,0,0.007595315482698467,0
45,103,0,0.002723633348696318,0
45,104,0,0.0009206688345867051,0
45,105,0,0.0006240946214817434,0
45,106,0,0.0007382076019296323,0
45,107,0,0.00025187400353127854,0
45,108,0,0.002013944870609166,0
45,109,0,0.0017380831702351286,0
45,110,0,0.001883377915355465,0
45,111,0,0.000615531745803605,0
45,112,0,0.0010572619285882912,0
45,113,0,0.00714755427950683,0
45,114,0,0.004768574251308703,0
45,115,0,0.00441779038744412,0
45,116,0,0.015694370686703242,0
45,117,0,0.018052854404158197,0
45,118,0,0.04241193102339314,0
45,119,0,0.039354676408982214,0
45,120,0,0.13744693543884792,0
45,121,0,0.3578599007037836,0
45,122,0,0.5228685722067526,1
45,123,0,0.6519212007339822,1
45,124,0,0.36856774832881906,0
45,125,0,0.5762872021627146,1
45,126,0,0.39239302853806796,0
45,127,0,0.2696041757010516,0
45,128,1,0.375411939141847,0
45,129,1,0.6771316484578899,1
45,130,1,0.8341915101652184,1
45,131,1,0.7706173512110757,1
45,132,1,0.8077353119526312,1
45,133,1,0.7092550468490123,1
45,134,1,0.5944289202979158,1
45,135,1,0.22412625170027345,0
45,136,1,0.33095970663626373,0
45,137,1,0.4993269930998065,0
45,138,1,0.5773613228277106,1
45,139,1,0.48502736806562075,0
45,140,1,0.7003667676689453,1
45,141,1,0.7445025238105664,1
45,142,1,0.708930199447314,1
45,143,1,0.8510051450892977,1
45,144,1,0.8863376168897462,1
45,145,1,0.9225288597747446,1
45,146,1,0.9799238976119881,1
45,147,1,0.9888710700107904,1
45,148,1,0.9968485633085098,1
45,149,1,0.9980235568912603,1
45,150,1,0.9987069867721372,1
45,151,1,0.9986673199427478,1
45,152,1,0.9999479602730094,1
45,153,1,0.9999820581650898,1
45,154,1,0.9999737460625309,1
45,155,1,0.9999940130131562,1
45,156,1,0.9999966087217997,1
45,157,1,0.9999935167224182,1
45,158,0,0.9999890421724416,1
46,1,0,3.5300434369650465e-12,0
46,2,0,1.1689222881257967e-11,0
46,3,0,5.082641879568939e-10,0
46,4,0,5.243842791834475e-08,0
46,5,0,9.997121717386632e-08,0
46,6,0,8.636165434452674e-08,0
46,7,0,2.254210595438011e-07,0
46,8,0,5.577303411983487e-07,0
46,9,0,3.19642588794934e-07,0
46,10,0,1.3855875594944443e-06,0
46,11,0,5.608178940055235e-06,0
46,12,0,8.552902258253006e-06,0
46,13,0,1.6350862782976988e-05,0
46,14,0,1.2789658193508164e-05,0
46,15,0,1.968995230307073e-05,0
46,16,0,0.00020088588805438793,0
46,17,0,0.00010705560240792354,0
46,18,0,0.00014980915331421223,0
46,19,0,0.00014496913480355553,0
46,20,0,9.631548959386479e-05,0
46,21,0,0.00010026611630253286,0
46,22,0,1.2981913975650032e-05,0
46,23,0,9.110214422529607e-07,0
46,24,0,1.875643454564295e-06,0
46,25,0,3.647342826928889e-06,0
46,26,0,1.990536061401691e-06,0
46,27,0,3.3157910261200463e-07,0
46,28,0,2.595534597940679e-07,0
46,29,0,2.5487621887302845e-07,0
46,30,0,5.486311931644465e-07,0
46,31,0,1.292292033309885e-07,0
46,32,0,1.904238475910303e-07,0
46,33,0,5.955885502853746e-07,0
46,34,0,6.260572486768548e-07,0
46,35,0,4.3061232277433896e-07,0
46,36,0,7.673150035770592e-07,0
46,37,0,1.1914685714429614e-06,0
46,38,0,1.7270197433154189e-06,0
46,39,0,1.1501901219333054e-06,0
46,40,0,1.2846478279447517e-06,0
46,41,0,1.557188534746245e-05,0
46,42,0,3.6761692424931685e-05,0
46,43,0,3.352095458754932e-05,0
46,44,0,5.807717331397915e-05,0
46,45,0,4.658204072519596e-05,0
46,46,0,6.603790119532834e-05,0
46,47,0,6.680904237694915e-05,0
46,48,0,4.160035867493818e-05,0
46,49,0,3.391670866753467e-05,0
46,50,0,0.0001307275839157687,0
46,51,0,5.725900981387133e-05,0
46,52,0,2.6052461856671757e-05,0
46,53,0,5.111417678076863e-05,0
46,54,0,8.392495223242169e-05,0
46,55,0,9.32805198009983e-05,0
46,56,0,0.00019778963173330564,0
46,57,0,0.0001340877068777847,0
46,58,0,0.00018174428191926648,0
46,59,0,5.341628723208577e-05,0
46,60,0,2.20091136027408e-05,0
46,61,0,2.095346624724772e-05,0
46,62,0,2.1913779921699314e-05,0
46,63,0,2.4170590760398212e-05,0
46,64,0,2.877046211343665e-05,0
46,65,0,1.8273989847064736e-05,0
46,66,0,2.7837927191396578e-05,0
46,67,0,0.00026960178862641115,0
46,68,0,0.0002827106514578024,0
46,69,0,0.00033553215706727654,0
46,70,0,0.0002590970137328378,0
46,71,0,0.00013226220402161944,0
46,72,0,0.00010334456084921267,0
46,73,0,3.705109000860865e-05,0
46,74,0,7.458504670567932e-06,0
46,75,0,9.319637609685158e-07,0
46,76,0,8.422638249418722e-08,0
46,77,0,8.002259369711385e-08,0
46,78,0,6.782341037185514e-08,0
46,79,0,6.704372195753211e-08,0
46,80,0,8.366648551511834e-08,0
46,81,0,4.122608574736222e-08,0
46,82,0,1.3338745504091774e-07,0
46,83,0,1.0514762992855364e-06,0
46,84,0,4.4377643262350884e-07,0
46,85,0,1.6252381753833688e-07,0
46,86,0,6.11556070097714e-07,0
46,87,0,1.6423164679011747e-06,0
46,88,0,2.7031768348577037e-06,0
46,89,0,2.3237422405104777e-06,0
46,90,0,1.905985654964878e-05,0
46,91,0,1.1350529769813636e-05,0
46,92,0,9.162858680222163e-06,0
46,93,0,2.6681120862417084e-06,0
46,94,0,2.7261359503626764e-06,0
46,95,0,1.658357045216963e-06,0
46,96,0,1.6281794259746657e-06,0
46,97,0,3.043543791019986e-07,0
46,98,0,1.0071547751561836e-07,0
46,99,0,1.1939807333973837e-07,0
46,100,0,1.283039305061218e-07,0
46,101,0,5.930570541021883e-07,0
46,102,0,2.616424987219225e-06,0
46,103,0,2.5170434227571754e-06,0
46,104,0,1.6815281243968915e-06,0
46,105,0,1.2849691588601538e-06,0
46,106,0,3.819667559116817e-05,0
46,107,0,8.349841275413676e-05,0
46,108,0,0.00030362293138993477,0
46,109,0,0.00018504083056290697,0
46,110,0,0.00021368376126287115,0
46,111,0,0.00015541828871407944,0
46,112,0,0.00029099735164155234,0
46,113,0,0.00031818058864013646,0
46,114,0,0.0004361433616132237,0
46,115,0,0.0003355881444894248,0
46,116,0,9.04540025087421e-05,0
46,117,0,0.00011563571380383189,0
46,118,0,0.0003068166391146846,0
46,119,0,0.00021242603905686198,0
46,120,0,0.0003636962913984242,0
46,121,0,5.568933452347977e-05,0
46,122,0,4.3884473824977886e-05,0
46,123,0,3.4610707881479226e-05,0
46,124,0,2.54604211806262e-05,0
46,125,0,1.4083511281091236e-05,0
46,126,0,3.5066648799660765e-05,0
46,127,0,3.245463159880103e-05,0
46,128,0,4.837235654159759e-05,0
46,129,0,6.806305565173169e-05,0
46,130,0,0.0001077950943789135,0
46,131,0,2.366720073678506e-05,0
46,132,0,1.5512422685677732e-05,0
46,133,0,2.3402627311332763e-05,0
46,134,0,2.213525083146368e-05,0
46,135,0,1.677305339794002e-05,0
46,136,0,4.678892819915238e-06,0
46,137,0,1.1658102566203463e-05,0
46,138,0,1.7643786886538364e-05,0
46,139,0,5.022409949337263e-05,0
46,140,0,3.125346535522954e-05,0
46,141,0,0.00012990637032205161,0
46,142,0,0.00047028756530055144,0
46,143,0,0.0002703762588139697,0
46,144,0,0.0002092989160587383,0
46,145,0,0.0003019873356902956,0
46,146,0,0.00031870899411315335,0
46,147,0,0.000782183027511586,0
46,148,0,0.0003072278210846554,0
46,149,0,0.0002342128328383684,0
46,150,0,0.0009335732719027375,0
46,151,0,0.0015880017425369626,0
46,152,0,0.001909469635372194,0
46,153,0,0.0005813811813117681,0
46,154,0,0.0006193583628356438,0
46,155,0,0.0003553021657672161,0
46,156,0,0.0006225125392898668,0
46,157,0,0.0005088787733311371,0
46,158,0,0.000977549609961888,0
46,159,0,0.0008173990857573377,0
46,160,0,0.0005676827060633183,0
46,161,0,0.0011657584360615619,0
46,162,0,0.0010645896078189008,0
46,163,0,0.002235237774163954,0
46,164,0,0.0005826506707636282,0
46,165,0,0.0004891399736568964,0
46,166,0,0.000524502090385443,0
46,167,0,0.0003119820500635973,0
46,168,0,0.00023133521298869666,0
46,169,0,0.00028768097356157463,0
46,170,0,0.0011994855139987341,0
46,171,0,0.00029298617916070457,0
46,172,0,0.0001830484476240871,0
46,173,0,0.0002607849250477126,0
46,174,0,0.0009839166450824736,0
46,175,0,0.0014715080217734206,0
46,176,0,0.0021979720253779422,0
46,177,0,0.0009980691687371337,0
46,178,0,0.0012435436586842902,0
46,179,0,0.0015039393625645016,0
46,180,0,0.0004972534293855174,0
46,181,0,0.0014938605569558001,0
46,182,0,0.0027549990731390965,0
46,183,0,0.003032045378737612,0
46,184,0,0.0027596326002576103,0
46,185,0,0.0019001507477840202,0
46,186,0,0.002595847455202993,0
46,187,0,0.0030494653435085843,0
46,188,0,0.006326610995097952,0
46,189,0,0.0031378119796334506,0
46,190,0,0.0044867469700745,0
46,191,0,0.010246681168796366,0
46,192,0,0.02508250678346841,0
46,193,0,0.09871452228322342,0
46,194,0,0.058016792963327145,0
46,195,0,0.018829453535390957,0
46,196,0,0.019824790032850422,0
46,197,0,0.0142431374695442,0
46,198,0,0.010980646567718818,0
46,199,0,0.0367395691899648,0
46,200,0,0.020608553214547475,0
46,201,0,0.06951553172013518,0
46,202,0,0.06892266172272117,0
46,203,0,0.10989194337789292,0
46,204,0,0.16845954414787634,0
46,205,0,0.09726904876556168,0
46,206,0,0.17598033403292693,0
46,207,0,0.14202759302721632,0
46,208,0,0.09460797323257512,0
46,209,0,0.27471837826992174,0
46,210,0,0.3109528711455244,0
46,211,0,0.3399402134930406,0
46,212,0,0.2706742774342344,0
46,213,0,0.7868060474387009,1
46,214,0,0.29464473717219997,0
46,215,0,0.11803975785614985,0
46,216,0,0.1234863566115504,0
46,217,0,0.17469624140846818,0
46,218,0,0.2742224448975135,0
46,219,0,0.12440950000923409,0
46,220,0,0.2010984552800313,0
46,221,0,0.30947150720788097,0
46,222,0,0.27821476880364837,0
46,223,0,0.18456598809416436,0
46,224,0,0.4593899273379107,0
46,225,0,0.5939222664403363,1
46,226,1,0.45570888236723056,0
46,227,1,0.5535066188974768,1
46,228,1,0.7314398592030732,1
46,229,1,0.7158277556064201,1
46,230,1,0.7884531056635328,1
46,231,1,0.9110379687384531,1
46,232,1,0.8029270658437537,1
46,233,1,0.9372345156026191,1
46,234,1,0.9442922678536253,1
46,235,1,0.9495388435672653,1
46,236,1,0.9756566026286058,1
46,237,1,0.9271247675265177,1
46,238,1,0.9435328473305687,1
46,239,1,0.9225117923046475,1
46,240,1,0.9688977435824228,1
46,241,1,0.9754493204162064,1
46,242,1,0.9903102259658614,1
46,243,1,0.9925255754759071,1
46,244,1,0.9773739649214358,1
46,245,1,0.973530128493778,1
46,246,1,0.9790661946033103,1
46,247,1,0.9829382670838104,1
46,248,1,0.9951464998623019,1
46,249,1,0.9984413042759859,1
46,250,1,0.9996682392030128,1
46,251,1,0.9997142656775525,1
46,252,1,0.9999708818531728,1
46,253,1,0.9999893070691265,1
46,254,1,0.9999882684280449,1
46,255,1,0.999990838647313,1
46,256,0,0.9999943803609181,1
54,1,0,0.001099293385048542,0
54,2,0,5.833621514911076e-06,0
54,3,0,1.3969176339260658e-06,0
54,4,0,6.191303079763911e-06,0
54,5,0,2.099663113013938e-05,0
54,6,0,1.1319286135266578e-06,0
54,7,0,1.599875488522613e-06,0
54,8,0,8.066693471910246e-07,0
54,9,0,2.9956586719536135e-06,0
54,10,0,3.9178491410041075e-06,0
54,11,0,1.8860436930715635e-06,0
54,12,0,7.54637875416596e-06,0
54,13,0,4.5170656493582015e-06,0
54,14,0,3.3680508078857554e-06,0
54,15,0,2.985378959423052e-06,0
54,16,0,0.00015962923488290888,0
54,17,0,8.46678519137806e-05,0
54,18,0,0.0001346320927100944,0
54,19,0,0.00014544672020299322,0
54,20,0,0.00017759391772680544,0
54,21,0,0.00041778960733574876,0
54,22,0,0.0006788870597363415,0
54,23,0,0.0009883626478862273,0
54,24,0,3.0671616379208055e-05,0
54,25,0,2.633898124906626e-05,0
54,26,0,1.46214136773349e-05,0
54,27,0,8.724503977278902e-06,0
54,28,0,2.981991928128881e-05,0
54,29,0,3.126078044523227e-05,0
54,30,0,4.2195063768176623e-05,0
54,31,0,5.9178318944411593e-05,0
54,32,0,5.9943793050073696e-06,0
54,33,0,3.904480183375483e-06,0
54,34,0,3.2081721872274474e-05,0
54,35,0,2.5493879519831312e-05,0
54,36,0,4.917847935468577e-05,0
54,37,0,7.875865912733825e-05,0
54,38,0,5.517414494601075e-05,0
54,39,0,9.594743704596872e-05,0
54,40,0,9.173062037126059e-05,0
54,41,0,0.00012111965590442194,0
54,42,0,0.0002441899797052404,0
54,43,0,0.00044463353443100173,0
54,44,0,0.00012135522594390847,0
54,45,0,0.00015057913276631343,0
54,46,0,0.00028578794617621476,0
54,47,0,0.00014735069510138127,0
54,48,0,0.00011627611375837202,0
54,49,0,0.00019573931706469162,0
54,50,0,0.000218311495156077,0
54,51,0,9.892207368001254e-05,0
54,52,0,2.4790330215196036e-05,0
54,53,0,1.2465168680626589e-05,0
54,54,0,1.9374246112698046e-05,0
54,55,0,1.802594597788563e-05,0
54,56,0,1.237933528897098e-05,0
54,57,0,2.9837707102550665e-05,0
54,58,0,4.032044217787158e-05,0
54,59,0,2.0132383625517586e-05,0
54,60,0,2.3185497028318445e-05,0
54,61,0,6.722552715303823e-05,0
54,62,0,9.512624723603374e-05,0
54,63,0,6.420193157340697e-05,0
54,64,0,0.00013240414092405915,0
54,65,0,5.913163457304813e-05,0
54,66,0,3.290452413785326e-05,0
54,67,0,0.0001155181628911222,0
54,68,0,0.00014822813764207144,0
54,69,0,6.0462470427577614e-05,0
54,70,0,0.00014526876787867703,0
54,71,0,0.00022943644683174203,0
54,72,0,0.00023747564469093127,0
54,73,0,0.0001668818500233584,0
54,74,0,1.4082021771993703e-05,0
54,75,0,6.009165707974394e-06,0
54,76,0,3.201150592306292e-06,0
54,77,0,6.995388467956338e-06,0
54,78,0,1.1238950461212533e-05,0
54,79,0,5.072268622914248e-06,0
54,80,0,2.352951741214196e-05,0
54,81,0,6.974978400599481e-06,0
54,82,0,9.211748929401e-06,0
54,83,0,2.764372066638796e-06,0
54,84,0,2.4020802987699556e-06,0
54,85,0,2.806575749586623e-06,0
54,86,0,5.193081198155438e-07,0
54,87,0,3.8273038337679287e-07,0
54,88,0,5.412496861874749e-07,0
54,89,0,4.5022593049078024e-07,0
54,90,0,2.175585694251273e-07,0
54,91,0,8.083588988979968e-07,0
54,92,0,9.395246966913761e-07,0
54,93,0,1.6524860921091723e-05,0
54,94,0,2.591917349620515e-05,0
54,95,0,1.0777602374287914e-05,0
54,96,0,8.075909846379612e-06,0
54,97,0,1.0396056135817376e-05,0
54,98,0,1.2122309657798069e-05,0
54,99,0,9.285310875175248e-05,0
54,100,0,0.0002895851305680521,0
54,101,0,0.00023713472218080952,0
54,102,0,0.00055521772149692,0
54,103,0,0.00013132683454276464,0
54,104,0,5.182800242371983e-05,0
54,105,0,5.3813538888352576e-05,0
54,106,0,4.283842202519953e-05,0
54,107,0,3.072361664526073e-05,0
54,108,0,6.300291339751896e-05,0
54,109,0,6.184911949436216e-05,0
54,110,0,4.920048491856088e-06,0
54,111,0,3.305578629237892e-06,0
54,112,0,2.2866362574568455e-06,0
54,113,0,4.051255934466267e-06,0
54,114,0,2.972634871550874e-06,0
54,115,0,3.1144887193773666e-06,0
54,116,0,2.6372862108156994e-06,0
54,117,0,3.7284260318721668e-06,0
54,118,0,8.48977147104826e-06,0
54,119,0,9.957360665739024e-06,0
54,120,0,9.591572647640764e-05,0
54,121,0,9.879207817595563e-05,0
54,122,0,6.122854311385722e-05,0
54,123,0,4.493135143472641e-05,0
54,124,0,0.00021156633524885578,0
54,125,0,0.0002002393482688793,0
54,126,0,0.00012215356509664242,0
54,127,0,0.0002791760921095553,0
54,128,0,0.00017112224873722375,0
54,129,0,0.00014452987097712038,0
54,130,0,2.417617816463266e-05,0
54,131,0,9.15278119561393e-06,0
54,132,0,1.2099729142638647e-05,0
54,133,0,1.3464337388680835e-05,0
54,134,0,3.490239245756548e-05,0
54,135,0,9.034502866303437e-05,0
54,136,0,0.00011600358965603741,0
54,137,0,4.2349135123441005e-05,0
54,138,0,9.610279552054947e-05,0
54,139,0,0.0003022096218512598,0
54,140,0,0.00045510132404307456,0
54,141,0,0.0002599217519554081,0
54,142,0,0.00044229886288148814,0
54,143,0,0.0005671039497149517,0
54,144,0,0.0004744671716960092,0
54,145,0,0.0008643776121288602,0
54,146,0,0.0010032569704768411,0
54,147,0,0.0010693009025331064,0
54,148,0,0.00031267307587134796,0
54,149,0,0.00014263647106142895,0
54,150,0,2.139815043206095e-05,0
54,151,0,2.075413644901472e-05,0
54,152,0,1.852926057975514e-05,0
54,153,0,1.727511175826757e-05,0
54,154,0,1.1906664637390472e-05,0
54,155,0,2.3472987850827833e-05,0
54,156,0,3.361510027770923e-05,0
54,157,0,2.7745374249968157e-05,0
54,158,0,4.507557561712097e-05,0
54,159,0,6.756744382809434e-05,0
54,160,0,0.0022906233088040447,0
54,161,0,0.0012359274596884676,0
54,162,0,0.0002944495960468276,0
54,163,0,0.0003084059114194651,0
54,164,0,0.0009409744975056967,0
54,165,0,0.0011715589823553725,0
54,166,0,0.0006293658314930327,0
54,167,0,0.0004513929492621204,0
54,168,0,0.00033461256436582716,0
54,169,0,0.0005403327831730603,0
54,170,0,0.00035602663987355763,0
54,171,0,0.00021974194160734412,0
54,172,0,0.0002695188084401053,0
54,173,0,0.00035015713213999483,0
54,174,0,0.0006942994008290442,0
54,175,0,0.000736163237108572,0
54,176,0,0.0008514717165818397,0
54,177,0,0.0015140245668378426,0
54,178,0,0.0011656213348484128,0
54,179,0,0.0002400267564010464,0
54,180,0,5.468437551393848e-05,0
54,181,0,3.492611795938394e-05,0
54,182,0,3.548162815490339e-05,0
54,183,0,3.657536290140628e-05,0
54,184,0,0.00014211025000971544,0
54,185,0,2.674241666851119e-05,0
54,186,0,0.0002879681947774777,0
54,187,0,0.0001414823585961829,0
54,188,0,0.00021137006285644583,0
54,189,0,0.00023844286514366526,0
54,190,0,0.013432089659151094,0
54,191,0,0.019836955040622686,0
54,192,0,0.012397223293670365,0
54,193,0,0.016578947103154124,0
54,194,0,0.029763832404021768,0
54,195,0,0.015931339394262414,0
54,196,0,0.013020150543760454,0
54,197,0,0.016177263165964868,0
54,198,0,0.01998544897095313,0
54,199,0,0.037663551463553796,0
54,200,0,0.013358534485959297,0
54,201,0,0.026482671238261594,0
54,202,0,0.025806521252679637,0
54,203,0,0.017656489510950384,0
54,204,0,0.07064778456090466,0
54,205,0,0.11939148260728721,0
54,206,0,0.3113326480291829,0
54,207,0,0.11967040366742554,0
54,208,0,0.13857303767386667,0
54,209,0,0.29526447352025786,0
54,210,0,0.2326411819719525,0
54,211,0,0.344021202646758,0
54,212,0,0.3473486264942294,0
54,213,0,0.31037372855828205,0
54,214,0,0.28271201282951003,0
54,215,0,0.4768400850271278,0
54,216,0,0.6124006530851792,1
54,217,0,0.5786901638020266,1
54,218,0,0.7243814930798079,1
54,219,0,0.5258611272661998,1
54,220,0,0.3430623815671208,0
54,221,0,0.33695496623016546,0
54,222,0,0.5001503967041777,1
54,223,0,0.453587778349132,0
54,224,0,0.30648972585214834,0
54,225,0,0.7032479116480916,1
54,226,0,0.7054524409049167,1
54,227,1,0.7385945899202707,1
54,228,1,0.7395339318251003,1
54,229,1,0.8249063845320187,1
54,230,1,0.8365996384351351,1
54,231,1,0.8846570753182295,1
54,232,1,0.9220809255950891,1
54,233,1,0.8076370592195482,1
54,234,1,0.6682480961163045,1
54,235,1,0.8903458178092986,1
54,236,1,0.8001885301695083,1
54,237,1,0.7262496353127151,1
54,238,1,0.9225082313464759,1
54,239,1,0.984176943714901,1
54,240,1,0.9804263726883166,1
54,241,1,0.988316054007125,1
54,242,1,0.9896463213479979,1
54,243,1,0.9949845239964639,1
54,244,1,0.9975261525730306,1
54,245,1,0.9966659757163073,1
54,246,1,0.9966440500743983,1
54,247,1,0.9971944604664307,1
54,248,1,0.9968924164332152,1
54,249,1,0.9991821853396744,1
54,250,1,0.9986134809580574,1
54,251,1,0.9997637005172448,1
54,252,1,0.9997370389863747,1
54,253,1,0.999825471113298,1
54,254,1,0.9999150367618447,1
54,255,1,0.9998448813342703,1
54,256,1,0.9999644276606979,1
54,257,0,0.9999895641299564,1
71,1,0,0.04056785333768832,0
71,2,0,9.108898335922442e-05,0
71,3,0,0.0006950781991631269,0
71,4,0,0.00034644217859150197,0
71,5,0,0.0005479593402036918,0
71,6,0,0.00046729467043390315,0
71,7,0,0.0002993410823289569,0
71,8,0,0.001562455332141365,0
71,9,0,0.0004156719726762763,0
71,10,0,0.0011143262441752966,0
71,11,0,0.0006190196831687648,0
71,12,0,0.0008523455244406062,0
71,13,0,0.0008584020964035826,0
71,14,0,0.0017554750772431908,0
71,15,0,0.005477955825261012,0
71,16,0,0.0028399566767008644,0
71,17,0,0.0035727637623730493,0
71,18,0,0.0043528688327264305,0
71,19,0,0.005261025277706876,0
71,20,0,0.005610532718028956,0
71,21,0,0.004230627391821955,0
71,22,0,0.0007727654472135941,0
71,23,0,0.000725760280415059,0
71,24,0,0.0004911008360472033,0
71,25,0,0.000680280492573851,0
71,26,0,0.0006336580962593878,0
71,27,0,0.0016970992147293785,0
71,28,0,0.0040047539589663055,0
71,29,0,0.0018593402736995527,0
71,30,0,0.0025440629129058786,0
71,31,0,0.0038579166829681892,0
71,32,0,0.009195889321795674,0
71,33,0,0.008812555348167873,0
71,34,0,0.010190014898974014,0
71,35,0,0.011384256347935946,0
71,36,0,0.004827400460048061,0
71,37,0,0.0032694935655902656,0
71,38,0,0.0005810601733601559,0
71,39,0,0.0023291866149133277,0
71,40,0,0.0009033614554843056,0
71,41,0,0.0011804600140109883,0
71,42,0,0.001479087907488418,0
71,43,0,0.000887048895659264,0
71,44,0,0.0004161252230896623,0
71,45,0,0.0015880560338261398,0
71,46,0,0.002773267876027605,0
71,47,0,0.0025713059205733314,0
71,48,0,0.010424243858951335,0
71,49,0,0.005373725336471651,0
71,50,0,0.004577713791857591,0
71,51,0,0.0027350878490541423,0
71,52,0,0.006391667206515307,0
71,53,0,0.00979336899409748,0
71,54,0,0.004557334283585992,0
71,55,0,0.0055617686085366975,0
71,56,0,0.0063878755427591504,0
71,57,0,0.003262200494400292,0
71,58,0,0.003391358862360962,0
71,59,0,0.0012357524739764136,0
71,60,0,0.0014159138841072629,0
71,61,0,0.0003009255304460022,0
71,62,0,0.0001298000857247578,0
71,63,0,0.00033974943597777236,0
71,64,0,4.236079870113731e-05,0
71,65,0,7.319495271456317e-05,0
71,66,0,7.633992839270217e-05,0
71,67,0,3.6961666911886224e-05,0
71,68,0,1.5998235378012056e-05,0
71,69,0,2.6130567989000643e-05,0
71,70,0,2.5929625899039542e-05,0
71,71,0,6.877043361294344e-05,0
71,72,0,0.00019782161107415928,0
71,73,0,0.00017740351894872424,0
71,74,0,0.0005390057625616956,0
71,75,0,0.0005307966402812857,0
71,76,0,0.0004820444877730254,0
71,77,0,0.00030444733629477757,0
71,78,0,0.00083227049621201,0
71,79,0,0.0017774306568545946,0
71,80,0,0.0013791997456439149,0
71,81,0,0.0023559328319350628,0
71,82,0,0.0031608275757478836,0
71,83,0,0.0010182283044125428,0
71,84,0,0.0015014189284931223,0
71,85,0,0.0022300539036199363,0
71,86,0,0.0007869131994520053,0
71,87,0,0.000949400480389183,0
71,88,0,0.0014136305289500662,0
71,89,0,0.0024089927756481143,0
71,90,0,0.0022925018711031035,0
71,91,0,0.015340307563988532,0
71,92,0,0.009093876860727726,0
71,93,0,0.007822350421176117,0
71,94,0,0.018751061336796864,0
71,95,0,0.01588462290922133,0
71,96,0,0.02090943445985954,0
71,97,0,0.009786904465345452,0
71,98,0,0.007729152630126071,0
71,99,0,0.004148794643772195,0
71,100,0,0.0013744510639500695,0
71,101,0,0.0008715119299658866,0
71,102,0,0.00042596406789641503,0
71,103,0,0.0007014331016077364,0
71,104,0,0.0006918248510392916,0
71,105,0,0.0010139947193294075,0
71,106,0,0.0008574520296622929,0
71,107,0,0.0008523505855702651,0
71,108,0,0.00113221147031209,0
71,109,0,0.001439141277328361,0
71,110,0,0.0035444846923812067,0
71,111,0,0.0023241753938699214,0
71,112,0,0.0015065504727459237,0
71,113,0,0.0026535594315865363,0
71,114,0,0.006815495583626994,0
71,115,0,0.0035036297166065114,0
71,116,0,0.006067378894588727,0
71,117,0,0.009363693355565663,0
71,118,0,0.004679565713515601,0
71,119,0,0.007569521542610969,0
71,120,0,0.0046218881732797805,0
71,121,0,0.0021502886396399835,0
71,122,0,0.006356995756604427,0
71,123,0,0.00493646278615765,0
71,124,0,0.0039452601150920035,0
71,125,0,0.0017412353074210038,0
71,126,0,0.0010655847918064566,0
71,127,0,0.0017150525031142888,0
71,128,0,0.0016726546647828227,0
71,129,0,0.002430658071809738,0
71,130,0,0.0013802644566640362,0
71,131,0,0.00029838981756455184,0
71,132,0,0.0004574255732093297,0
71,133,0,0.0009747005013439759,0
71,134,0,0.0006366802221803688,0
71,135,0,0.0006994776627785595,0
71,136,0,0.002900564823207614,0
71,137,0,0.002632140077061534,0
71,138,0,0.002254345907582842,0
71,139,0,0.004734920062419312,0
71,140,0,0.001923045033369929,0
71,141,0,0.0020262049314760163,0
71,142,0,0.0026368218187218647,0
71,143,0,0.0021628448652628645,0
71,144,0,0.002375881454518796,0
71,145,0,0.002949139713038498,0
71,146,0,0.001898987814039301,0
71,147,0,0.002475100650510421,0
71,148,0,0.0012482582777876329,0
71,149,0,0.00048003373908534104,0
71,150,0,0.0007203252030572848,0
71,151,0,0.0011976511786229277,0
71,152,0,0.0051432809700033165,0
71,153,0,0.005296134512289966,0
71,154,0,0.004456063553885785,0
71,155,0,0.020573253176437142,0
71,156,0,0.014779926160944019,0
71,157,0,0.003664559757050131,0
71,158,0,0.010059100434426095,0
71,159,0,0.0058487069066551515,0
71,160,0,0.010713102897948789,0
71,161,0,0.005088719347091002,0
71,162,0,0.009126079914946015,0
71,163,0,0.020049660696145746,0
71,164,0,0.01641361061309486,0
71,165,0,0.019686854747453752,0
71,166,0,0.01701292382736674,0
71,167,0,0.07286429608746478,0
71,168,0,0.14947342253546328,0
71,169,0,0.26586437541184615,0
71,170,0,0.06931431063606083,0
71,171,0,0.11496966066950207,0
71,172,0,0.15014938564286623,0
71,173,0,0.20365995496425635,0
71,174,0,0.12954739699183543,0
71,175,0,0.17613128126859368,0
71,176,0,0.3610627718533217,0
71,177,0,0.1915806285240944,0
71,178,1,0.1911289636667745,0
71,179,1,0.1411218200986304,0
71,180,1,0.2997876939557957,0
71,181,1,0.22592984675449568,0
71,182,1,0.1636259553591509,0
71,183,1,0.7051892049209315,1
71,184,1,0.8508561773497241,1
71,185,1,0.82090666539456,1
71,186,1,0.5446143562530344,1
71,187,1,0.6333324862059395,1
71,188,1,0.7390337073224303,1
71,189,1,0.5006988999902726,1
71,190,1,0.5879659998408425,1
71,191,1,0.8907442634970738,1
71,192,1,0.6980235795285558,1
71,193,1,0.725941840366445,1
71,194,1,0.7898013660450448,1
71,195,1,0.8591008969429983,1
71,196,1,0.8493384486211842,1
71,197,1,0.9778331829262458,1
71,198,1,0.9907671764514772,1
71,199,1,0.994707906561659,1
71,200,1,0.9882882935064777,1
71,201,1,0.9925484293170214,1
71,202,1,0.9935652624571668,1
71,203,1,0.9980310532588166,1
71,204,1,0.9977904077158667,1
71,205,1,0.9953266688089116,1
71,206,1,0.9983413918205812,1
71,207,1,0.999785516557095,1
71,208,0,0.9998935904566847,1
74,1,0,0.0011686585843911957,0
74,2,0,2.5210568880101527e-06,0
74,3,0,8.409119981034206e-06,0
74,4,0,1.3852439666207754e-05,0
74,5,0,3.253157933961627e-05,0
74,6,0,4.007063659404842e-05,0
74,7,0,0.00015054619804416114,0
74,8,0,4.351631006410599e-05,0
74,9,0,9.0477095190892e-05,0
74,10,0,0.00020342038445720647,0
74,11,0,0.0003178902306276499,0
74,12,0,0.0004928516974233702,0
74,13,0,0.0013570265363921717,0
74,14,0,0.00042501650913889355,0
74,15,0,0.00019251767942285203,0
74,16,0,0.00011229162635410679,0
74,17,0,0.00013618660749327715,0
74,18,0,4.077879700819883e-06,0
74,19,0,7.334055752552714e-07,0
74,20,0,8.9674472870661e-07,0
74,21,0,2.4676783957560466e-06,0
74,22,0,1.5444096253196305e-06,0
74,23,0,8.780019275289516e-07,0
74,24,0,2.769235426111943e-06,0
74,25,0,1.3607300957656642e-05,0
74,26,0,8.924504715100708e-06,0
74,27,0,1.0868368040918262e-06,0
74,28,0,5.010054430996865e-06,0
74,29,0,3.576188710580725e-06,0
74,30,0,4.482575644554461e-06,0
74,31,0,3.3401206616321185e-06,0
74,32,0,9.70022089201427e-06,0
74,33,0,1.9555550238280596e-05,0
74,34,0,1.4104643224490937e-05,0
74,35,0,3.2854603692818656e-05,0
74,36,0,0.0002383097881097668,0
74,37,0,0.0008701988353100348,0
74,38,0,0.0006897670244922155,0
74,39,0,0.0012230689908124498,0
74,40,0,0.0006103542641197622,0
74,41,0,0.0002340496124058128,0
74,42,0,0.0004252015278024757,0
74,43,0,0.0003330955266844474,0
74,44,0,0.0014532834406311903,0
74,45,0,0.0019602074143050207,0
74,46,0,0.0025418248171918665,0
74,47,0,0.0011529632898919762,0
74,48,0,0.00035945543191513203,0
74,49,0,0.00024701265239773996,0
74,50,0,0.00011958549440958941,0
74,51,0,0.0002787736467553498,0
74,52,0,9.810921063306587e-05,0
74,53,0,0.0002265666781041388,0
74,54,0,0.0003149711242049429,0
74,55,0,7.846219390415773e-05,0
74,56,0,0.00044543523389187456,0
74,57,0,0.0016183256627369763,0
74,58,0,0.0008635959664347534,0
74,59,0,0.00016317803762342373,0
74,60,0,0.0002702529507280633,0
74,61,0,0.00012678771430237992,0
74,62,0,0.00010138457730352034,0
74,63,0,6.005424815496005e-05,0
74,64,0,6.514068027041644e-05,0
74,65,0,3.095387531734585e-05,0
74,66,0,0.00010583353615308429,0
74,67,0,7.250069235979816e-05,0
74,68,0,0.00019079761578141903,0
74,69,0,0.000279752557544376,0
74,70,0,0.0009219928187593125,0
74,71,0,0.0020467674052712845,0
74,72,0,0.0006242714351987021,0
74,73,0,0.0022625676442834123,0
74,74,0,0.0012855281979728128,0
74,75,0,0.0007026479570421943,0
74,76,0,0.0006502983855801471,0
74,77,0,0.0002752544314305249,0
74,78,0,0.00028109329846493983,0
74,79,0,0.0002567094056452699,0
74,80,0,0.0002452503923674612,0
74,81,0,0.0005488991711286844,0
74,82,0,0.0008533117375020423,0
74,83,0,0.0005198065620909502,0
74,84,0,0.00011383848030221406,0
74,85,0,0.00027610240530826836,0
74,86,0,0.000303423160533581,0
74,87,0,0.0005482022809286421,0
74,88,0,0.0008475635784442462,0
74,89,0,0.002636667994405358,0
74,90,0,0.0021318177497823645,0
74,91,0,0.0020223048804689464,0
74,92,0,0.000956951630799027,0
74,93,0,0.00251347960370517,0
74,94,0,0.005138948702852099,0
74,95,0,0.006816196204634206,0
74,96,0,0.006072645879156349,0
74,97,0,0.0034947720475434294,0
74,98,0,0.00574178023720516,0
74,99,0,0.015075129239351176,0
74,100,0,0.003954599736784747,0
74,101,0,0.0029359011340334626,0
74,102,0,0.0055266834567293385,0
74,103,0,0.008636036170869029,0
74,104,0,0.0065829773720066905,0
74,105,0,0.006727484096543577,0
74,106,0,0.0036007261985758925,0
74,107,0,0.0020599714562204124,0
74,108,0,0.002288040548800079,0
74,109,0,0.002870029333493,0
74,110,0,0.00940733905819495,0
74,111,0,0.007957804536448896,0
74,112,0,0.0033185036308832185,0
74,113,0,0.004565150108036985,0
74,114,0,0.0026624522396726503,0
74,115,0,0.0149922712917759,0
74,116,0,0.013768919538835356,0
74,117,0,0.01018926721836226,0
74,118,0,0.012602395534529472,0
74,119,0,0.010457008732061547,0
74,120,0,0.013571854481626714,0
74,121,0,0.03501186288677299,0
74,122,0,0.027965827264853294,0
74,123,0,0.027392858201904312,0
74,124,0,0.014716777955485679,0
74,125,0,0.021399941664085737,0
74,126,0,0.025459928151034615,0
74,127,0,0.017686366453277733,0
74,128,0,0.056808121976480386,0
74,129,0,0.07603348307441607,0
74,130,0,0.05222600203553329,0
74,131,0,0.031145685791999434,0
74,132,0,0.06489151697233314,0
74,133,0,0.028444003488022288,0
74,134,0,0.05956544955644783,0
74,135,0,0.05176641177453885,0
74,136,1,0.04768184829420075,0
74,137,1,0.09596093861113064,0
74,138,1,0.09789459338748183,0
74,139,1,0.16782357366663272,0
74,140,1,0.26656464644471134,0
74,141,1,0.6631095607682388,1
74,142,1,0.6430829889311492,1
74,143,1,0.5912042000998642,1
74,144,1,0.7416552647584961,1
74,145,1,0.5483322853369177,1
74,146,1,0.7328445519594956,1
74,147,1,0.7077621140618017,1
74,148,1,0.7939903754195407,1
74,149,1,0.8336786788056573,1
74,150,1,0.9572288653125736,1
74,151,1,0.8818447445645015,1
74,152,1,0.9362787977039458,1
74,153,1,0.9644383085929,1
74,154,1,0.9674924875067696,1
74,155,1,0.9742737273607313,1
74,156,1,0.971336952424382,1
74,157,1,0.9938668788454285,1
74,158,1,0.9991401689223419,1
74,159,1,0.9986355556120361,1
74,160,1,0.9990542054465518,1
74,161,1,0.9993324298122062,1
74,162,1,0.998900716623688,1
74,163,1,0.9994103739840179,1
74,164,1,0.9996440261944587,1
74,165,1,0.9998159707419448,1
74,166,0,0.9999371361972821,1
77,1,0,0.17958160418058267,0
77,2,0,0.00029696928613128735,0
77,3,0,0.0007745333165296299,0
77,4,0,0.0013863315798956272,0
77,5,0,0.003374632363077031,0
77,6,0,0.005531165853835179,0
77,7,0,0.003663121103823701,0
77,8,0,0.005221904058094435,0
77,9,0,0.012153174013381021,0
77,10,0,0.0036247553419477686,0
77,11,0,0.0026043389715277214,0
77,12,0,0.002248359119768611,0
77,13,0,0.0010662805268073184,0
77,14,0,0.000738872042211029,0
77,15,0,0.0003556715388392416,0
77,16,0,0.0004360609952204516,0
77,17,0,0.00013574714127074928,0
77,18,0,0.00034410603497457337,0
77,19,0,0.0006011968387864472,0
77,20,0,0.002312053571045426,0
77,21,0,0.002756932981439652,0
77,22,0,0.0023788304243308866,0
77,23,0,0.00037465986912500347,0
77,24,0,3.347181977932975e-05,0
77,25,0,1.7394722305369047e-05,0
77,26,0,2.486182809459221e-05,0
77,27,0,0.0001113957134877446,0
77,28,0,9.498444535268279e-05,0
77,29,0,0.00024556252211696387,0
77,30,0,0.0003262943653965855,0
77,31,0,0.0025220959283331203,0
77,32,0,0.010507807071105178,0
77,33,0,0.03410728223023011,0
77,34,0,0.027391551006836448,0
77,35,0,0.02438023986222398,0
77,36,0,0.028680052131693227,0
77,37,0,0.007314469900008354,0
77,38,0,0.006459776025997768,0
77,39,0,0.0014843661468920946,0
77,40,0,0.0004937950952334562,0
77,41,0,0.002383979868864184,0
77,42,0,0.0020368186042791204,0
77,43,0,0.00034331970923300275,0
77,44,0,0.00029508961231797405,0
77,45,0,5.892292863956085e-05,0
77,46,0,0.00010509065766789899,0
77,47,0,0.00014205714873109234,0
77,48,0,0.0012789897459516385,0
77,49,0,0.0016358405659068845,0
77,50,0,0.0075322915798359215,0
77,51,0,0.0020992711140261026,0
77,52,0,0.000528954474889849,0
77,53,0,0.0010818103185656473,0
77,54,0,0.0018462665571553005,0
77,55,0,0.0047945671012629126,0
77,56,0,0.0017403626066492019,0
77,57,0,0.0008107439588099228,0
77,58,0,0.0007085082547466221,0
77,59,0,0.0007824552320150246,0
77,60,0,0.002016417787840353,0
77,61,0,0.0027984912393889017,0
77,62,0,0.005346594076674495,0
77,63,0,0.0039510585916029345,0
77,64,0,0.0036439841350312412,0
77,65,0,0.0012061107128883354,0
77,66,0,0.0006001254010595538,0
77,67,0,0.001042560502785006,0
77,68,0,0.002100178915417912,0
77,69,0,0.002962169014994233,0
77,70,0,0.0016195213953548028,0
77,71,0,0.0011782771060978667,0
77,72,0,0.005833547817715524,0
77,73,0,0.004125265773843209,0
77,74,0,0.00785144425107667,0
77,75,0,0.012174491842366233,0
77,76,0,0.0067136371895024855,0
77,77,0,0.017355769373092893,0
77,78,0,0.021055369071380396,0
77,79,0,0.06393022761760132,0
77,80,0,0.06471249110526757,0
77,81,0,0.017629714030186462,0
77,82,0,0.009046015823940478,0
77,83,0,0.023149485000538917,0
77,84,0,0.042708154524512834,0
77,85,0,0.03346610792548215,0
77,86,0,0.02822317683407589,0
77,87,0,0.0397566553400024,0
77,88,0,0.019652685079018607,0
77,89,0,0.03701009155677066,0
77,90,0,0.01876904885010958,0
77,91,0,0.004033276390341839,0
77,92,0,0.0024753767134904725,0
77,93,0,0.004061009782537012,0
77,94,0,0.01404048322058774,0
77,95,0,0.05100521496548638,0
77,96,0,0.027234819139572645,0
77,97,0,0.015704368188937227,0
77,98,0,0.01214320665566055,0
77,99,0,0.007841344942988033,0
77,100,0,0.02794022939808924,0
77,101,0,0.021653755892005452,0
77,102,0,0.015784756327065448,0
77,103,0,0.01371349192830858,0
77,104,0,0.0029592472791298056,0
77,105,0,0.0019114173300332046,0
77,106,0,0.0009315658465625761,0
77,107,0,0.005996760143237135,0
77,108,0,0.013370897795404253,0
77,109,0,0.007242004091695996,0
77,110,0,0.002051804782765647,0
77,111,0,0.003999442746541877,0
77,112,0,0.0051374066384353885,0
77,113,0,0.0028657519428348334,0
77,114,0,0.0023681573211476207,0
77,115,0,0.007271720519874954,0
77,116,0,0.018016091642054838,0
77,117,0,0.008104621243482206,0
77,118,0,0.03600236796907464,0
77,119,0,0.010220728519322772,0
77,120,0,0.022646868140445985,0
77,121,0,0.05384931837914061,0
77,122,0,0.020008624831493918,0
77,123,0,0.03064249286224856,0
77,124,1,0.030664009587624042,0
77,125,1,0.07233966894473323,0
77,126,1,0.03867088005730373,0
77,127,1,0.15732937494706017,0
77,128,1,0.11896727149021714,0
77,129,1,0.2334956383725089,0
77,130,1,0.3774803733453751,0
77,131,1,0.29827613840091094,0
77,132,1,0.4805570573887375,0
77,133,1,0.5428555915353157,1
77,134,1,0.616096747686039,1
77,135,1,0.5119702005744862,1
77,136,1,0.7251330840911747,1
77,137,1,0.6595361913141795,1
77,138,1,0.7199634308130162,1
77,139,1,0.839612266329843,1
77,140,1,0.9654154860851536,1
77,141,1,0.9393378589776453,1
77,142,1,0.9739590839761523,1
77,143,1,0.9504307300215374,1
77,144,1,0.9806193399442469,1
77,145,1,0.9674860346102442,1
77,146,1,0.9528378040523875,1
77,147,1,0.9759396533576817,1
77,148,1,0.9868006013047355,1
77,149,1,0.9783194740081186,1
77,150,1,0.9899213220661386,1
77,151,1,0.9955538542923749,1
77,152,1,0.9971834250722102,1
77,153,1,0.9906370636597409,1
77,154,0,0.9925153636799149,1
78,1,0,1.0346937013846158e-05,0
78,2,0,2.953449444304815e-10,0
78,3,0,4.533144437276204e-11,0
78,4,0,2.4753208152070802e-11,0
78,5,0,4.0338022170502606e-11,0
78,6,0,1.439614193124127e-10,0
78,7,0,4.2006994542590257e-10,0
78,8,0,5.743680334573128e-09,0
78,9,0,2.5604548076744115e-08,0
78,10,0,2.070675253625458e-07,0
78,11,0,3.1937637751789265e-08,0
78,12,0,4.009602796938319e-08,0
78,13,0,3.094116953913832e-07,0
78,14,0,4.2274334288497556e-07,0
78,15,0,3.39332797421949e-06,0
78,16,0,2.726837539752898e-06,0
78,17,0,4.907638803414252e-06,0
78,18,0,5.457950105264465e-06,0
78,19,0,3.0512337025617325e-06,0
78,20,0,1.7566218615539877e-07,0
78,21,0,7.717111578599251e-08,0
78,22,0,8.756035403816133e-08,0
78,23,0,8.310465572965765e-08,0
78,24,0,1.470174203855191e-07,0
78,25,0,4.210730423456642e-08,0
78,26,0,2.886187801758402e-08,0
78,27,0,2.4836543628137905e-08,0
78,28,0,3.8636358930087205e-08,0
78,29,0,1.0367051983007225e-08,0
78,30,0,2.7147820407403983e-08,0
78,31,0,6.865248908337366e-08,0
78,32,0,1.527142416034132e-07,0
78,33,0,2.2793748699511215e-07,0
78,34,0,3.0843694732772675e-07,0
78,35,0,3.070299494983193e-07,0
78,36,0,2.0795849593368006e-07,0
78,37,0,1.6386707736240427e-07,0
78,38,0,2.637728907953062e-07,0
78,39,0,8.256107029722275e-07,0
78,40,0,3.0792713137122426e-07,0
78,41,0,7.680948254434779e-07,0
78,42,0,1.8767313835833416e-06,0
78,43,0,2.7743950105274715e-06,0
78,44,0,5.404482118066331e-06,0
78,45,0,2.1981903634206157e-06,0
78,46,0,4.07121796658378e-06,0
78,47,0,3.4145212960044743e-06,0
78,48,0,1.39170422186866e-06,0
78,49,0,1.694939112200106e-06,0
78,50,0,1.089797243782852e-06,0
78,51,0,1.2010728054101833e-06,0
78,52,0,1.8184161332032882e-07,0
78,53,0,4.320934852095777e-08,0
78,54,0,5.262404768206354e-09,0
78,55,0,1.7916225341724453e-08,0
78,56,0,5.6910317732440975e-09,0
78,57,0,5.4461815570252255e-09,0
78,58,0,7.473471816750086e-09,0
78,59,0,1.629546578470993e-08,0
78,60,0,9.44740801109784e-09,0
78,61,0,9.326465506223599e-09,0
78,62,0,6.867793277108138e-08,0
78,63,0,1.5116103387931724e-07,0
78,64,0,5.472072345686123e-07,0
78,65,0,3.49293179009513e-07,0
78,66,0,1.2968157472751298e-05,0
78,67,0,1.61462204381701e-05,0
78,68,0,2.5604318526404635e-05,0
78,69,0,1.5128947139489987e-05,0
78,70,0,1.0639334965474826e-05,0
78,71,0,2.5629929752646253e-05,0
78,72,0,3.564669062132372e-06,0
78,73,0,1.210606567565225e-06,0
78,74,0,2.102157037868593e-06,0
78,75,0,3.0328972005318933e-06,0
78,76,0,1.4576041114413239e-06,0
78,77,0,1.5129628795217927e-06,0
78,78,0,3.865878421739785e-06,0
78,79,0,6.747388849680337e-07,0
78,80,0,9.949081829619328e-07,0
78,81,0,5.970363329830998e-07,0
78,82,0,1.0402201628455018e-06,0
78,83,0,2.4019419764577883e-06,0
78,84,0,1.7985665857588838e-06,0
78,85,0,4.3429681369837544e-06,0
78,86,0,4.8530617982454285e-06,0
78,87,0,4.779167584810734e-06,0
78,88,0,6.693657595877133e-05,0
78,89,0,3.541928396155641e-05,0
78,90,0,4.658372429090237e-05,0
78,91,0,1.1794984212741377e-05,0
78,92,0,6.603234622767559e-07,0
78,93,0,4.6831912041007717e-07,0
78,94,0,4.809400052693592e-07,0
78,95,0,1.9074536581932317e-07,0
78,96,0,1.6027935385360279e-07,0
78,97,0,9.623268600561622e-08,0
78,98,0,1.021836313071636e-07,0
78,99,0,2.000875422618431e-06,0
78,100,0,2.6998254253179954e-06,0
78,101,0,6.8487535702607425e-06,0
78,102,0,1.0246866274147023e-05,0
78,103,0,8.337650280205338e-05,0
78,104,0,0.00019359466840452005,0
78,105,0,0.00023134006324775704,0
78,106,0,0.0002048641616602257,0
78,107,0,6.856860527367283e-06,0
78,108,0,6.652617687565063e-07,0
78,109,0,1.5949702748888572e-06,0
78,110,0,2.136438881863002e-06,0
78,111,0,3.847937060286153e-06,0
78,112,0,1.0846312506855565e-05,0
78,113,0,3.876824774767354e-06,0
78,114,0,5.866720754996891e-07,0
78,115,0,1.7791957545603992e-06,0
78,116,0,2.1944130885598207e-06,0
78,117,0,0.0001124183046528143,0
78,118,0,0.0006719585761075184,0
78,119,0,6.64897805635709e-05,0
78,120,0,3.9836252641561835e-05,0
78,121,0,8.456562780756252e-05,0
78,122,0,4.7983669828513095e-05,0
78,123,0,7.397527918586862e-05,0
78,124,0,6.192261280296937e-05,0
78,125,0,0.00016159567047787868,0
78,126,0,0.00030484882567528436,0
78,127,0,0.00012871246178314588,0
78,128,0,0.0001491542709500696,0
78,129,0,1.5536842408632334e-05,0
78,130,0,1.2870564542802938e-05,0
78,131,0,3.49935406163079e-05,0
78,132,0,4.0333818069742896e-05,0
78,133,0,0.00011667461441064563,0
78,134,0,0.00015602416910721355,0
78,135,0,5.672309925719703e-05,0
78,136,0,1.7396367419421284e-05,0
78,137,0,2.1566675142054472e-05,0
78,138,0,1.1118147617834774e-05,0
78,139,0,3.326676035575909e-05,0
78,140,0,1.334784040420307e-05,0
78,141,0,2.4455741185290906e-05,0
78,142,0,1.9857120322179e-05,0
78,143,0,9.728234791558044e-05,0
78,144,0,0.00022160566229366985,0
78,145,0,8.943775987682206e-05,0
78,146,0,0.0003074966400880164,0
78,147,0,0.0001818911377635756,0
78,148,0,0.00015537730280850332,0
78,149,0,0.00012385395848764586,0
78,150,0,0.00018048694998113978,0
78,151,0,0.000189696879768172,0
78,152,0,0.0002811560954927268,0
78,153,0,0.00015569409339916774,0
78,154,0,0.00024661288379703507,0
78,155,0,0.0003616389535942476,0
78,156,0,0.00022560318652958448,0
78,157,0,0.0003430749887955025,0
78,158,0,0.0028268416429059313,0
78,159,0,0.004197721469153232,0
78,160,0,0.009056663736181721,0
78,161,0,0.002560816399335817,0
78,162,0,0.0015413174340395367,0
78,163,0,0.00552853612987878,0
78,164,0,0.0023218377106516775,0
78,165,0,0.0023590573180306395,0
78,166,0,0.0025763622036394165,0
78,167,0,0.0018940301006193374,0
78,168,0,0.0006627451023584437,0
78,169,0,0.0022439129893624048,0
78,170,0,0.005575217077698535,0
78,171,0,0.0037432134246952187,0
78,172,0,0.005106120275043319,0
78,173,0,0.007848104878917721,0
78,174,0,0.003479029465852879,0
78,175,0,0.009479738671055055,0
78,176,0,0.0064622682566034045,0
78,177,0,0.006766505015969844,0
78,178,0,0.0062548776323528826,0
78,179,0,0.0038783584096596982,0
78,180,0,0.007436276628767762,0
78,181,0,0.019338275961242362,0
78,182,0,0.030479803705426252,0
78,183,0,0.0691675882563085,0
78,184,0,0.07309555392109522,0
78,185,0,0.03446101484736648,0
78,186,0,0.032329474207597006,0
78,187,0,0.09438269363320338,0
78,188,0,0.11242199706036897,0
78,189,0,0.1422411409591634,0
78,190,0,0.11977013217583206,0
78,191,0,0.11324527154664904,0
78,192,0,0.06218825096850729,0
78,193,0,0.1533274330274151,0
78,194,0,0.32360185126935076,0
78,195,0,0.38842777029967124,0
78,196,0,0.342166402073876,0
78,197,0,0.5084173181762861,1
78,198,0,0.5530846112872994,1
78,199,0,0.5131016377916316,1
78,200,0,0.50220593987148,1
78,201,1,0.5402135464124245,1
78,202,1,0.48222699509416483,0
78,203,1,0.7262298313742841,1
78,204,1,0.7970980649929528,1
78,205,1,0.9519175313782607,1
78,206,1,0.9259452887864601,1
78,207,1,0.8593250886750299,1
78,208,1,0.9519555714095977,1
78,209,1,0.9075733092707898,1
78,210,1,0.9435992117093149,1
78,211,1,0.950257050776265,1
78,212,1,0.959440132519501,1
78,213,1,0.8419218265415722,1
78,214,1,0.7024372617026338,1
78,215,1,0.5977422692186685,1
78,216,1,0.8452721482499649,1
78,217,1,0.8922018758773241,1
78,218,1,0.9797740877568162,1
78,219,1,0.974181987456405,1
78,220,1,0.9884081272887383,1
78,221,1,0.9965671230004924,1
78,222,1,0.9987467875273776,1
78,223,1,0.9993600264498653,1
78,224,1,0.9996253468862532,1
78,225,1,0.9995015708122059,1
78,226,1,0.999933569566574,1
78,227,1,0.9999637663374902,1
78,228,1,0.9999782807374589,1
78,229,1,0.9999836736136194,1
78,230,1,0.9999862816447949,1
78,231,0,0.9999890067275359,1
81,1,0,0.07077646310178966,0
81,2,0,0.028716608470669886,0
81,3,0,0.000526007241548346,0
81,4,0,0.001167941587564627,0
81,5,0,9.307604196058647e-05,0
81,6,0,0.00021017496241249747,0
81,7,0,0.0005552549942983933,0
81,8,0,0.00012034622864167294,0
81,9,0,7.952711867885613e-05,0
81,10,0,0.00047739137261092754,0
81,11,0,8.708167806796723e-05,0
81,12,0,0.00011326344205534935,0
81,13,0,7.801679979279289e-05,0
81,14,0,0.0003264300537188681,0
81,15,0,0.000532818844386866,0
81,16,0,8.472076531587045e-05,0
81,17,0,0.00034842660658965333,0
81,18,0,0.00025267199212483134,0
81,19,0,0.0006031360170189783,0
81,20,0,0.00020182411485601142,0
81,21,0,0.0004997177965952154,0
81,22,0,0.0024929845082691314,0
81,23,0,0.0027281776428432773,0
81,24,0,0.0007695105692070279,0
81,25,0,0.0025179918578581905,0
81,26,0,0.005244278731733746,0
81,27,0,0.0093982286717565,0
81,28,0,0.010156016063404742,0
81,29,0,0.011275981321548544,0
81,30,0,0.003236045647584536,0
81,31,0,0.003983668821437667,0
81,32,0,0.0011901195055120327,0
81,33,0,0.0006264172858501814,0
81,34,0,0.0007805678428037584,0
81,35,0,0.001124409141044763,0
81,36,0,0.0014631631601098925,0
81,37,0,0.0021103313030659487,0
81,38,0,0.003101046155495943,0
81,39,0,0.00501238646100391,0
81,40,0,0.007323223197206457,0
81,41,0,0.008586973070011316,0
81,42,0,0.014998568567754932,0
81,43,0,0.012333377980272557,0
81,44,0,0.02197085284882961,0
81,45,0,0.016559590807677743,0
81,46,0,0.005038850550264654,0
81,47,0,0.007305213099141123,0
81,48,0,0.0032240535845799484,0
81,49,0,0.003354614776729335,0
81,50,0,0.0008838936541699999,0
81,51,0,0.00034349334641434805,0
81,52,0,0.0006012849336080794,0
81,53,0,0.00043644405208224436,0
81,54,0,0.0003029732151735413,0
81,55,0,0.0001792277296388325,0
81,56,0,0.00011404540717054927,0
81,57,0,0.00024986697552588995,0
81,58,0,0.00011207342326372794,0
81,59,0,4.8044595724423516e-05,0
81,60,0,6.747405728885598e-05,0
81,61,0,0.0001697048423471866,0
81,62,0,4.7203787907840746e-05,0
81,63,0,0.00012738361946202745,0
81,64,0,0.0005474680969502514,0
81,65,0,0.00024468358494037694,0
81,66,0,0.00030608146968661364,0
81,67,0,0.0005666647628044662,0
81,68,0,0.001041859850692447,0
81,69,0,0.0006261245322823023,0
81,70,0,0.0003374102238029811,0
81,71,0,0.000852722976659918,0
81,72,0,0.000538241798638045,0
81,73,0,0.0004063431687933947,0
81,74,0,0.00013704135162804368,0
81,75,0,0.00021562777008433755,0
81,76,0,0.0013832034684347829,0
81,77,0,0.0009499467676798255,0
81,78,0,0.000629864513738458,0
81,79,0,0.0004577243523940361,0
81,80,0,0.0002945007723918588,0
81,81,0,0.0003605958909817468,0
81,82,0,0.00024752996852269837,0
81,83,0,6.129718376112365e-05,0
81,84,0,6.819920961356412e-06,0
81,85,0,3.448972803136288e-06,0
81,86,0,4.053534535754078e-06,0
81,87,0,6.541650751327503e-06,0
81,88,0,3.880161887039863e-06,0
81,89,0,2.4754584453855294e-05,0
81,90,0,3.966441572412239e-05,0
81,91,0,6.969149635588518e-05,0
81,92,0,3.0134564672687142e-05,0
81,93,0,6.718654995205304e-05,0
81,94,0,8.673569427549559e-05,0
81,95,0,0.0001163888367895591,0
81,96,0,8.95672644123302e-05,0
81,97,0,4.775371721045713e-05,0
81,98,0,0.00015598548701079617,0
81,99,0,0.0002584496097779447,0
81,100,0,0.00044677061911192165,0
81,101,0,0.0002793926010591405,0
81,102,0,0.0005410969950698529,0
81,103,0,0.0007896576706722287,0
81,104,0,0.0001459190964689635,0
81,105,0,1.9443570564289025e-05,0
81,106,0,3.181994749624372e-05,0
81,107,0,0.00016409286176209396,0
81,108,0,6.398114614074909e-05,0
81,109,0,8.970078535106234e-05,0
81,110,0,0.00024044360321472225,0
81,111,0,0.00018517308568170745,0
81,112,0,0.00017392024145695004,0
81,113,0,0.00013121271445516093,0
81,114,0,0.0003911626470774772,0
81,115,0,0.0016772591119121136,0
81,116,0,0.0033884848631216035,0
81,117,0,0.0036202640116147905,0
81,118,0,0.0017558607537031335,0
81,119,0,0.004432171200093211,0
81,120,0,0.006405596516433781,0
81,121,0,0.007704047943846683,0
81,122,0,0.006424245552385239,0
81,123,0,0.002318943067602991,0
81,124,0,0.0024724149143645425,0
81,125,0,0.0037232622994446494,0
81,126,0,0.0013887459371300914,0
81,127,0,0.0010504632408893015,0
81,128,0,0.003225522638565275,0
81,129,0,0.0009776678392839574,0
81,130,0,0.0012823714293711877,0
81,131,0,0.0005248845832769916,0
81,132,0,0.0005455174677081323,0
81,133,0,0.0005252603413159729,0
81,134,0,0.0007997433672343272,0
81,135,0,0.0003897292229418944,0
81,136,0,0.0005996754339338957,0
81,137,0,0.0011719111067014006,0
81,138,0,0.0019316777802409406,0
81,139,0,0.0018952645087704628,0
81,140,0,0.005515657490909112,0
81,141,0,0.006721314316750208,0
81,142,0,0.0125519876431766,0
81,143,0,0.014625854106154756,0
81,144,0,0.009348366677235176,0
81,145,0,0.010963709353907378,0
81,146,0,0.004267980519896618,0
81,147,0,0.0015509520364572877,0
81,148,0,0.0010921268049132844,0
81,149,0,0.0034252828182585455,0
81,150,0,0.012901149707207547,0
81,151,0,0.021052237032198367,0
81,152,0,0.014495997430432379,0
81,153,0,0.0038827614147425344,0
81,154,0,0.0020647308982357695,0
81,155,0,0.0026609564522911376,0
81,156,0,0.0047785338499375316,0
81,157,0,0.009173972389515107,0
81,158,0,0.008669643851746395,0
81,159,0,0.004304299157706724,0
81,160,0,0.00313769781979225,0
81,161,0,0.001860274599407073,0
81,162,0,0.002758548452851055,0
81,163,0,0.0058187052786717545,0
81,164,0,0.017229696703712553,0
81,165,0,0.024924474731356578,0
81,166,0,0.024803276982532554,0
81,167,0,0.03327115006769347,0
81,168,0,0.03206681608087271,0
81,169,0,0.0698056246893587,0
81,170,0,0.039372128398352545,0
81,171,0,0.01990810445451148,0
81,172,0,0.024697462442267015,0
81,173,0,0.04356037134387379,0
81,174,0,0.018709611449487257,0
81,175,0,0.03621706717527652,0
81,176,0,0.044088339332027854,0
81,177,0,0.021703715465880333,0
81,178,0,0.024634196480378585,0
81,179,0,0.07996253338902977,0
81,180,0,0.06035001841872228,0
81,181,0,0.03455305928892638,0
81,182,0,0.10630625768480942,0
81,183,0,0.02912739694277283,0
81,184,0,0.023171783530057492,0
81,185,0,0.00920686767817866,0
81,186,0,0.011234606262698442,0
81,187,0,0.012281201271863,0
81,188,0,0.021302096304519007,0
81,189,0,0.016523013959375384,0
81,190,0,0.04135100947589117,0
81,191,0,0.20065468884915422,0
81,192,0,0.34623986347928876,0
81,193,0,0.2902235024223282,0
81,194,0,0.5596241000240555,1
81,195,0,0.13932190367018313,0
81,196,0,0.06564496387169624,0
81,197,0,0.20521068950344962,0
81,198,0,0.16539216464204304,0
81,199,0,0.2362930734665596,0
81,200,0,0.21560496276632926,0
81,201,0,0.22463057657550492,0
81,202,0,0.1134616070417618,0
81,203,0,0.28413500791809543,0
81,204,0,0.2939573221909518,0
81,205,0,0.40596228928273015,0
81,206,0,0.500221863138908,1
81,207,0,0.5427969753756489,1
81,208,0,0.3256718843021326,0
81,209,0,0.5967061827787298,1
81,210,1,0.7315148378108305,1
81,211,1,0.6568870014655731,1
81,212,1,0.8290367036271958,1
81,213,1,0.8119366699048912,1
81,214,1,0.8861251655066416,1
81,215,1,0.841808927268502,1
81,216,1,0.852677411094063,1
81,217,1,0.7745920594286897,1
81,218,1,0.7351962610756386,1
81,219,1,0.8659061637952512,1
81,220,1,0.8707218455829266,1
81,221,1,0.74385639583726,1
81,222,1,0.8488254806173376,1
81,223,1,0.7640878254617831,1
81,224,1,0.8215588995849887,1
81,225,1,0.8930827405481081,1
81,226,1,0.9639943892147915,1
81,227,1,0.8939743431617178,1
81,228,1,0.9835165220817611,1
81,229,1,0.9838957038616133,1
81,230,1,0.9749840606373701,1
81,231,1,0.9834466475517134,1
81,232,1,0.9955066880928573,1
81,233,1,0.9972125328284841,1
81,234,1,0.9966554888175574,1
81,235,1,0.9989965057932279,1
81,236,1,0.9962990736180907,1
81,237,1,0.9983195673901624,1
81,238,1,0.997198566992786,1
81,239,1,0.9965293692453547,1
81,240,0,0.9988931125587348,1
84,1,0,0.27884098547940284,0
84,2,0,0.0012150426434937665,0
84,3,0,0.004677831420564142,0
84,4,0,0.0010762355530532985,0
84,5,0,0.0018821791314806967,0
84,6,0,0.004064149461928084,0
84,7,0,0.00459955621119133,0
84,8,0,0.002455152762893289,0
84,9,0,0.002049331076301998,0
84,10,0,0.003682909045302681,0
84,11,0,0.003438533807612763,0
84,12,0,0.01509649228512319,0
84,13,0,0.007397952231373963,0
84,14,0,0.006159229623874135,0
84,15,0,0.009527243857815042,0
84,16,0,0.004269031378412387,0
84,17,0,0.002879381200251606,0
84,18,0,0.0015893561909379552,0
84,19,0,0.005537753713546716,0
84,20,0,0.0022686459129220714,0
84,21,0,0.0019232304199083043,0
84,22,0,0.0022594227864596254,0
84,23,0,0.0011873421067161564,0
84,24,0,0.0012650833188465036,0
84,25,0,0.0016723042572127044,0
84,26,0,0.0015805673119021534,0
84,27,0,0.0018806738874562528,0
84,28,0,0.005628253737379473,0
84,29,0,0.005703215315616658,0
84,30,0,0.009225338380322667,0
84,31,0,0.026926125868037182,0
84,32,0,0.014629370035301606,0
84,33,0,0.015991320282699086,0
84,34,0,0.01034584052510044,0
84,35,0,0.013977482009349236,0
84,36,0,0.004177430119147602,0
84,37,0,0.004300613963805507,0
84,38,0,0.0021896425740436697,0
84,39,0,0.00142718306503877,0
84,40,0,0.0012412433639550267,0
84,41,0,0.0012605096926999095,0
84,42,0,0.0011194386772889532,0
84,43,0,0.0014648557737010368,0
84,44,0,0.0005486113798151993,0
84,45,0,0.0003516136855639586,0
84,46,0,0.00032017365717615343,0
84,47,0,0.0004027413592573864,0
84,48,0,0.00022251649913775708,0
84,49,0,0.00035004380491984803,0
84,50,0,0.0004440119178554779,0
84,51,0,0.0006277229936302773,0
84,52,0,0.0008536415552937568,0
84,53,0,0.0027525083274227754,0
84,54,0,0.0006974139668917745,0
84,55,0,0.0010961569839629817,0
84,56,0,0.0006417810228936068,0
84,57,0,0.0009354577772094302,0
84,58,0,0.00039410257287820534,0
84,59,0,0.0005870743186285125,0
84,60,0,0.0013896815359619793,0
84,61,0,0.0008196900736008647,0
84,62,0,0.0009185646185879969,0
84,63,0,0.002681622987849773,0
84,64,0,0.0063152749706826055,0
84,65,0,0.014918411560956614,0
84,66,0,0.012412184001105046,0
84,67,0,0.006387867397189443,0
84,68,0,0.014717290161382752,0
84,69,0,0.01492481550986634,0
84,70,0,0.012077410206171157,0
84,71,0,0.013110144301019401,0
84,72,0,0.01159386069317233,0
84,73,0,0.0056232901281580506,0
84,74,0,0.00911219521663713,0
84,75,0,0.006863462982164855,0
84,76,0,0.005819959002127786,0
84,77,0,0.003987002524436603,0
84,78,0,0.0057143792604096,0
84,79,0,0.002397360373745218,0
84,80,0,0.00045590748586017276,0
84,81,0,0.0007346603237674625,0
84,82,0,0.0008056732642749035,0
84,83,0,0.00038568842774395877,0
84,84,0,0.00020309479540730354,0
84,85,0,0.0001762568739296693,0
84,86,0,0.0001685296064010101,0
84,87,0,0.0001791076289398356,0
84,88,0,0.0003158804103818818,0
84,89,0,0.00020895689638440312,0
84,90,0,0.00028958379874066085,0
84,91,0,0.00032963770867539276,0
84,92,0,0.0007623483297137611,0
84,93,0,0.0009101688480202303,0
84,94,0,0.00022789456343479299,0
84,95,0,0.0006023198995141036,0
84,96,0,0.0011224658715891284,0
84,97,0,0.00047303479379584573,0
84,98,0,0.0007341197739543699,0
84,99,0,0.001046470984401604,0
84,100,0,0.0005516658201768692,0
84,101,0,0.0015717494876376715,0
84,102,0,0.0011597276747169801,0
84,103,0,0.0008647175006225465,0
84,104,0,0.00556041101597489,0
84,105,0,0.0009397084331538264,0
84,106,0,0.0010564402068590647,0
84,107,0,0.001050413152757643,0
84,108,0,0.0007169980560196375,0
84,109,0,0.0012892037117567363,0
84,110,0,0.0024882811161074368,0
84,111,0,0.0016884858255151174,0
84,112,0,0.006880094435527972,0
84,113,0,0.010293799972184615,0
84,114,0,0.006354079892213406,0
84,115,0,0.005156057090833421,0
84,116,0,0.0030215525036826453,0
84,117,0,0.0027274214122741352,0
84,118,0,0.0019199272618658039,0
84,119,0,0.001991135863563547,0
84,120,0,0.002123453867302856,0
84,121,0,0.0011744123265882908,0
84,122,0,0.0019536081098498956,0
84,123,0,0.0006607136634309634,0
84,124,0,0.0017094437567204425,0
84,125,0,0.0015943926805762818,0
84,126,0,0.005929479382576228,0
84,127,0,0.006139115442836316,0
84,128,0,0.013702567286910276,0
84,129,0,0.004058283830993448,0
84,130,0,0.016415089035217895,0
84,131,0,0.004805997796625703,0
84,132,0,0.001500471552809227,0
84,133,0,0.001105940748121916,0
84,134,0,0.0005354395060235262,0
84,135,0,0.00044361129630147495,0
84,136,0,0.0017175640458962566,0
84,137,0,0.0012838127805166017,0
84,138,0,0.0010582117252231104,0
84,139,0,0.0024304321981058314,0
84,140,0,0.00194476064131358,0
84,141,0,0.0032320315662497097,0
84,142,0,0.003293515986474965,0
84,143,0,0.0019081003774108572,0
84,144,0,0.0027188616941706046,0
84,145,0,0.0018310687921963174,0
84,146,0,0.002065024729966384,0
84,147,0,0.0006355149241695236,0
84,148,0,0.00048676843486859036,0
84,149,0,0.0005713322828810642,0
84,150,0,0.0007431365543979163,0
84,151,0,0.0009366596157318713,0
84,152,0,0.004404398918381018,0
84,153,0,0.0025808014658599294,0
84,154,0,0.0026671926864455767,0
84,155,0,0.011349388234835783,0
84,156,0,0.0068195780102873575,0
84,157,0,0.004772296785209404,0
84,158,0,0.024538432770589192,0
84,159,0,0.007574309579198583,0
84,160,0,0.017052356483104967,0
84,161,0,0.0058659344987335394,0
84,162,0,0.003995294743738396,0
84,163,0,0.002825351186112781,0
84,164,0,0.004119050863992024,0
84,165,0,0.0036076276348429104,0
84,166,0,0.00162806599032974,0
84,167,0,0.0020605381633589793,0
84,168,0,0.0012508923472132154,0
84,169,0,0.002679463158685539,0
84,170,0,0.000890304589930422,0
84,171,0,0.0006815026996729363,0
84,172,0,0.0009387640466465999,0
84,173,0,0.0015367685244700238,0
84,174,0,0.0020063965319158713,0
84,175,0,0.0015425022667973072,0
84,176,0,0.0019260921049224073,0
84,177,0,0.008924844166302095,0
84,178,0,0.014603849697479968,0
84,179,0,0.03970270283239884,0
84,180,0,0.017765035655926478,0
84,181,0,0.03210618462193748,0
84,182,0,0.010700610327893469,0
84,183,0,0.00640603315825838,0
84,184,0,0.014590318430376174,0
84,185,0,0.012143515868382665,0
84,186,0,0.011371620087740647,0
84,187,0,0.011822446296390718,0
84,188,0,0.003267324436082787,0
84,189,0,0.0018774156710234349,0
84,190,0,0.004700988451684053,0
84,191,0,0.005219171047046344,0
84,192,0,0.0011987878527510625,0
84,193,0,0.005827517213687009,0
84,194,0,0.001927696255002018,0
84,195,0,0.0012897156169486038,0
84,196,0,0.0019170221553314732,0
84,197,0,0.0019222862969465841,0
84,198,0,0.004163056115447064,0
84,199,0,0.006403141908555407,0
84,200,0,0.006021475744275999,0
84,201,0,0.004384795349410595,0
84,202,0,0.0034499516207804094,0
84,203,0,0.004175801110135019,0
84,204,0,0.009476330511604639,0
84,205,0,0.016172398408064174,0
84,206,0,0.02129999035078212,0
84,207,0,0.0728931153749975,0
84,208,0,0.037074902304199145,0
84,209,0,0.06644706158690403,0
84,210,0,0.13864665658676795,0
84,211,0,0.2078735234487607,0
84,212,0,0.1686572280374802,0
84,213,0,0.1295872434799779,0
84,214,0,0.04574506047562483,0
84,215,0,0.02681492029357731,0
84,216,0,0.04556891255997412,0
84,217,0,0.1007601071206318,0
84,218,0,0.03498660118207467,0
84,219,0,0.07260056616674675,0
84,220,0,0.02846200473680518,0
84,221,0,0.048227935981901386,0
84,222,0,0.10706633547560067,0
84,223,0,0.05799537211549832,0
84,224,0,0.04835554438523093,0
84,225,0,0.03571783366592238,0
84,226,0,0.07914468606884557,0
84,227,0,0.0436533955639312,0
84,228,0,0.03793746581240748,0
84,229,0,0.027239020857592017,0
84,230,0,0.032921466411431025,0
84,231,0,0.05462650665876076,0
84,232,0,0.06946766004675166,0
84,233,0,0.07153446901540864,0
84,234,0,0.060861605186861026,0
84,235,0,0.03635417082599069,0
84,236,0,0.09445760846549232,0
84,237,1,0.06917320905443701,0
84,238,1,0.09819448618696724,0
84,239,1,0.12804211159004888,0
84,240,1,0.17627914735839964,0
84,241,1,0.2334613353094826,0
84,242,1,0.2408597558872023,0
84,243,1,0.20462898995800183,0
84,244,1,0.43854499414903464,0
84,245,1,0.6180731643506201,1
84,246,1,0.41080528714235,0
84,247,1,0.6647720398850039,1
84,248,1,0.8413654163978272,1
84,249,1,0.6849158236154061,1
84,250,1,0.4687690703924808,0
84,251,1,0.5712657563223731,1
84,252,1,0.5088343019531076,1
84,253,1,0.7248902713251427,1
84,254,1,0.8419484768358102,1
84,255,1,0.46967765240594384,0
84,256,1,0.48107787235944777,0
84,257,1,0.7002309603952801,1
84,258,1,0.6343772675079615,1
84,259,1,0.6914075353517303,1
84,260,1,0.8246478752549883,1
84,261,1,0.8110402202593161,1
84,262,1,0.9359080466502941,1
84,263,1,0.9021804665536651,1
84,264,1,0.9211666857256716,1
84,265,1,0.9246896765476815,1
84,266,1,0.9595977909209495,1
84,267,0,0.9839578595865934,1
91,1,0,0.25345442752294367,0
91,2,0,0.00681979017337432,0
91,3,0,0.0004100538965910613,0
91,4,0,0.0022915735926027987,0
91,5,0,0.003054510959245621,0
91,6,0,0.0028392359757864398,0
91,7,0,0.001279003168960339,0
91,8,0,0.003998245702249528,0
91,9,0,0.01466158820132356,0
91,10,0,0.004454305819433143,0
91,11,0,0.0051449653396203904,0
91,12,0,0.0026866363948302176,0
91,13,0,0.001651747487965301,0
91,14,0,0.0032211227524915147,0
91,15,0,0.0011972809641440584,0
91,16,0,0.004492020696180233,0
91,17,0,0.003016193297209466,0
91,18,0,0.0031485533585554324,0
91,19,0,0.002888194491367074,0
91,20,0,0.0016378002135877358,0
91,21,0,0.0011999999170554953,0
91,22,0,0.003189287765068504,0
91,23,0,0.0019006888129583718,0
91,24,0,0.0021577172082299567,0
91,25,0,0.002425181219119925,0
91,26,0,0.007968966991361974,0
91,27,0,0.004104687386571981,0
91,28,0,0.003200744145776985,0
91,29,0,0.0026486993301904557,0
91,30,0,0.003482743189308979,0
91,31,0,0.004272321964896817,0
91,32,0,0.0027625665549188307,0
91,33,0,0.038238037553843786,0
91,34,0,0.008539209384360433,0
91,35,0,0.008344121086754076,0
91,36,0,0.0019552069964876508,0
91,37,0,0.007113411731718399,0
91,38,0,0.0072788345148749175,0
91,39,0,0.013785274287452666,0
91,40,0,0.018223120408517937,0
91,41,0,0.0067962304219325856,0
91,42,0,0.02094939689828112,0
91,43,0,0.0130919249549754,0
91,44,0,0.003216329606133851,0
91,45,0,0.0176135563943243,0
91,46,0,0.0187182317692448,0
91,47,0,0.009892787159270507,0
91,48,0,0.005862438744547559,0
91,49,0,0.004965409477520806,0
91,50,0,0.018163065456377133,0
91,51,0,0.017147051815856004,0
91,52,0,0.013912122502693603,0
91,53,0,0.015041689915727154,0
91,54,0,0.025335701062567408,0
91,55,0,0.011899284099364145,0
91,56,0,0.015782826890468834,0
91,57,0,0.012474455777387844,0
91,58,0,0.0071468445587426705,0
91,59,0,0.006144841313802365,0
91,60,0,0.00623898120442889,0
91,61,0,0.014070078855460992,0
91,62,0,0.005232462666580963,0
91,63,0,0.005085741393864987,0
91,64,0,0.01438138060065953,0
91,65,0,0.011861515590362427,0
91,66,0,0.009212231426775038,0
91,67,0,0.006650073044110867,0
91,68,0,0.015455299683670785,0
91,69,0,0.01491042111530958,0
91,70,0,0.031076438884804672,0
91,71,0,0.03200598636479452,0
91,72,0,0.13443443209050845,0
91,73,0,0.09048612225302421,0
91,74,0,0.09776686394092185,0
91,75,0,0.045479637974379705,0
91,76,0,0.03145511573289829,0
91,77,0,0.032931415869489604,0
91,78,0,0.05531264966607497,0
91,79,0,0.06915487937542221,0
91,80,0,0.09314439274171925,0
91,81,0,0.06904742551535278,0
91,82,0,0.031874664651561385,0
91,83,0,0.04661002290066238,0
91,84,0,0.10665517463307629,0
91,85,0,0.1859106153962282,0
91,86,0,0.17469509851408863,0
91,87,0,0.1515987480659063,0
91,88,0,0.11407002929484172,0
91,89,0,0.06764820188261576,0
91,90,0,0.02461485949291022,0
91,91,0,0.05189638557702689,0
91,92,0,0.05134207543746753,0
91,93,0,0.08099240243777321,0
91,94,0,0.0979041836686173,0
91,95,0,0.1892821533806435,0
91,96,0,0.10136595784415725,0
91,97,0,0.043463765481716286,0
91,98,0,0.06440921151473057,0
91,99,0,0.11674397281918136,0
91,100,0,0.1428296520945657,0
91,101,0,0.224868245224502,0
91,102,0,0.21199645941257694,0
91,103,0,0.17804905639047877,0
91,104,0,0.10695394412491517,0
91,105,1,0.3313131896870831,0
91,106,1,0.49509368024014205,0
91,107,1,0.7647066981724363,1
91,108,1,0.7324368582974231,1
91,109,1,0.7739146914210846,1
91,110,1,0.62905450305185,1
91,111,1,0.3487120498987481,0
91,112,1,0.44669323823112544,0
91,113,1,0.3355612813568833,0
91,114,1,0.4766180725788309,0
91,115,1,0.4921648589991481,0
91,116,1,0.5323096855946716,1
91,117,1,0.3489343252286186,0
91,118,1,0.6022391756870967,1
91,119,1,0.7602022475387558,1
91,120,1,0.784540416176443,1
91,121,1,0.8029281455865002,1
91,122,1,0.6853201311597708,1
91,123,1,0.7318634931288532,1
91,124,1,0.8247005837019751,1
91,125,1,0.8626969983267564,1
91,126,1,0.9614285449460853,1
91,127,1,0.9670259774644799,1
91,128,1,0.9659543993784068,1
91,129,1,0.9783638763672107,1
91,130,1,0.995314865251585,1
91,131,1,0.9949137932332099,1
91,132,1,0.9945332927393683,1
91,133,1,0.9987874585956117,1
91,134,1,0.9994483521009883,1
91,135,0,0.9995950784049943,1
