unit_number,time_cycles,true_target,logistic_regression_baseline_prob,logistic_regression_baseline_pred,decision_tree_prob,decision_tree_pred,random_forest_prob,random_forest_pred,histgradientboosting_prob,histgradientboosting_pred
1,1,0,0.010092636654363383,0,0.00032302349995962207,0,5.244003147269279e-05,0,1.9239537031656253e-05,0
1,2,0,0.0016744089142140478,0,0.00032302349995962207,0,0.010145397565663626,0,3.084573717175071e-05,0
1,3,0,0.0017069093737597896,0,0.00032302349995962207,0,5.751798348142122e-05,0,2.2305390903143873e-05,0
1,4,0,4.6263259827088936e-05,0,0.00032302349995962207,0,5.8355153845590326e-05,0,1.3237673342592269e-05,0
1,5,0,0.00013430225988370222,0,0.00032302349995962207,0,5.8355153845590326e-05,0,1.2921038683314014e-05,0
1,6,0,9.717255611987164e-05,0,0.00032302349995962207,0,5.8355153845590326e-05,0,1.4844218506494769e-05,0
1,7,0,5.2265462476992366e-05,0,0.00032302349995962207,0,5.8355153845590326e-05,0,1.3476247181008988e-05,0
1,8,0,8.855097043627093e-05,0,0.00032302349995962207,0,5.8355153845590326e-05,0,1.600966396039335e-05,0
1,9,0,0.00011407171248289302,0,0.00032302349995962207,0,5.8355153845590326e-05,0,1.3512889902975591e-05,0
1,10,0,0.00011765404628455024,0,0.00032302349995962207,0,5.8355153845590326e-05,0,1.3050469346294252e-05,0
1,11,0,0.0001754951804982923,0,0.00032302349995962207,0,5.8355153845590326e-05,0,1.852043582209316e-05,0
1,12,0,0.00017684545286961525,0,0.00032302349995962207,0,5.8355153845590326e-05,0,1.4841555347820231e-05,0
1,13,0,8.851181775083751e-05,0,0.00032302349995962207,0,5.8355153845590326e-05,0,1.2559466669785056e-05,0
1,14,0,0.00011915760936839605,0,0.00032302349995962207,0,5.747277495209346e-05,0,1.3431849367161203e-05,0
1,15,0,0.0001015149656532094,0,0.00032302349995962207,0,5.8355153845590326e-05,0,1.533595313966124e-05,0
1,16,0,9.753601677982641e-05,0,0.00032302349995962207,0,5.8355153845590326e-05,0,1.3711264233357479e-05,0
1,17,0,0.0001611374638960639,0,0.00032302349995962207,0,5.8355153845590326e-05,0,1.3474776068104381e-05,0
1,18,0,8.35340732899722e-05,0,0.00032302349995962207,0,5.8355153845590326e-05,0,1.3474776068104381e-05,0
1,19,0,0.0001842957134487947,0,0.00032302349995962207,0,5.8355153845590326e-05,0,1.3402580240962057e-05,0
1,20,0,0.00022876003807323646,0,0.00032302349995962207,0,5.8355153845590326e-05,0,1.7734989041961963e-05,0
1,21,0,0.00016380261596503706,0,0.00032302349995962207,0,5.8355153845590326e-05,0,1.3548839825295053e-05,0
1,22,0,0.00030845384855696746,0,0.00032302349995962207,0,5.8355153845590326e-05,0,1.4841555347820231e-05,0
1,23,0,0.0002753360283835889,0,0.00032302349995962207,0,5.8355153845590326e-05,0,1.5407087764597866e-05,0
1,24,0,0.0002552971734783654,0,0.00032302349995962207,0,5.8355153845590326e-05,0,1.752125174584007e-05,0
1,25,0,0.00023846942630018238,0,0.00032302349995962207,0,5.8355153845590326e-05,0,1.3332759999969245e-05,0
1,26,0,0.0004985158060682384,0,0.00032302349995962207,0,5.8355153845590326e-05,0,1.341566477068218e-05,0
1,27,0,0.00047538652478175197,0,0.00032302349995962207,0,5.8355153845590326e-05,0,1.3094772753202009e-05,0
1,28,0,0.0004243550416054998,0,0.00032302349995962207,0,5.8355153845590326e-05,0,1.5687621426193585e-05,0
1,29,0,0.00022277508788533945,0,0.00032302349995962207,0,5.8355153845590326e-05,0,1.3487931079454713e-05,0
1,30,0,0.0003074687772320024,0,0.00032302349995962207,0,5.8355153845590326e-05,0,1.5687621426193585e-05,0
1,31,0,0.00044549297131263484,0,0.00032302349995962207,0,5.8355153845590326e-05,0,1.3402580240962057e-05,0
1,32,0,0.00018259921811387877,0,0.00032302349995962207,0,5.8355153845590326e-05,0,1.5878991087344727e-05,0
1,33,0,0.00011280953827683334,0,0.00032302349995962207,0,5.8355153845590326e-05,0,1.3474776068104381e-05,0
1,34,0,0.0003296380080500796,0,0.00032302349995962207,0,5.8355153845590326e-05,0,1.5354454327654588e-05,0
1,35,0,0.0008597432699654395,0,0.00032302349995962207,0,5.8355153845590326e-05,0,1.6110879066888953e-05,0
1,36,0,0.0003564185227861997,0,0.00032302349995962207,0,5.8355153845590326e-05,0,1.520525223701221e-05,0
1,37,0,0.0006160590077484718,0,0.00032302349995962207,0,5.8355153845590326e-05,0,1.3804980072074473e-05,0
1,38,0,0.00017010365387647644,0,0.00032302349995962207,0,5.8355153845590326e-05,0,1.3804980072074473e-05,0
1,39,0,3.6427821438990906e-05,0,0.00032302349995962207,0,5.8355153845590326e-05,0,1.3474776068104381e-05,0
1,40,0,9.370292106488276e-05,0,0.00032302349995962207,0,5.8355153845590326e-05,0,1.3402580240962057e-05,0
1,41,0,4.1630219930529354e-05,0,0.00032302349995962207,0,5.8355153845590326e-05,0,1.4841555347820231e-05,0
1,42,0,6.612342658396782e-05,0,0.00032302349995962207,0,5.8355153845590326e-05,0,1.3731015085746948e-05,0
1,43,0,4.8346497514527e-05,0,0.00032302349995962207,0,5.8355153845590326e-05,0,1.3731015085746948e-05,0
1,44,0,4.908235684196184e-05,0,0.00032302349995962207,0,5.8355153845590326e-05,0,1.3731015085746948e-05,0
1,45,0,0.0002397749529360308,0,0.00032302349995962207,0,5.8355153845590326e-05,0,1.5444893333289958e-05,0
1,46,0,0.0005857696101000055,0,0.00032302349995962207,0,5.8355153845590326e-05,0,1.3295969063239405e-05,0
1,47,0,0.0002768822394009617,0,0.00032302349995962207,0,5.8355153845590326e-05,0,1.3474776068104381e-05,0
1,48,0,0.0012082011930028421,0,0.00032302349995962207,0,5.8355153845590326e-05,0,1.3402580240962057e-05,0
1,49,0,0.0009566847596584185,0,0.00032302349995962207,0,5.8355153845590326e-05,0,1.4075273913293384e-05,0
1,50,0,0.0011526972781281002,0,0.00032302349995962207,0,5.8355153845590326e-05,0,1.3731015085746948e-05,0
1,51,0,0.0007415080623043582,0,0.00032302349995962207,0,5.8355153845590326e-05,0,1.259245397898669e-05,0
1,52,0,0.0003604740440194681,0,0.00032302349995962207,0,5.8355153845590326e-05,0,1.504976429249206e-05,0
1,53,0,0.0001583416592933852,0,0.00032302349995962207,0,5.8355153845590326e-05,0,1.4969130041223209e-05,0
1,54,0,0.0007173702753447197,0,0.00032302349995962207,0,5.8355153845590326e-05,0,1.3731015085746948e-05,0
1,55,0,0.0002767158133085348,0,0.00032302349995962207,0,5.8355153845590326e-05,0,1.3153906099581179e-05,0
1,56,0,0.00016914718175278535,0,0.00032302349995962207,0,5.8355153845590326e-05,0,1.3548839825295053e-05,0
1,57,0,0.00026145077181637837,0,0.00032302349995962207,0,5.8355153845590326e-05,0,1.3285669375625655e-05,0
1,58,0,0.00014031515191873642,0,0.00032302349995962207,0,5.8355153845590326e-05,0,1.636032065968335e-05,0
1,59,0,0.00011969475599023003,0,0.00032302349995962207,0,5.8355153845590326e-05,0,1.7878310411875234e-05,0
1,60,0,0.00016832489693224768,0,0.00032302349995962207,0,5.8355153845590326e-05,0,1.316674785952916e-05,0
1,61,0,7.709293912102083e-05,0,0.00032302349995962207,0,5.8355153845590326e-05,0,1.297001195409951e-05,0
1,62,0,5.4747376842459286e-05,0,0.00032302349995962207,0,5.8355153845590326e-05,0,1.3548839825295053e-05,0
1,63,0,0.0001257668591605449,0,0.00032302349995962207,0,5.8355153845590326e-05,0,1.3218751927041042e-05,0
1,64,0,0.00030564324340947387,0,0.00032302349995962207,0,5.8355153845590326e-05,0,1.3153906099581179e-05,0
1,65,0,0.0002925115100488623,0,0.00032302349995962207,0,5.8355153845590326e-05,0,1.4361120650831951e-05,0
1,66,0,0.0006490892486784118,0,0.00032302349995962207,0,5.8355153845590326e-05,0,1.3224762408692447e-05,0
1,67,0,0.00023206787457133923,0,0.00032302349995962207,0,5.8355153845590326e-05,0,1.316674785952916e-05,0
1,68,0,0.00024245834244837605,0,0.00032302349995962207,0,5.8355153845590326e-05,0,1.3285669375625655e-05,0
1,69,0,0.00022816921102946443,0,0.00032302349995962207,0,5.8355153845590326e-05,0,1.539655082863546e-05,0
1,70,0,0.00020046220937712623,0,0.00032302349995962207,0,5.8355153845590326e-05,0,1.3153906099581179e-05,0
1,71,0,0.00014540072737991458,0,0.00032302349995962207,0,5.8355153845590326e-05,0,1.3357235446129318e-05,0
1,72,0,0.0006020968621975015,0,0.00032302349995962207,0,5.8355153845590326e-05,0,1.3224762408692447e-05,0
1,73,0,0.00031440965398233127,0,0.00032302349995962207,0,5.8355153845590326e-05,0,1.3224762408692447e-05,0
1,74,0,0.00038005921787811933,0,0.00032302349995962207,0,5.8355153845590326e-05,0,1.4475828247395907e-05,0
1,75,0,0.00021584292207846545,0,0.00032302349995962207,0,5.8355153845590326e-05,0,1.579866323846506e-05,0
1,76,0,0.00018024327193852456,0,0.00032302349995962207,0,5.8355153845590326e-05,0,1.4709520992256011e-05,0
1,77,0,9.524711947392265e-05,0,0.00032302349995962207,0,5.8355153845590326e-05,0,1.4694999859497005e-05,0
1,78,0,0.00032369546731080294,0,0.00032302349995962207,0,0.00036805776930021156,0,1.3684899282811117e-05,0
1,79,0,0.0002892046575551123,0,0.00032302349995962207,0,5.8355153845590326e-05,0,1.4627632037101576e-05,0
1,80,0,0.00035917673375844344,0,0.00032302349995962207,0,5.751495892036768e-05,0,1.4595635688283219e-05,0
1,81,0,0.00038335090890897886,0,0.00032302349995962207,0,5.8355153845590326e-05,0,1.3285669375625655e-05,0
1,82,0,0.0001379519431306769,0,0.00032302349995962207,0,5.8355153845590326e-05,0,1.6111346415105764e-05,0
1,83,0,0.0003463923800836968,0,0.00032302349995962207,0,5.8355153845590326e-05,0,1.6268736873119852e-05,0
1,84,0,0.0005070801635447687,0,0.00032302349995962207,0,5.8355153845590326e-05,0,1.3529473646490214e-05,0
1,85,0,0.0010618343725786771,0,0.00032302349995962207,0,5.8355153845590326e-05,0,1.4923131459763466e-05,0
1,86,0,0.0005100823359741317,0,0.00032302349995962207,0,5.8355153845590326e-05,0,1.4709341282104615e-05,0
1,87,0,0.0003449136146638108,0,0.00032302349995962207,0,5.8355153845590326e-05,0,1.8562189154379994e-05,0
1,88,0,0.0006071076235060567,0,0.00032302349995962207,0,5.8355153845590326e-05,0,1.4217183007408232e-05,0
1,89,0,0.0008781378830213429,0,0.00032302349995962207,0,5.8355153845590326e-05,0,1.3285669375625655e-05,0
1,90,0,0.0001640002690813262,0,0.00032302349995962207,0,0.00022068969352446611,0,1.8419844921253755e-05,0
1,91,0,0.00020334776593619925,0,0.00032302349995962207,0,5.8355153845590326e-05,0,1.839831806138416e-05,0
1,92,0,0.00023104904041396332,0,0.00032302349995962207,0,5.8355153845590326e-05,0,1.469139025007602e-05,0
1,93,0,0.0002766613509857268,0,0.00032302349995962207,0,5.8355153845590326e-05,0,1.4882025044579296e-05,0
1,94,0,0.0011176463768134057,0,0.00032302349995962207,0,0.0002125551200287711,0,1.2980546861354246e-05,0
1,95,0,0.001135515791303328,0,0.00032302349995962207,0,5.8355153845590326e-05,0,1.7080793304503654e-05,0
1,96,0,0.0009560441644518986,0,0.00032302349995962207,0,5.8355153845590326e-05,0,1.4246674675901476e-05,0
1,97,0,0.001753941930445881,0,0.00032302349995962207,0,5.8355153845590326e-05,0,1.481817336763764e-05,0
1,98,0,0.0008734252672797487,0,0.00032302349995962207,0,5.666667769531595e-05,0,1.7941182835300675e-05,0
1,99,0,0.0013564488851397695,0,0.00032302349995962207,0,5.8355153845590326e-05,0,1.4358458320984845e-05,0
1,100,0,0.0007608578152563624,0,0.00032302349995962207,0,5.751495892036768e-05,0,1.6651093747098013e-05,0
1,101,0,0.00030840785735510257,0,0.00032302349995962207,0,5.8355153845590326e-05,0,1.7010351584833266e-05,0
1,102,0,0.0003807279828987746,0,0.00032302349995962207,0,0.0002125551200287711,0,1.2876893025921281e-05,0
1,103,0,0.0002925868294634137,0,0.00032302349995962207,0,5.8355153845590326e-05,0,1.3611576876417728e-05,0
1,104,0,0.00010900157316951617,0,0.00032302349995962207,0,5.8355153845590326e-05,0,1.2994972006452169e-05,0
1,105,0,0.0003392842526828191,0,0.00032302349995962207,0,5.8355153845590326e-05,0,1.2392834651509658e-05,0
1,106,0,0.0004251855683380199,0,0.00032302349995962207,0,5.8355153845590326e-05,0,1.3357235446129318e-05,0
1,107,0,0.00047397064756523005,0,0.00032302349995962207,0,0.007926399986295267,0,1.4345040981860138e-05,0
1,108,0,0.00032073011208485645,0,0.00032302349995962207,0,0.0068120414312007,0,1.3778452196340822e-05,0
1,109,0,0.000283904887462962,0,0.00032302349995962207,0,0.006814460057755925,0,1.5513114237794218e-05,0
1,110,0,0.00020252682655691473,0,0.00032302349995962207,0,0.011261378524961379,0,1.3598325091550675e-05,0
1,111,0,0.0004588938192735397,0,0.00032302349995962207,0,0.011261378524961379,0,1.5739387242681975e-05,0
1,112,0,0.0005463554995860559,0,0.00032302349995962207,0,0.009502799598290035,0,1.5529441355028144e-05,0
1,113,0,0.0006795447563088356,0,0.00032302349995962207,0,0.009651191622731264,0,1.4340046789579559e-05,0
1,114,0,0.00043285172693935473,0,0.00032302349995962207,0,0.00505835515384559,0,1.4709341282104615e-05,0
1,115,0,0.0005771055406693276,0,0.00032302349995962207,0,0.00505835515384559,0,1.9395653652731805e-05,0
1,116,0,0.00043559262972032027,0,0.00032302349995962207,0,0.00505835515384559,0,2.1165428482602194e-05,0
1,117,0,0.0002734733526443518,0,0.00032302349995962207,0,5.8355153845590326e-05,0,1.562704874187017e-05,0
1,118,0,0.00010177174619838482,0,0.00032302349995962207,0,5.8355153845590326e-05,0,1.5158837145089796e-05,0
1,119,0,9.044581812440995e-05,0,0.00032302349995962207,0,5.8355153845590326e-05,0,1.6812747272392143e-05,0
1,120,0,0.00015844280123434665,0,0.00032302349995962207,0,5.8355153845590326e-05,0,1.6525012321339575e-05,0
1,121,0,0.0001630618281136104,0,0.00032302349995962207,0,5.8355153845590326e-05,0,2.2618097248828713e-05,0
1,122,0,0.0006387778053249563,0,0.00032302349995962207,0,9.082268631312281e-05,0,4.1943183382058e-05,0
1,123,0,0.000483506879125086,0,0.00032302349995962207,0,0.00769970262648327,0,1.668186959422793e-05,0
1,124,0,0.0012482301996429195,0,0.00032302349995962207,0,0.0429826124907379,0,1.7962545750022297e-05,0
1,125,0,0.003696276627870807,0,0.00032302349995962207,0,0.04554103463451112,0,2.2949018086360836e-05,0
1,126,0,0.006049861379159073,0,0.00032302349995962207,0,0.019180070717357847,0,3.722002751858594e-05,0
1,127,0,0.026605064285572768,0,0.00032302349995962207,0,0.009188334188538906,0,2.30907122305444e-05,0
1,128,0,0.03083919286452989,0,0.00032302349995962207,0,0.0033946833948881134,0,5.999707158773583e-05,0
1,129,0,0.01165677901488925,0,0.00032302349995962207,0,0.025683454499473582,0,7.029991362756909e-05,0
1,130,0,0.022313583708319148,0,0.00032302349995962207,0,0.0007548146304444958,0,3.8952757351154706e-05,0
1,131,0,0.06315197084874878,0,0.00032302349995962207,0,0.010552960208966846,0,5.3718912378553645e-05,0
1,132,0,0.052868813292824536,0,0.00032302349995962207,0,0.007122941550744411,0,4.383993042539669e-05,0
1,133,0,0.051734279064188655,0,0.00032302349995962207,0,0.0005538004038920675,0,4.249422398371216e-05,0
1,134,0,0.04667206696366984,0,0.0,0,0.012205112304406898,0,6.689383266889455e-05,0
1,135,0,0.018571097979546425,0,0.00032302349995962207,0,0.0019414720369624733,0,4.638235049672309e-05,0
1,136,0,0.014969439630621766,0,0.00032302349995962207,0,5.8355153845590326e-05,0,2.9845166549897937e-05,0
1,137,0,0.02941908595117363,0,0.0,0,0.006870526669822632,0,9.384067732004593e-05,0
1,138,0,0.002229279206309338,0,0.00032302349995962207,0,0.010236553518995405,0,2.191528847468308e-05,0
1,139,0,0.0008195016733734415,0,0.00032302349995962207,0,5.672103341091429e-05,0,4.741243097337107e-05,0
1,140,0,0.0037780855485889052,0,0.00032302349995962207,0,0.0431324993476053,0,5.6257177659232385e-05,0
1,141,0,0.002360860633524219,0,0.0,0,0.0343438755410226,0,0.00017961980489425352,0
1,142,0,0.0019515381413733057,0,0.0,0,0.03763300378906169,0,0.00014428438873251715,0
1,143,0,0.004099890930907012,0,0.00032302349995962207,0,0.022003691596824967,0,9.215915160137122e-05,0
1,144,0,0.0035658790178561468,0,0.00032302349995962207,0,0.012110772184507634,0,0.00010279554139612885,0
1,145,0,0.0014429914789819336,0,0.00032302349995962207,0,0.018351709977832257,0,0.00023393441896297408,0
1,146,0,0.003012184705606977,0,0.00032302349995962207,0,0.01051991008543387,0,9.24920462040277e-05,0
1,147,0,0.007620585908710241,0,0.0,0,0.03924338008338193,0,0.0001780696789003456,0
1,148,0,0.01001364157559667,0,0.00032302349995962207,0,0.02200779790190123,0,0.0001408448149372196,0
1,149,0,0.031818203498895095,0,0.0,0,0.12117566276320123,0,0.001488058752967049,0
1,150,0,0.04519762761276105,0,0.0,0,0.11888375016022547,0,0.0020998505157883243,0
1,151,0,0.04097340394412762,0,0.00032302349995962207,0,0.09977161994737624,0,0.006976204857457514,0
1,152,0,0.09618644019562064,0,0.4,0,0.2362169845474871,0,0.31832139576051793,0
1,153,0,0.18930568810681872,0,0.9642857142857143,1,0.09823878728522784,0,0.02641356883630416,0
1,154,0,0.16844505587404252,0,0.00032302349995962207,0,0.12142149527533688,0,0.1528259030591902,0
1,155,0,0.08856023768863311,0,0.4,0,0.18737551874435618,0,0.013610323366067637,0
1,156,0,0.016715623765096062,0,1.0,1,0.24802353931315724,0,0.0692594226960348,0
1,157,0,0.04771386705507483,0,0.00032302349995962207,0,0.2053709542499771,0,0.02212525479856997,0
1,158,0,0.025967306164537143,0,0.00032302349995962207,0,0.16366602020657645,0,0.028787352112703564,0
1,159,0,0.006752120310000887,0,0.0,0,0.2086594289573333,0,0.175392821250263,0
1,160,0,0.03360830111935013,0,0.2,0,0.3507980830483014,0,0.6833317538101911,1
1,161,0,0.05891992811472539,0,0.0,0,0.2839861570604878,0,0.08532032199531961,0
1,162,1,0.11600062173266543,0,1.0,1,0.34158490530375957,0,0.7699295522713065,1
1,163,1,0.3063024438237365,0,1.0,1,0.6026286602286602,1,0.7539721187422135,1
1,164,1,0.4078942903875988,0,1.0,1,0.5597895841299932,1,0.819886851458188,1
1,165,1,0.5816819589097975,1,1.0,1,0.5652001053436853,1,0.5168808733204467,1
1,166,1,0.6086724624692004,1,1.0,1,0.6801604062604061,1,0.8016051248229838,1
1,167,1,0.5966964774338196,1,0.6666666666666666,1,0.582138911793904,1,0.752178616255474,1
1,168,1,0.743585278058984,1,1.0,1,0.5017564601935086,1,0.8895077952156223,1
1,169,1,0.8636002463699133,1,1.0,1,0.6011335413178088,1,0.9496388116755389,1
1,170,1,0.7021049653993436,1,0.0,0,0.5997185386287862,1,0.935687634159966,1
1,171,1,0.9259424408591986,1,1.0,1,0.625577865518355,1,0.8331724686162701,1
1,172,1,0.9536923592236594,1,1.0,1,0.7058935555724254,1,0.9543811123072901,1
1,173,1,0.9735805057949806,1,1.0,1,0.704762005590839,1,0.9814934138792548,1
1,174,1,0.9695996471012485,1,1.0,1,0.7083435923957824,1,0.9849144637936997,1
1,175,1,0.9889727048851303,1,1.0,1,0.8146635854424011,1,0.9964824925683963,1
1,176,1,0.9891907883613629,1,0.975609756097561,1,0.7081054743109678,1,0.9531204080285698,1
1,177,1,0.9921591348850639,1,0.975609756097561,1,0.8254569452295002,1,0.9957637856583513,1
1,178,1,0.9875927317409154,1,0.0,0,0.8670877412812156,1,0.990900740688625,1
1,179,1,0.9910122118043982,1,1.0,1,0.8101499841294606,1,0.9890999727737343,1
1,180,1,0.9925866355300096,1,0.42857142857142855,0,0.8091075165465448,1,0.9650390815877631,1
1,181,1,0.9947838752784947,1,0.975609756097561,1,0.9080762200694703,1,0.9976223755123542,1
1,182,1,0.9901588100067286,1,0.9892367906066536,1,0.9405393543553999,1,0.9980537559515081,1
1,183,1,0.9915009453805113,1,0.9892367906066536,1,0.9695362685154199,1,0.9983796318097116,1
1,184,1,0.9959544226586005,1,0.9892367906066536,1,0.9368412282979357,1,0.9969608309683666,1
1,185,1,0.9942747433388225,1,0.9892367906066536,1,0.9748686012721052,1,0.9988993056995056,1
1,186,1,0.9980904981065717,1,0.9892367906066536,1,0.9546861776659253,1,0.9989769161470967,1
1,187,1,0.9987346866936285,1,0.9892367906066536,1,0.9674506202931876,1,0.9958059040015386,1
1,188,1,0.9995918269891024,1,0.9892367906066536,1,0.9449142841475053,1,0.9974478964783013,1
1,189,1,0.999863436169769,1,0.9892367906066536,1,0.9274119102571465,1,0.9971957449573567,1
1,190,1,0.9999247795528993,1,0.9892367906066536,1,0.9299405076921464,1,0.9905187571859788,1
1,191,1,0.999951626149069,1,0.9892367906066536,1,0.8880103927464407,1,0.9926661682789014,1
1,192,0,0.9999714567084925,1,0.9892367906066536,1,0.8072495116905172,1,0.9912431040709732,1
5,1,0,0.002414534980248673,0,0.00032302349995962207,0,5.494985846062932e-05,0,1.3153906099581179e-05,0
5,2,0,0.0027324934593858977,0,0.00032302349995962207,0,0.007356537160047931,0,2.118004453837314e-05,0
5,3,0,0.0013122301137545598,0,0.00032302349995962207,0,5.8355153845590326e-05,0,1.6092290374536872e-05,0
5,4,0,0.0002819408957998833,0,0.00032302349995962207,0,5.8355153845590326e-05,0,1.599747025951909e-05,0
5,5,0,0.00027398162237320627,0,0.00032302349995962207,0,5.8355153845590326e-05,0,1.4566182564807656e-05,0
5,6,0,0.00018871748712715678,0,0.00032302349995962207,0,5.8355153845590326e-05,0,1.316674785952916e-05,0
5,7,0,5.151807678707403e-06,0,0.00032302349995962207,0,5.8355153845590326e-05,0,1.2851809659814438e-05,0
5,8,0,5.191659481380057e-06,0,0.00032302349995962207,0,5.8355153845590326e-05,0,1.3224762408692447e-05,0
5,9,0,5.7974958099050135e-06,0,0.00032302349995962207,0,5.8355153845590326e-05,0,1.3153906099581179e-05,0
5,10,0,1.5657936136095526e-06,0,0.00032302349995962207,0,5.8355153845590326e-05,0,1.3476247181008988e-05,0
5,11,0,6.461901392385873e-07,0,0.00032302349995962207,0,5.8355153845590326e-05,0,1.317957907103762e-05,0
5,12,0,1.2070517863727324e-07,0,0.00032302349995962207,0,5.8355153845590326e-05,0,1.3548839825295053e-05,0
5,13,0,2.8312351507690567e-07,0,0.00032302349995962207,0,5.8355153845590326e-05,0,1.7211779603640838e-05,0
5,14,0,1.1705459279866887e-06,0,0.00032302349995962207,0,5.8355153845590326e-05,0,1.2980546861354246e-05,0
5,15,0,3.7604512076770245e-07,0,0.00032302349995962207,0,5.8355153845590326e-05,0,1.421773948667815e-05,0
5,16,0,1.0409971967015756e-06,0,0.00032302349995962207,0,5.8355153845590326e-05,0,1.3224762408692447e-05,0
5,17,0,4.958030826472475e-07,0,0.00032302349995962207,0,5.8355153845590326e-05,0,1.421773948667815e-05,0
5,18,0,4.3390387037291875e-07,0,0.00032302349995962207,0,5.8355153845590326e-05,0,1.4231651833891421e-05,0
5,19,0,2.510231187173323e-07,0,0.00032302349995962207,0,5.8355153845590326e-05,0,1.421773948667815e-05,0
5,20,0,3.672942674090474e-07,0,0.00032302349995962207,0,5.8355153845590326e-05,0,1.3384762933071771e-05,0
5,21,0,3.174265331693498e-07,0,0.00032302349995962207,0,5.8355153845590326e-05,0,1.3153906099581179e-05,0
5,22,0,1.2984453081806002e-07,0,0.00032302349995962207,0,5.8355153845590326e-05,0,1.381678408622297e-05,0
5,23,0,2.537982679088567e-07,0,0.00032302349995962207,0,5.8355153845590326e-05,0,1.4141563029377538e-05,0
5,24,0,1.7722425225547426e-07,0,0.00032302349995962207,0,5.8355153845590326e-05,0,1.533336476344024e-05,0
5,25,0,1.6073160866497687e-07,0,0.00032302349995962207,0,5.8355153845590326e-05,0,1.3990992054263448e-05,0
5,26,0,3.110284358084753e-08,0,0.00032302349995962207,0,5.8355153845590326e-05,0,1.3094772753202009e-05,0
5,27,0,1.3017588319704905e-07,0,0.00032302349995962207,0,5.8355153845590326e-05,0,1.3474776068104381e-05,0
5,28,0,5.6714273833705246e-08,0,0.00032302349995962207,0,5.8355153845590326e-05,0,1.3094772753202009e-05,0
5,29,0,8.377907625490449e-08,0,0.00032302349995962207,0,5.8355153845590326e-05,0,1.4486525070217455e-05,0
5,30,0,1.0256667467347505e-07,0,0.00032302349995962207,0,5.8355153845590326e-05,0,1.407798973666781e-05,0
5,31,0,1.3758647190241507e-07,0,0.00032302349995962207,0,5.8355153845590326e-05,0,1.3474776068104381e-05,0
5,32,0,5.193467534613512e-08,0,0.00032302349995962207,0,0.0025583551538455895,0,1.3402580240962057e-05,0
5,33,0,7.103936453324918e-07,0,0.00032302349995962207,0,5.8355153845590326e-05,0,1.350420285650002e-05,0
5,34,0,5.830582894113055e-07,0,0.00032302349995962207,0,5.8355153845590326e-05,0,1.3225943695658955e-05,0
5,35,0,5.3975111553352725e-08,0,0.00032302349995962207,0,5.8355153845590326e-05,0,1.3474776068104381e-05,0
5,36,0,4.568946708619319e-08,0,0.00032302349995962207,0,5.8355153845590326e-05,0,1.487052211857454e-05,0
5,37,0,3.226597643900844e-08,0,0.00032302349995962207,0,5.8355153845590326e-05,0,1.5514310522795002e-05,0
5,38,0,1.1217971193529963e-07,0,0.00032302349995962207,0,5.8355153845590326e-05,0,1.2851809659814438e-05,0
5,39,0,1.297421904841673e-07,0,0.00032302349995962207,0,5.8355153845590326e-05,0,1.3153906099581179e-05,0
5,40,0,3.750921401004327e-07,0,0.00032302349995962207,0,5.8355153845590326e-05,0,1.469139025007602e-05,0
5,41,0,4.160978438998357e-07,0,0.00032302349995962207,0,5.8355153845590326e-05,0,1.2851809659814438e-05,0
5,42,0,1.2525075794033747e-07,0,0.00032302349995962207,0,5.8355153845590326e-05,0,1.341566477068218e-05,0
5,43,0,7.583277317312576e-08,0,0.00032302349995962207,0,5.8355153845590326e-05,0,1.3165310532176669e-05,0
5,44,0,1.8416240391273736e-07,0,0.00032302349995962207,0,5.8355153845590326e-05,0,1.3476247181008988e-05,0
5,45,0,2.313577147864974e-07,0,0.00032302349995962207,0,5.8355153845590326e-05,0,1.458040306737201e-05,0
5,46,0,3.591535957567157e-07,0,0.00032302349995962207,0,5.8355153845590326e-05,0,1.333288129728394e-05,0
5,47,0,5.737564251097715e-07,0,0.00032302349995962207,0,5.8355153845590326e-05,0,1.3548839825295053e-05,0
5,48,0,8.81417810988877e-08,0,0.00032302349995962207,0,5.8355153845590326e-05,0,1.316674785952916e-05,0
5,49,0,1.0302281264283128e-07,0,0.00032302349995962207,0,5.8355153845590326e-05,0,1.458040306737201e-05,0
5,50,0,1.6589991219086537e-07,0,0.00032302349995962207,0,5.8355153845590326e-05,0,1.539655082863546e-05,0
5,51,0,3.621182250767246e-07,0,0.00032302349995962207,0,5.8355153845590326e-05,0,1.3740104703268346e-05,0
5,52,0,1.1450375663671705e-07,0,0.00032302349995962207,0,5.8355153845590326e-05,0,1.350420285650002e-05,0
5,53,0,1.6051891497438185e-07,0,0.00032302349995962207,0,5.8355153845590326e-05,0,1.341566477068218e-05,0
5,54,0,1.032262472932271e-07,0,0.00032302349995962207,0,5.8355153845590326e-05,0,1.3094772753202009e-05,0
5,55,0,7.749045393759e-08,0,0.00032302349995962207,0,5.8355153845590326e-05,0,1.4841555347820231e-05,0
5,56,0,8.723205132042647e-08,0,0.00032302349995962207,0,5.8355153845590326e-05,0,1.3731015085746948e-05,0
5,57,0,2.0775923253122383e-07,0,0.00032302349995962207,0,5.8355153845590326e-05,0,1.4856044684114588e-05,0
5,58,0,1.103480170946421e-06,0,0.00032302349995962207,0,5.8355153845590326e-05,0,1.3402580240962057e-05,0
5,59,0,3.109090137359256e-07,0,0.00032302349995962207,0,5.8355153845590326e-05,0,1.3402580240962057e-05,0
5,60,0,6.332568234236774e-08,0,0.00032302349995962207,0,5.8355153845590326e-05,0,1.555647678727783e-05,0
5,61,0,5.5267114297194034e-08,0,0.00032302349995962207,0,5.8355153845590326e-05,0,1.3804980072074473e-05,0
5,62,0,2.2275402252213545e-07,0,0.00032302349995962207,0,5.8355153845590326e-05,0,1.4769487343841003e-05,0
5,63,0,7.405408174543757e-07,0,0.00032302349995962207,0,5.8355153845590326e-05,0,1.4694999859497005e-05,0
5,64,0,4.255319486505595e-07,0,0.00032302349995962207,0,5.8355153845590326e-05,0,1.3224762408692447e-05,0
5,65,0,1.1581097059310374e-06,0,0.00032302349995962207,0,5.8355153845590326e-05,0,1.6288615193039486e-05,0
5,66,0,1.8968041726062654e-06,0,0.00032302349995962207,0,5.8355153845590326e-05,0,1.6034835323682606e-05,0
5,67,0,3.443018411059985e-06,0,0.00032302349995962207,0,5.8355153845590326e-05,0,1.5966269339043065e-05,0
5,68,0,1.1803255427475486e-06,0,0.00032302349995962207,0,5.8355153845590326e-05,0,2.3739006865979635e-05,0
5,69,0,1.5575590212257916e-07,0,0.00032302349995962207,0,5.8355153845590326e-05,0,1.3548839825295053e-05,0
5,70,0,2.0147144044291387e-07,0,0.00032302349995962207,0,5.8355153845590326e-05,0,1.3224762408692447e-05,0
5,71,0,2.983129667873083e-07,0,0.00032302349995962207,0,5.8355153845590326e-05,0,1.2876893025921281e-05,0
5,72,0,1.8309923966656626e-08,0,0.00032302349995962207,0,5.8355153845590326e-05,0,1.3224762408692447e-05,0
5,73,0,5.6307172052811245e-08,0,0.00032302349995962207,0,5.8355153845590326e-05,0,1.2907753714309252e-05,0
5,74,0,1.6478316128081856e-07,0,0.00032302349995962207,0,5.8355153845590326e-05,0,1.564168443354444e-05,0
5,75,0,2.225373323892932e-07,0,0.00032302349995962207,0,5.8355153845590326e-05,0,1.4712092470345838e-05,0
5,76,0,1.0817231443719303e-06,0,0.00032302349995962207,0,5.8355153845590326e-05,0,1.3800092140618813e-05,0
5,77,0,3.2549021105931405e-06,0,0.00032302349995962207,0,5.8355153845590326e-05,0,1.4245963197334297e-05,0
5,78,0,4.83234324418943e-06,0,0.00032302349995962207,0,5.8355153845590326e-05,0,1.6256166123511772e-05,0
5,79,0,6.073112522800424e-06,0,0.00032302349995962207,0,5.8355153845590326e-05,0,1.5079257849237974e-05,0
5,80,0,3.3793242107002717e-06,0,0.00032302349995962207,0,5.8355153845590326e-05,0,1.4141563029377538e-05,0
5,81,0,1.8667038109202452e-05,0,0.00032302349995962207,0,5.8355153845590326e-05,0,1.4804114029106332e-05,0
5,82,0,2.0121828620270587e-05,0,0.00032302349995962207,0,5.8355153845590326e-05,0,1.6369726621674907e-05,0
5,83,0,3.521395517346283e-05,0,0.00032302349995962207,0,5.8355153845590326e-05,0,1.381678408622297e-05,0
5,84,0,1.487345170500355e-05,0,0.00032302349995962207,0,5.8355153845590326e-05,0,1.3253643213874387e-05,0
5,85,0,6.230126986384192e-05,0,0.00032302349995962207,0,5.8355153845590326e-05,0,1.5300229727282505e-05,0
5,86,0,9.009270091874547e-06,0,0.00032302349995962207,0,5.8355153845590326e-05,0,1.2851809659814438e-05,0
5,87,0,6.667025453394063e-07,0,0.00032302349995962207,0,5.8355153845590326e-05,0,1.5878991087344727e-05,0
5,88,0,2.08929754918044e-07,0,0.00032302349995962207,0,5.8355153845590326e-05,0,1.3891211078802924e-05,0
5,89,0,4.269035124477647e-07,0,0.00032302349995962207,0,5.8355153845590326e-05,0,1.2921038683314014e-05,0
5,90,0,4.228041903801844e-07,0,0.00032302349995962207,0,5.8355153845590326e-05,0,1.2921038683314014e-05,0
5,91,0,2.76601513798635e-07,0,0.00032302349995962207,0,5.8355153845590326e-05,0,1.4141563029377538e-05,0
5,92,0,1.5480933857965265e-07,0,0.00032302349995962207,0,5.8355153845590326e-05,0,1.3891211078802924e-05,0
5,93,0,6.995759619130257e-07,0,0.00032302349995962207,0,5.8355153845590326e-05,0,1.4769487343841003e-05,0
5,94,0,1.5801309105398323e-06,0,0.00032302349995962207,0,5.8355153845590326e-05,0,1.2851809659814438e-05,0
5,95,0,1.036303129681053e-06,0,0.00032302349995962207,0,5.8355153845590326e-05,0,1.3285669375625655e-05,0
5,96,0,2.9987796344682136e-06,0,0.00032302349995962207,0,5.8355153845590326e-05,0,1.3916449651404959e-05,0
5,97,0,0.0001066689674493817,0,0.00032302349995962207,0,5.8355153845590326e-05,0,1.2921038683314014e-05,0
5,98,0,0.00014513003364898493,0,0.00032302349995962207,0,5.8355153845590326e-05,0,1.2921038683314014e-05,0
5,99,0,0.00015988715176302087,0,0.00032302349995962207,0,5.8355153845590326e-05,0,1.3224762408692447e-05,0
5,100,0,3.639757058208909e-06,0,0.00032302349995962207,0,5.8355153845590326e-05,0,1.3891211078802924e-05,0
5,101,0,1.1038207813413795e-06,0,0.00032302349995962207,0,5.8355153845590326e-05,0,1.3778452196340822e-05,0
5,102,0,8.472135549395034e-07,0,0.00032302349995962207,0,5.8355153845590326e-05,0,1.472006394279171e-05,0
5,103,0,9.160698891208642e-07,0,0.00032302349995962207,0,5.8355153845590326e-05,0,1.4291275496341363e-05,0
5,104,0,2.5981861493563667e-06,0,0.00032302349995962207,0,5.8355153845590326e-05,0,1.5048703533322307e-05,0
5,105,0,6.843167906974424e-06,0,0.00032302349995962207,0,5.8355153845590326e-05,0,1.609308030010152e-05,0
5,106,0,3.568834909179541e-05,0,0.00032302349995962207,0,5.8355153845590326e-05,0,1.3637801355411048e-05,0
5,107,0,6.723807145049526e-06,0,0.00032302349995962207,0,9.082268631312281e-05,0,1.363086429705796e-05,0
5,108,0,6.284476618470633e-06,0,0.00032302349995962207,0,5.8355153845590326e-05,0,1.739649955111591e-05,0
5,109,0,7.716445991500955e-06,0,0.00032302349995962207,0,5.8355153845590326e-05,0,1.3077364637344943e-05,0
5,110,0,8.37059191889833e-05,0,0.00032302349995962207,0,5.8355153845590326e-05,0,1.459799277828035e-05,0
5,111,0,0.00012157915785772821,0,0.00032302349995962207,0,5.8355153845590326e-05,0,1.3761342724167613e-05,0
5,112,0,0.00010665901800600447,0,0.00032302349995962207,0,5.8355153845590326e-05,0,1.3094772753202009e-05,0
5,113,0,8.301285676901442e-05,0,0.00032302349995962207,0,5.8355153845590326e-05,0,1.3431849367161203e-05,0
5,114,0,8.678417077783911e-05,0,0.00032302349995962207,0,5.8355153845590326e-05,0,1.4408908521929229e-05,0
5,115,0,6.133209114517734e-05,0,0.00032302349995962207,0,5.8355153845590326e-05,0,1.4969130041223209e-05,0
5,116,0,0.00013638073328754168,0,0.00032302349995962207,0,5.8355153845590326e-05,0,1.407798973666781e-05,0
5,117,0,0.00011017770896650543,0,0.00032302349995962207,0,5.8355153845590326e-05,0,1.5528221107746107e-05,0
5,118,0,6.578795014123011e-05,0,0.00032302349995962207,0,5.8355153845590326e-05,0,1.3153906099581179e-05,0
5,119,0,7.061926184733335e-05,0,0.00032302349995962207,0,5.8355153845590326e-05,0,1.2851809659814438e-05,0
5,120,0,2.8966989170046816e-05,0,0.00032302349995962207,0,5.8355153845590326e-05,0,1.6374753380064774e-05,0
5,121,0,5.912585508469061e-05,0,0.00032302349995962207,0,5.8355153845590326e-05,0,1.407798973666781e-05,0
5,122,0,5.196752083585531e-05,0,0.00032302349995962207,0,5.8355153845590326e-05,0,1.711765448698034e-05,0
5,123,0,0.00010019981258258219,0,0.00032302349995962207,0,5.8355153845590326e-05,0,1.3357235446129318e-05,0
5,124,0,0.00027807947077792937,0,0.00032302349995962207,0,5.8355153845590326e-05,0,1.2980546861354246e-05,0
5,125,0,0.00027114959406324807,0,0.00032302349995962207,0,5.8355153845590326e-05,0,1.4633878721231096e-05,0
5,126,0,0.00022997728617199961,0,0.00032302349995962207,0,5.8355153845590326e-05,0,1.5008398508806033e-05,0
5,127,0,0.00015058071732706744,0,0.00032302349995962207,0,5.8355153845590326e-05,0,1.7066225305689946e-05,0
5,128,0,0.00031715528813871906,0,0.00032302349995962207,0,5.8355153845590326e-05,0,1.3364194697146391e-05,0
5,129,0,0.00018107714770251371,0,0.00032302349995962207,0,5.8355153845590326e-05,0,1.593959437651538e-05,0
5,130,0,0.00012433006174562418,0,0.00032302349995962207,0,5.8355153845590326e-05,0,1.4903280214926513e-05,0
5,131,0,0.0001427206335108397,0,0.00032302349995962207,0,5.8355153845590326e-05,0,1.381678408622297e-05,0
5,132,0,0.00018818965790905754,0,0.00032302349995962207,0,5.8355153845590326e-05,0,1.6128957647446696e-05,0
5,133,0,0.00019524972163637678,0,0.00032302349995962207,0,5.8355153845590326e-05,0,1.4819120892857562e-05,0
5,134,0,8.491453722106334e-05,0,0.00032302349995962207,0,5.8355153845590326e-05,0,1.3529473646490214e-05,0
5,135,0,8.890800160838993e-05,0,0.00032302349995962207,0,5.8355153845590326e-05,0,1.421773948667815e-05,0
5,136,0,5.0217660571227855e-05,0,0.00032302349995962207,0,5.8355153845590326e-05,0,1.5325050835832217e-05,0
5,137,0,0.00020207523111444664,0,0.00032302349995962207,0,5.8355153845590326e-05,0,1.2851809659814438e-05,0
5,138,0,2.80717586705017e-05,0,0.00032302349995962207,0,5.8355153845590326e-05,0,1.2946257164591889e-05,0
5,139,0,8.039637022605522e-05,0,0.00032302349995962207,0,5.8355153845590326e-05,0,1.5226455514058391e-05,0
5,140,0,8.313635261840285e-05,0,0.00032302349995962207,0,0.00022068969352446611,0,1.9363938961775757e-05,0
5,141,0,0.00016715763830463194,0,0.00032302349995962207,0,0.005770182859118606,0,1.3218751927041042e-05,0
5,142,0,0.00011445863109952841,0,0.00032302349995962207,0,5.8355153845590326e-05,0,1.3357235446129318e-05,0
5,143,0,5.6664400896896095e-05,0,0.00032302349995962207,0,5.8355153845590326e-05,0,1.483855434629583e-05,0
5,144,0,5.6208850386606064e-05,0,0.00032302349995962207,0,5.8355153845590326e-05,0,1.3285669375625655e-05,0
5,145,0,3.125030897121213e-05,0,0.00032302349995962207,0,5.8355153845590326e-05,0,1.4671211400562571e-05,0
5,146,0,0.00011801562653526631,0,0.00032302349995962207,0,5.8355153845590326e-05,0,2.0378960365767102e-05,0
5,147,0,9.149297686785653e-05,0,0.00032302349995962207,0,5.8355153845590326e-05,0,1.4141563029377538e-05,0
5,148,0,0.00013171719429969517,0,0.00032302349995962207,0,5.8355153845590326e-05,0,1.3476247181008988e-05,0
5,149,0,7.514895759470425e-05,0,0.00032302349995962207,0,5.8355153845590326e-05,0,1.4925251410784266e-05,0
5,150,0,0.00010612462883813189,0,0.00032302349995962207,0,5.8355153845590326e-05,0,1.8054856945901918e-05,0
5,151,0,0.00013525946340039793,0,0.00032302349995962207,0,5.8355153845590326e-05,0,1.9679545427326936e-05,0
5,152,0,9.225010659518952e-05,0,0.00032302349995962207,0,5.589714483289062e-05,0,1.3476247181008988e-05,0
5,153,0,0.00020134762473135508,0,0.00032302349995962207,0,5.8355153845590326e-05,0,1.3031794434213466e-05,0
5,154,0,0.0007368464691362282,0,0.00032302349995962207,0,5.8355153845590326e-05,0,1.2980546861354246e-05,0
5,155,0,0.0007762693219787467,0,0.00032302349995962207,0,0.0003101410610365848,0,1.2970585657018973e-05,0
5,156,0,0.0007263426134600515,0,0.00032302349995962207,0,0.00021490908792681597,0,2.174857117295974e-05,0
5,157,0,0.0009516965754870643,0,0.00032302349995962207,0,5.8355153845590326e-05,0,1.5207467825001831e-05,0
5,158,0,0.0005772288852324832,0,0.00032302349995962207,0,5.8355153845590326e-05,0,1.6241041626682274e-05,0
5,159,0,0.00017262638410949274,0,0.00032302349995962207,0,5.8355153845590326e-05,0,1.616559676314301e-05,0
5,160,0,9.487070325077523e-05,0,0.00032302349995962207,0,5.8355153845590326e-05,0,2.1118823258074796e-05,0
5,161,0,8.888752253320318e-05,0,0.00032302349995962207,0,5.8355153845590326e-05,0,1.5788898804974355e-05,0
5,162,0,7.179923976381893e-05,0,0.00032302349995962207,0,5.8355153845590326e-05,0,1.526019316825777e-05,0
5,163,0,8.54331596646534e-05,0,0.00032302349995962207,0,5.8355153845590326e-05,0,2.0533543593392726e-05,0
5,164,0,0.00016620526731555587,0,0.00032302349995962207,0,5.751495892036768e-05,0,1.7210454198855528e-05,0
5,165,0,9.13434607087911e-05,0,0.00032302349995962207,0,0.0002744746246727339,0,1.3153906099581179e-05,0
5,166,0,8.471019813633318e-05,0,0.00032302349995962207,0,5.8355153845590326e-05,0,1.469139025007602e-05,0
5,167,0,9.138008273969144e-05,0,0.00032302349995962207,0,5.8355153845590326e-05,0,1.3237673342592269e-05,0
5,168,0,0.00011514086198846606,0,0.00032302349995962207,0,5.6709948512813616e-05,0,1.3493839806692698e-05,0
5,169,0,0.0006032340456443652,0,0.00032302349995962207,0,5.8355153845590326e-05,0,1.6127964539213924e-05,0
5,170,0,0.000492384051532878,0,0.0,0,5.751495892036768e-05,0,1.773333213787357e-05,0
5,171,0,0.0001488688317271921,0,0.00032302349995962207,0,5.8355153845590326e-05,0,1.7299145528934554e-05,0
5,172,0,0.00043802893300574653,0,0.00032302349995962207,0,5.8355153845590326e-05,0,1.7778485707883247e-05,0
5,173,0,0.0016114051141363074,0,0.00032302349995962207,0,5.8355153845590326e-05,0,1.4275958879415214e-05,0
5,174,0,0.00255166098345419,0,0.00032302349995962207,0,5.8355153845590326e-05,0,1.5234896023124382e-05,0
5,175,0,0.0037765344897374153,0,0.00032302349995962207,0,5.8355153845590326e-05,0,1.3765439503419498e-05,0
5,176,0,0.00199843423514857,0,0.00032302349995962207,0,5.8355153845590326e-05,0,1.350420285650002e-05,0
5,177,0,0.0016712975029701414,0,0.00032302349995962207,0,5.8355153845590326e-05,0,1.6966691803037243e-05,0
5,178,0,0.0006208529267265556,0,0.00032302349995962207,0,5.8355153845590326e-05,0,1.409962718091782e-05,0
5,179,0,0.000481544667430755,0,0.00032302349995962207,0,5.8355153845590326e-05,0,1.351422686368598e-05,0
5,180,0,0.00037477931123370276,0,0.00032302349995962207,0,5.8355153845590326e-05,0,1.8485052533812275e-05,0
5,181,0,1.548641438573862e-05,0,0.00032302349995962207,0,5.342312207188121e-05,0,1.522359575073933e-05,0
5,182,0,1.1095675196297014e-05,0,0.00032302349995962207,0,5.8355153845590326e-05,0,1.4754493451246974e-05,0
5,183,0,9.773311521642708e-06,0,0.00032302349995962207,0,5.667778855619857e-05,0,2.8067186942912377e-05,0
5,184,0,1.6145777980340494e-05,0,0.00032302349995962207,0,0.0002736561601122494,0,1.556658827778661e-05,0
5,185,0,2.8535935530929926e-05,0,0.00032302349995962207,0,5.8355153845590326e-05,0,1.5039074380404286e-05,0
5,186,0,8.796138273375196e-06,0,0.00032302349995962207,0,5.8355153845590326e-05,0,1.4047302479800399e-05,0
5,187,0,1.5486721182066594e-05,0,0.00032302349995962207,0,5.666667769531595e-05,0,1.48889241889987e-05,0
5,188,0,4.083706940743015e-05,0,0.00032302349995962207,0,5.8355153845590326e-05,0,1.612602150767404e-05,0
5,189,0,4.07927564923344e-05,0,0.00032302349995962207,0,5.8355153845590326e-05,0,1.5641228068767185e-05,0
5,190,0,0.001125101495719725,0,0.00032302349995962207,0,5.2574548247940205e-05,0,1.6890083609534517e-05,0
5,191,0,0.00751602146126341,0,0.00032302349995962207,0,0.0039028205238491624,0,1.3907491035889147e-05,0
5,192,0,0.006016292682074991,0,0.00032302349995962207,0,5.8355153845590326e-05,0,1.598534284925139e-05,0
5,193,0,0.005744440357304398,0,0.00032302349995962207,0,0.007230384362445727,0,2.9930958647378842e-05,0
5,194,0,0.002798576738689798,0,0.00032302349995962207,0,5.8355153845590326e-05,0,1.8688860162483962e-05,0
5,195,0,0.0017289370937655347,0,0.00032302349995962207,0,0.02334961035408391,0,7.462067087862782e-05,0
5,196,0,0.0031520682133733624,0,0.00032302349995962207,0,0.019451985958910373,0,0.00014130959554893154,0
5,197,0,0.004355946419891915,0,0.00032302349995962207,0,0.01773967459079709,0,4.966471827228395e-05,0
5,198,0,0.002632609599215402,0,0.00032302349995962207,0,0.008929738130747574,0,6.412332093433249e-05,0
5,199,0,0.014446097394712625,0,0.0,0,0.01317881300089629,0,0.00015417793048505847,0
5,200,0,0.0033530551441385186,0,0.00032302349995962207,0,0.011105817319689132,0,2.1035399740356103e-05,0
5,201,0,0.0033388477609050055,0,0.00032302349995962207,0,0.009873760019841343,0,7.213083831736113e-05,0
5,202,0,0.001545063468707969,0,0.00032302349995962207,0,0.01874293691000775,0,5.632473246367714e-05,0
5,203,0,0.003999071598082181,0,0.00032302349995962207,0,0.017024775461275243,0,6.731953510040456e-05,0
5,204,0,0.0045406514868087675,0,0.0,0,0.00861405698380715,0,7.538422857510265e-05,0
5,205,0,0.002027801866630324,0,0.00032302349995962207,0,0.009256879758501296,0,6.283145370587035e-05,0
5,206,0,0.0032879232999679197,0,0.00032302349995962207,0,0.008345121417363635,0,5.897273109531196e-05,0
5,207,0,0.0076354773008654045,0,0.0,0,0.018136738298783588,0,7.043445517202846e-05,0
5,208,0,0.019243162262482162,0,0.00032302349995962207,0,0.014486380207676636,0,5.7105927208268656e-05,0
5,209,0,0.014989318414275752,0,0.0,0,0.02831963514528495,0,9.468035327839648e-05,0
5,210,0,0.01530303554061,0,0.00032302349995962207,0,0.021970304552885542,0,7.405230759499849e-05,0
5,211,0,0.01756797640487572,0,0.0,0,0.013509329731088622,0,9.780783544173732e-05,0
5,212,0,0.022125073336593037,0,0.0,0,0.06651617285929155,0,0.00018571478656117136,0
5,213,0,0.0061645306813228745,0,0.0,0,0.008639026645118645,0,0.00016844029302540958,0
5,214,0,0.0039594908519126155,0,0.00032302349995962207,0,0.016773366164879278,0,9.481103181643903e-05,0
5,215,0,0.017661464936573487,0,0.00032302349995962207,0,0.04080732231497155,0,0.00031257146033352817,0
5,216,0,0.01729067431829605,0,0.0,0,0.05913041031683601,0,0.00036324905166658746,0
5,217,0,0.006115350267025101,0,0.00032302349995962207,0,0.09415629901892335,0,0.00025373808570534266,0
5,218,0,0.005929136806232235,0,0.00032302349995962207,0,0.11065202751844312,0,0.0003386681477370224,0
5,219,0,0.004936221112223545,0,0.0,0,0.18900156320082892,0,0.001751527385235141,0
5,220,0,0.005933162854107745,0,0.3333333333333333,0,0.16485207052460538,0,0.0009584295241035008,0
5,221,0,0.013336448635280575,0,0.0,0,0.16057273471712663,0,0.0027257578469153058,0
5,222,0,0.006509321564628417,0,0.0,0,0.18926464327717374,0,0.0020404572507342032,0
5,223,0,0.0288241499084186,0,0.0,0,0.23628004228148478,0,0.012897154325390927,0
5,224,0,0.03303661947547662,0,0.00032302349995962207,0,0.1520505002949895,0,0.017139520768636098,0
5,225,0,0.08397208851812692,0,0.42857142857142855,0,0.29995549631540536,0,0.05526507192613309,0
5,226,0,0.12572292683554287,0,0.00032302349995962207,0,0.2181786846203317,0,0.014493031345336343,0
5,227,0,0.121631800578161,0,0.42857142857142855,0,0.3637193187301398,0,0.04200242434543424,0
5,228,0,0.06091173867089189,0,0.42857142857142855,0,0.4005712470277981,0,0.11991048068333898,0
5,229,0,0.12871711972652972,0,0.42857142857142855,0,0.38453986622261893,0,0.08966207919037457,0
5,230,0,0.12398451159325367,0,0.0,0,0.41388342127278016,0,0.18901879947494044,0
5,231,0,0.21619102653743794,0,0.0,0,0.3829460232553549,0,0.17923811145977137,0
5,232,0,0.2680450562851062,0,0.0,0,0.5147369177665843,1,0.3100864812436146,0
5,233,0,0.40072254368688737,0,0.0,0,0.5779617243867246,1,0.5142928316104389,1
5,234,0,0.3417058393828246,0,0.0,0,0.5958934983252253,1,0.641077392823181,1
5,235,0,0.393710166296761,0,0.42857142857142855,0,0.6627821413368897,1,0.7259537045927412,1
5,236,0,0.3011298334168321,0,0.42857142857142855,0,0.6536704129204128,1,0.7409938737665379,1
5,237,0,0.5891616396129795,1,0.0,0,0.7394088966588968,1,0.6840226603623659,1
5,238,0,0.3597458059836676,0,0.42857142857142855,0,0.7462536075036076,1,0.7658984723580389,1
5,239,1,0.5709301056505862,1,0.0,0,0.7886583410347455,1,0.8938345399615707,1
5,240,1,0.49760917496368123,0,1.0,1,0.7338311394677675,1,0.9106044478369617,1
5,241,1,0.3509900604291981,0,1.0,1,0.7433807148923431,1,0.9446712265925851,1
5,242,1,0.6609180567917592,1,1.0,1,0.8478483183483183,1,0.9283117275754372,1
5,243,1,0.7059405573042571,1,1.0,1,0.8834474529663211,1,0.9545079820069177,1
5,244,1,0.8301869608956212,1,1.0,1,0.9163223769010935,1,0.9795418919953142,1
5,245,1,0.866227119536342,1,1.0,1,0.9054365861768794,1,0.9898937239912424,1
5,246,1,0.9543134396018936,1,0.6,1,0.9186560622990647,1,0.9951208400090047,1
5,247,1,0.9347781658798276,1,1.0,1,0.9171961531454081,1,0.9916278758199522,1
5,248,1,0.9764952891820295,1,0.975609756097561,1,0.9520941538029314,1,0.996446978077298,1
5,249,1,0.9863313081547791,1,0.9892367906066536,1,0.9468985042436364,1,0.9983374691810161,1
5,250,1,0.9930963340882067,1,0.9892367906066536,1,0.9455821098113567,1,0.9980550357805547,1
5,251,1,0.9933733690903898,1,1.0,1,0.9530666285125742,1,0.9991829636988653,1
5,252,1,0.9963371766472309,1,1.0,1,0.9091944097074796,1,0.9991113205976939,1
5,253,1,0.9958918522889489,1,1.0,1,0.9236908000752037,1,0.9990708808671338,1
5,254,1,0.9993928504398139,1,1.0,1,0.9511816241463221,1,0.999180696218818,1
5,255,1,0.9990005858696414,1,0.9892367906066536,1,0.9449158025364488,1,0.999187175061201,1
5,256,1,0.9993669771727199,1,0.9892367906066536,1,0.9728935755870698,1,0.9985401371204478,1
5,257,1,0.9998811123341845,1,0.9892367906066536,1,0.9558614577447722,1,0.9986371087995214,1
5,258,1,0.999942199045901,1,0.9892367906066536,1,0.9603023389964263,1,0.9990669251904571,1
5,259,1,0.9996733291472654,1,0.9892367906066536,1,0.956520311363422,1,0.9984866829947572,1
5,260,1,0.9998697387174754,1,0.9892367906066536,1,0.9516082426005927,1,0.9987866877041851,1
5,261,1,0.9997278895842917,1,0.9892367906066536,1,0.96722585945313,1,0.998701983431573,1
5,262,1,0.9998699190742726,1,0.9892367906066536,1,0.9849473142677083,1,0.9979669452533608,1
5,263,1,0.9998990828429318,1,0.9892367906066536,1,0.9757823791451705,1,0.9986286166229515,1
5,264,1,0.9999598385318776,1,0.9892367906066536,1,0.9213941822739413,1,0.99547404394791,1
5,265,1,0.999961695336005,1,0.9892367906066536,1,0.906893848672353,1,0.9971489779988382,1
5,266,1,0.999989403991062,1,0.9892367906066536,1,0.8219270344105327,1,0.9843102619116345,1
5,267,1,0.9999805240652233,1,0.9892367906066536,1,0.7776281622157226,1,0.8345479292921966,1
5,268,1,0.9999874862490007,1,0.0,0,0.6385583695366233,1,0.6229006242437355,1
5,269,0,0.9999929885887351,1,0.0,0,0.6788631266594429,1,0.4696746504692835,0
11,1,0,0.0005366543224560554,0,0.00032302349995962207,0,5.494985846062932e-05,0,1.3153906099581179e-05,0
11,2,0,3.2249540539473087e-10,0,0.00032302349995962207,0,5.8355153845590326e-05,0,1.3153906099581179e-05,0
11,3,0,1.7449111970541469e-09,0,0.00032302349995962207,0,5.8355153845590326e-05,0,1.3153906099581179e-05,0
11,4,0,5.141095245673185e-10,0,0.00032302349995962207,0,5.8355153845590326e-05,0,1.3529473646490214e-05,0
11,5,0,9.689379251984608e-10,0,0.00032302349995962207,0,5.8355153845590326e-05,0,1.3548839825295053e-05,0
11,6,0,5.4035052203784904e-09,0,0.00032302349995962207,0,5.8355153845590326e-05,0,1.3369050025504574e-05,0
11,7,0,9.188214817641107e-09,0,0.00032302349995962207,0,5.8355153845590326e-05,0,1.4770528421796557e-05,0
11,8,0,4.6216398704515005e-08,0,0.00032302349995962207,0,5.8355153845590326e-05,0,1.3548839825295053e-05,0
11,9,0,2.9243192865544112e-08,0,0.00032302349995962207,0,5.8355153845590326e-05,0,1.3085381300284662e-05,0
11,10,0,3.4974287695415765e-08,0,0.00032302349995962207,0,5.8355153845590326e-05,0,1.3285669375625655e-05,0
11,11,0,8.721352192062007e-08,0,0.00032302349995962207,0,5.8355153845590326e-05,0,1.6268736873119852e-05,0
11,12,0,1.7473142891668735e-07,0,0.00032302349995962207,0,5.8355153845590326e-05,0,1.498207252674028e-05,0
11,13,0,5.934659630482362e-08,0,0.00032302349995962207,0,5.8355153845590326e-05,0,1.297935690598132e-05,0
11,14,0,1.3172269206342649e-08,0,0.00032302349995962207,0,5.7537626049645266e-05,0,1.4905793666010991e-05,0
11,15,0,1.1378909258421136e-08,0,0.00032302349995962207,0,5.8355153845590326e-05,0,1.5055768242354866e-05,0
11,16,0,2.3857732070827087e-08,0,0.00032302349995962207,0,5.8355153845590326e-05,0,1.3285669375625655e-05,0
11,17,0,7.849335484046094e-08,0,0.00032302349995962207,0,5.8355153845590326e-05,0,1.3476247181008988e-05,0
11,18,0,3.609567439019859e-08,0,0.00032302349995962207,0,5.8355153845590326e-05,0,1.3273064042652534e-05,0
11,19,0,3.283937284419589e-07,0,0.00032302349995962207,0,5.8355153845590326e-05,0,1.3237673342592269e-05,0
11,20,0,3.774471686793306e-07,0,0.00032302349995962207,0,5.8355153845590326e-05,0,1.2851809659814438e-05,0
11,21,0,1.574588593742044e-07,0,0.00032302349995962207,0,5.8355153845590326e-05,0,1.3237673342592269e-05,0
11,22,0,5.992594029253572e-08,0,0.00032302349995962207,0,5.8355153845590326e-05,0,1.3476247181008988e-05,0
11,23,0,6.621698891378274e-07,0,0.00032302349995962207,0,5.589714483289062e-05,0,1.2851809659814438e-05,0
11,24,0,2.1682669449311565e-06,0,0.00032302349995962207,0,5.8355153845590326e-05,0,1.2921038683314014e-05,0
11,25,0,7.830598884283344e-06,0,0.00032302349995962207,0,5.8355153845590326e-05,0,1.316674785952916e-05,0
11,26,0,7.264406356810887e-05,0,0.00032302349995962207,0,5.8355153845590326e-05,0,1.3153906099581179e-05,0
11,27,0,6.216391589804489e-05,0,0.00032302349995962207,0,5.8355153845590326e-05,0,1.2851809659814438e-05,0
11,28,0,0.00010401692122078449,0,0.00032302349995962207,0,5.8355153845590326e-05,0,1.3153906099581179e-05,0
11,29,0,9.089329629459425e-05,0,0.00032302349995962207,0,5.8355153845590326e-05,0,1.5966269339043065e-05,0
11,30,0,0.0006343899104521606,0,0.00032302349995962207,0,5.8355153845590326e-05,0,1.878549458565335e-05,0
11,31,0,0.0008119524859043159,0,0.00032302349995962207,0,5.8355153845590326e-05,0,1.4231651833891421e-05,0
11,32,0,0.001692269135733411,0,0.00032302349995962207,0,5.8355153845590326e-05,0,1.2851809659814438e-05,0
11,33,0,0.00044745746517427487,0,0.00032302349995962207,0,5.8355153845590326e-05,0,1.5479487432918154e-05,0
11,34,0,0.0004171098712276131,0,0.00032302349995962207,0,5.8355153845590326e-05,0,1.5132484800608992e-05,0
11,35,0,3.1896602645638614e-06,0,0.00032302349995962207,0,5.8355153845590326e-05,0,1.4923131459763466e-05,0
11,36,0,1.2107225217825921e-06,0,0.00032302349995962207,0,5.8355153845590326e-05,0,1.3834989593006842e-05,0
11,37,0,2.396976067137295e-07,0,0.00032302349995962207,0,5.8355153845590326e-05,0,1.3548839825295053e-05,0
11,38,0,8.32887082594525e-08,0,0.00032302349995962207,0,5.8355153845590326e-05,0,1.4986086748177631e-05,0
11,39,0,1.2850008468507062e-07,0,0.00032302349995962207,0,5.8355153845590326e-05,0,1.841489272764284e-05,0
11,40,0,5.506264197969846e-08,0,0.00032302349995962207,0,5.8355153845590326e-05,0,1.3153906099581179e-05,0
11,41,0,4.5620862481107737e-07,0,0.00032302349995962207,0,5.8355153845590326e-05,0,1.3153906099581179e-05,0
11,42,0,3.688611725831625e-07,0,0.00032302349995962207,0,5.8355153845590326e-05,0,1.3361451916983811e-05,0
11,43,0,2.6961148420542886e-07,0,0.00032302349995962207,0,5.8355153845590326e-05,0,1.3224762408692447e-05,0
11,44,0,4.180532563955305e-08,0,0.00032302349995962207,0,5.8355153845590326e-05,0,1.5479487432918154e-05,0
11,45,0,1.93804013954015e-07,0,0.00032302349995962207,0,5.8355153845590326e-05,0,1.4566182564807656e-05,0
11,46,0,2.491162025798571e-07,0,0.00032302349995962207,0,5.8355153845590326e-05,0,1.4566182564807656e-05,0
11,47,0,1.083516066856941e-06,0,0.00032302349995962207,0,5.8355153845590326e-05,0,1.4549259470630478e-05,0
11,48,0,1.477221366795514e-06,0,0.00032302349995962207,0,5.8355153845590326e-05,0,1.2980546861354246e-05,0
11,49,0,3.752449408809262e-06,0,0.00032302349995962207,0,5.8355153845590326e-05,0,1.316674785952916e-05,0
11,50,0,3.3329560889384177e-06,0,0.00032302349995962207,0,5.8355153845590326e-05,0,1.3285669375625655e-05,0
11,51,0,6.257294063100242e-06,0,0.00032302349995962207,0,5.8355153845590326e-05,0,1.469139025007602e-05,0
11,52,0,4.130780929086951e-06,0,0.00032302349995962207,0,5.8355153845590326e-05,0,1.8866153698872083e-05,0
11,53,0,8.767192710955926e-05,0,0.00032302349995962207,0,5.8355153845590326e-05,0,1.3476247181008988e-05,0
11,54,0,0.00010054107513378525,0,0.00032302349995962207,0,5.8355153845590326e-05,0,1.3285669375625655e-05,0
11,55,0,4.6981183423870795e-05,0,0.00032302349995962207,0,5.8355153845590326e-05,0,1.3285669375625655e-05,0
11,56,0,3.1048360830865206e-05,0,0.00032302349995962207,0,5.8355153845590326e-05,0,1.3285669375625655e-05,0
11,57,0,1.9950834524368938e-05,0,0.00032302349995962207,0,5.8355153845590326e-05,0,1.4141563029377538e-05,0
11,58,0,9.700148716093139e-05,0,0.00032302349995962207,0,5.8355153845590326e-05,0,1.3153906099581179e-05,0
11,59,0,0.000113872234494688,0,0.00032302349995962207,0,5.8355153845590326e-05,0,1.558436984230366e-05,0
11,60,0,0.00024013671899676266,0,0.00032302349995962207,0,5.8355153845590326e-05,0,1.2851809659814438e-05,0
11,61,0,9.745534875507351e-05,0,0.00032302349995962207,0,5.8355153845590326e-05,0,1.624639154906039e-05,0
11,62,0,0.00014498868491436608,0,0.00032302349995962207,0,5.8355153845590326e-05,0,1.558436984230366e-05,0
11,63,0,9.298068479090772e-05,0,0.00032302349995962207,0,5.8355153845590326e-05,0,1.3153906099581179e-05,0
11,64,0,7.79004877701855e-05,0,0.00032302349995962207,0,5.8355153845590326e-05,0,1.3153906099581179e-05,0
11,65,0,4.663767018104915e-05,0,0.00032302349995962207,0,5.8355153845590326e-05,0,1.4141563029377538e-05,0
11,66,0,0.00016152225394473995,0,0.00032302349995962207,0,5.8355153845590326e-05,0,1.6268736873119852e-05,0
11,67,0,4.205142989905354e-05,0,0.00032302349995962207,0,5.8355153845590326e-05,0,1.4141563029377538e-05,0
11,68,0,4.749991182228326e-05,0,0.00032302349995962207,0,5.8355153845590326e-05,0,1.3224762408692447e-05,0
11,69,0,6.950592592022055e-05,0,0.00032302349995962207,0,5.8355153845590326e-05,0,1.3153906099581179e-05,0
11,70,0,8.073002420525619e-05,0,0.00032302349995962207,0,5.8355153845590326e-05,0,1.2851809659814438e-05,0
11,71,0,0.00010330119490159796,0,0.00032302349995962207,0,5.8355153845590326e-05,0,1.346900620502925e-05,0
11,72,0,0.00010270196715176886,0,0.00032302349995962207,0,5.8355153845590326e-05,0,1.2921038683314014e-05,0
11,73,0,5.5931820714292856e-05,0,0.00032302349995962207,0,5.8355153845590326e-05,0,1.421773948667815e-05,0
11,74,0,0.00017136547584517062,0,0.00032302349995962207,0,5.8355153845590326e-05,0,1.3285669375625655e-05,0
11,75,0,6.77124558593211e-05,0,0.00032302349995962207,0,5.8355153845590326e-05,0,1.3153906099581179e-05,0
11,76,0,3.846888833559771e-05,0,0.00032302349995962207,0,5.6709948512813616e-05,0,1.316767291057353e-05,0
11,77,0,4.963482590353141e-05,0,0.00032302349995962207,0,5.8355153845590326e-05,0,1.4566182564807656e-05,0
11,78,0,6.1022390454724914e-05,0,0.00032302349995962207,0,5.8355153845590326e-05,0,1.316674785952916e-05,0
11,79,0,3.235909224440099e-05,0,0.00032302349995962207,0,5.8355153845590326e-05,0,1.3565185081370046e-05,0
11,80,0,2.1866860251033667e-05,0,0.00032302349995962207,0,5.8355153845590326e-05,0,1.4566182564807656e-05,0
11,81,0,1.617175390726166e-05,0,0.00032302349995962207,0,5.8355153845590326e-05,0,1.399741488351706e-05,0
11,82,0,3.5632929311160157e-06,0,0.00032302349995962207,0,5.8355153845590326e-05,0,1.3548839825295053e-05,0
11,83,0,4.561413480467502e-06,0,0.00032302349995962207,0,5.8355153845590326e-05,0,1.4577655765849059e-05,0
11,84,0,3.6816423129023054e-06,0,0.00032302349995962207,0,5.8355153845590326e-05,0,1.4694999859497005e-05,0
11,85,0,5.879817975918043e-06,0,0.00032302349995962207,0,5.8355153845590326e-05,0,1.5051407352642109e-05,0
11,86,0,2.384195627020524e-06,0,0.00032302349995962207,0,5.8355153845590326e-05,0,1.4905793666010991e-05,0
11,87,0,7.63588054391431e-06,0,0.00032302349995962207,0,5.8355153845590326e-05,0,1.3476247181008988e-05,0
11,88,0,1.115356044126264e-05,0,0.00032302349995962207,0,5.8355153845590326e-05,0,1.3153906099581179e-05,0
11,89,0,2.1530635544423223e-05,0,0.00032302349995962207,0,5.8355153845590326e-05,0,1.4549259470630478e-05,0
11,90,0,6.319397779145845e-05,0,0.00032302349995962207,0,5.8355153845590326e-05,0,1.4566182564807656e-05,0
11,91,0,0.0002092266533575772,0,0.00032302349995962207,0,5.8355153845590326e-05,0,1.4566182564807656e-05,0
11,92,0,1.974763885921144e-05,0,0.00032302349995962207,0,5.8355153845590326e-05,0,1.6111346415105764e-05,0
11,93,0,5.1497734170348876e-05,0,0.00032302349995962207,0,5.8355153845590326e-05,0,1.4343517531164999e-05,0
11,94,0,5.492610796579041e-05,0,0.00032302349995962207,0,5.8355153845590326e-05,0,1.587844776043762e-05,0
11,95,0,3.15017153321187e-05,0,0.00032302349995962207,0,5.8355153845590326e-05,0,1.4141563029377538e-05,0
11,96,0,3.7011487619315004e-05,0,0.00032302349995962207,0,5.8355153845590326e-05,0,1.4694999859497005e-05,0
11,97,0,1.876416777971295e-05,0,0.00032302349995962207,0,5.8355153845590326e-05,0,1.6487243042104244e-05,0
11,98,0,2.1287324409809008e-05,0,0.00032302349995962207,0,5.8355153845590326e-05,0,1.3153906099581179e-05,0
11,99,0,1.2474822386089291e-05,0,0.00032302349995962207,0,5.8355153845590326e-05,0,1.3285669375625655e-05,0
11,100,0,1.9347017176845585e-05,0,0.00032302349995962207,0,5.8355153845590326e-05,0,1.3357235446129318e-05,0
11,101,0,2.689737993841022e-05,0,0.00032302349995962207,0,5.8355153845590326e-05,0,1.4141563029377538e-05,0
11,102,0,3.827563093395909e-05,0,0.00032302349995962207,0,5.8355153845590326e-05,0,1.2851809659814438e-05,0
11,103,0,1.9355480132541256e-05,0,0.00032302349995962207,0,5.8355153845590326e-05,0,1.4430287529959237e-05,0
11,104,0,2.9014747770777916e-05,0,0.00032302349995962207,0,5.8355153845590326e-05,0,1.317957907103762e-05,0
11,105,0,6.630687660892026e-05,0,0.00032302349995962207,0,5.8355153845590326e-05,0,1.381678408622297e-05,0
11,106,0,1.1396015532485187e-05,0,0.00032302349995962207,0,5.8355153845590326e-05,0,1.4346534291877501e-05,0
11,107,0,4.508255194134196e-05,0,0.00032302349995962207,0,5.8355153845590326e-05,0,1.5659878171155704e-05,0
11,108,0,1.9485525758278592e-05,0,0.00032302349995962207,0,0.0018873563601911325,0,4.396439656192011e-05,0
11,109,0,8.448419452191475e-06,0,0.00032302349995962207,0,5.8355153845590326e-05,0,1.458040306737201e-05,0
11,110,0,4.632408882354464e-06,0,0.00032302349995962207,0,5.8355153845590326e-05,0,1.6218974726990378e-05,0
11,111,0,1.1571304252055543e-05,0,0.00032302349995962207,0,5.8355153845590326e-05,0,1.3153906099581179e-05,0
11,112,0,6.419156065227308e-06,0,0.00032302349995962207,0,5.8355153845590326e-05,0,1.3476247181008988e-05,0
11,113,0,2.586814442879692e-07,0,0.00032302349995962207,0,5.8355153845590326e-05,0,1.459799277828035e-05,0
11,114,0,4.744308816065217e-07,0,0.00032302349995962207,0,5.8355153845590326e-05,0,1.3324591784301823e-05,0
11,115,0,1.5462156715971392e-07,0,0.00032302349995962207,0,5.8355153845590326e-05,0,1.5102030720065162e-05,0
11,116,0,2.2266643619129539e-07,0,0.00032302349995962207,0,5.8355153845590326e-05,0,1.3402580240962057e-05,0
11,117,0,3.0815442465900796e-07,0,0.00032302349995962207,0,5.8355153845590326e-05,0,1.3456862784816283e-05,0
11,118,0,5.241834286058417e-07,0,0.00032302349995962207,0,5.8355153845590326e-05,0,2.2309229636477385e-05,0
11,119,0,1.961350819821093e-06,0,0.00032302349995962207,0,5.8355153845590326e-05,0,1.4730135812745017e-05,0
11,120,0,3.1136098841540423e-06,0,0.00032302349995962207,0,5.8355153845590326e-05,0,1.3402580240962057e-05,0
11,121,0,2.2284582884729263e-06,0,0.00032302349995962207,0,5.8355153845590326e-05,0,1.615438336944371e-05,0
11,122,0,4.608224520391047e-06,0,0.00032302349995962207,0,5.8355153845590326e-05,0,1.4770528421796557e-05,0
11,123,0,3.097757470206857e-05,0,0.00032302349995962207,0,5.8355153845590326e-05,0,1.4549259470630478e-05,0
11,124,0,2.190040265179649e-05,0,0.00032302349995962207,0,5.8355153845590326e-05,0,1.4486525070217455e-05,0
11,125,0,3.859089287964819e-05,0,0.00032302349995962207,0,5.8355153845590326e-05,0,1.6035680097760387e-05,0
11,126,0,3.743902878341921e-05,0,0.00032302349995962207,0,5.8355153845590326e-05,0,1.4486525070217455e-05,0
11,127,0,5.1291462308825845e-05,0,0.00032302349995962207,0,5.8355153845590326e-05,0,1.470977071503581e-05,0
11,128,0,5.467774978363115e-05,0,0.00032302349995962207,0,5.8355153845590326e-05,0,1.5048703533322307e-05,0
11,129,0,0.0001781037317492068,0,0.00032302349995962207,0,5.8355153845590326e-05,0,1.3324591784301823e-05,0
11,130,0,0.0002960782200572753,0,0.00032302349995962207,0,5.8355153845590326e-05,0,1.3474776068104381e-05,0
11,131,0,0.00014890074272508167,0,0.00032302349995962207,0,5.589714483289062e-05,0,2.2365365152299535e-05,0
11,132,0,0.0002622342146559213,0,0.00032302349995962207,0,5.8355153845590326e-05,0,1.6346820445967945e-05,0
11,133,0,9.9559067520419e-05,0,0.00032302349995962207,0,5.8355153845590326e-05,0,1.5165495376241707e-05,0
11,134,0,7.284654252943502e-05,0,0.00032302349995962207,0,0.0017250218205122566,0,2.5529566145645574e-05,0
11,135,0,0.00019444198767938633,0,0.00032302349995962207,0,5.8355153845590326e-05,0,1.3953154437428156e-05,0
11,136,0,0.0003742292174031369,0,0.00032302349995962207,0,5.8355153845590326e-05,0,1.3324591784301823e-05,0
11,137,0,0.00023273081356947373,0,0.00032302349995962207,0,5.8355153845590326e-05,0,1.4155171344156099e-05,0
11,138,0,0.0008537025867688451,0,0.00032302349995962207,0,5.8355153845590326e-05,0,1.3747580114170272e-05,0
11,139,0,0.000570748083072249,0,0.00032302349995962207,0,5.7537626049645266e-05,0,1.32452508439692e-05,0
11,140,0,0.0002490854542134861,0,0.00032302349995962207,0,0.0034532559935042824,0,1.4755193742867815e-05,0
11,141,0,0.0007997176310321497,0,0.00032302349995962207,0,5.8355153845590326e-05,0,1.3225943695658955e-05,0
11,142,0,0.00021011013072741013,0,0.00032302349995962207,0,5.8355153845590326e-05,0,1.533595313966124e-05,0
11,143,0,0.00018373095009696218,0,0.00032302349995962207,0,5.8355153845590326e-05,0,1.4853245445797967e-05,0
11,144,0,0.00021376985839235299,0,0.00032302349995962207,0,5.8355153845590326e-05,0,1.752125174584007e-05,0
11,145,0,0.000180505205806201,0,0.00032302349995962207,0,0.00041447465565655245,0,1.7382541824455498e-05,0
11,146,0,0.0001508589056388485,0,0.00032302349995962207,0,5.8355153845590326e-05,0,1.744521261450243e-05,0
11,147,0,0.0001471951452810784,0,0.00032302349995962207,0,5.751495892036768e-05,0,2.1857160619181662e-05,0
11,148,0,0.00025519892563815726,0,0.00032302349995962207,0,5.8355153845590326e-05,0,2.1039044625225017e-05,0
11,149,0,0.0003209671709240143,0,0.00032302349995962207,0,5.8355153845590326e-05,0,1.94182433820882e-05,0
11,150,0,0.0001589421558191653,0,0.00032302349995962207,0,5.8355153845590326e-05,0,1.5074226421219637e-05,0
11,151,0,0.00011751210524344378,0,0.00032302349995962207,0,5.8355153845590326e-05,0,1.6406272136111146e-05,0
11,152,0,0.00013305048101527078,0,0.00032302349995962207,0,5.589714483289062e-05,0,1.5887739599446142e-05,0
11,153,0,0.0006444320787423973,0,0.00032302349995962207,0,0.008383433858820264,0,1.8080346239366066e-05,0
11,154,0,0.0005729703623623241,0,0.00032302349995962207,0,5.8355153845590326e-05,0,1.8862416878636517e-05,0
11,155,0,0.00046474125427440905,0,0.00032302349995962207,0,5.8355153845590326e-05,0,1.6608131643161657e-05,0
11,156,0,0.0007510886963108989,0,0.00032302349995962207,0,0.006854650554693865,0,2.2647113588651555e-05,0
11,157,0,0.0002959547310961635,0,0.00032302349995962207,0,5.58390001584843e-05,0,1.8007180137001394e-05,0
11,158,0,0.00014385400767048248,0,0.00032302349995962207,0,5.8355153845590326e-05,0,1.748819176218318e-05,0
11,159,0,1.5100838139668411e-05,0,0.00032302349995962207,0,5.8355153845590326e-05,0,1.723626993322453e-05,0
11,160,0,2.2759611658039014e-05,0,0.00032302349995962207,0,5.8355153845590326e-05,0,1.264372585058993e-05,0
11,161,0,1.948888021340293e-05,0,0.00032302349995962207,0,5.8355153845590326e-05,0,1.3398166770587126e-05,0
11,162,0,1.0775973274603214e-05,0,0.00032302349995962207,0,0.0003069421571402664,0,1.79156010493269e-05,0
11,163,0,2.963087761714621e-05,0,0.00032302349995962207,0,5.8355153845590326e-05,0,1.341566477068218e-05,0
11,164,0,1.029848462540106e-05,0,0.00032302349995962207,0,5.8355153845590326e-05,0,1.680637402944206e-05,0
11,165,0,2.1204552601967487e-05,0,0.00032302349995962207,0,5.8355153845590326e-05,0,2.2196880644365274e-05,0
11,166,0,5.094479118915847e-05,0,0.00032302349995962207,0,5.8355153845590326e-05,0,2.7609246263224432e-05,0
11,167,0,2.917371948752588e-05,0,0.00032302349995962207,0,9.082268631312281e-05,0,2.3291394319374334e-05,0
11,168,0,4.7188603983547424e-05,0,0.00032302349995962207,0,5.751495892036768e-05,0,2.0298952390843694e-05,0
11,169,0,0.0007373723394847424,0,0.00032302349995962207,0,5.8355153845590326e-05,0,2.189815758526682e-05,0
11,170,0,0.0014432529307316282,0,0.00032302349995962207,0,5.8355153845590326e-05,0,1.629652071301251e-05,0
11,171,0,0.001651797923216054,0,0.00032302349995962207,0,5.8355153845590326e-05,0,2.273808149152979e-05,0
11,172,0,0.0018921948082385879,0,0.00032302349995962207,0,5.8355153845590326e-05,0,2.1954955749208796e-05,0
11,173,0,0.002365610027361951,0,0.00032302349995962207,0,5.8355153845590326e-05,0,1.6116921761157043e-05,0
11,174,0,0.0015520882302275313,0,0.00032302349995962207,0,5.8355153845590326e-05,0,1.782996541994443e-05,0
11,175,0,0.0021864366816673744,0,0.00032302349995962207,0,5.8355153845590326e-05,0,2.4367830722603312e-05,0
11,176,0,0.0007716713397206249,0,0.00032302349995962207,0,5.8355153845590326e-05,0,1.5973040526702987e-05,0
11,177,0,0.005705220062028981,0,0.00032302349995962207,0,5.8355153845590326e-05,0,1.769354028827836e-05,0
11,178,0,0.0061369014941914275,0,0.00032302349995962207,0,5.8355153845590326e-05,0,1.8891105521489298e-05,0
11,179,0,0.003509168414288639,0,0.00032302349995962207,0,8.998249138790016e-05,0,2.0235018953085068e-05,0
11,180,0,0.0018465083566922733,0,0.00032302349995962207,0,5.8355153845590326e-05,0,1.534434802445293e-05,0
11,181,0,0.0032259318162883932,0,0.00032302349995962207,0,0.00027363442974751126,0,1.8080647497344895e-05,0
11,182,0,0.0031652794901385066,0,0.0,0,5.751495892036768e-05,0,1.9084795765539698e-05,0
11,183,0,0.0011285278972743814,0,0.00032302349995962207,0,5.342312207188121e-05,0,2.024729412734514e-05,0
11,184,0,0.009609324598637347,0,0.0,0,0.03188410783083973,0,0.00014141036158929994,0
11,185,0,0.006240720183626808,0,0.00032302349995962207,0,0.0009308825869956687,0,4.9247941152599354e-05,0
11,186,0,0.005065715413830701,0,0.00032302349995962207,0,0.0009945316419070816,0,4.769790390167122e-05,0
11,187,0,0.0032875321162779635,0,0.00032302349995962207,0,0.004344515625282339,0,8.740553388941026e-05,0
11,188,0,0.007942263181457663,0,0.00032302349995962207,0,0.013846916442406881,0,0.00012154154952889971,0
11,189,0,0.008902432721164437,0,0.00032302349995962207,0,0.0021342056616992524,0,0.0002763035868044809,0
11,190,0,0.005947369378881943,0,0.0,0,0.0088570216537759,0,0.0014589344313044126,0
11,191,0,0.0017461029096452545,0,0.00032302349995962207,0,0.005744610836284881,0,0.00043116535566405816,0
11,192,0,0.008555458088139295,0,0.00032302349995962207,0,0.010900251895237568,0,0.0004935075122381397,0
11,193,0,0.022046405557939713,0,0.00032302349995962207,0,0.015855274001770833,0,0.002337343706098835,0
11,194,0,0.007325034374550674,0,0.0,0,0.021297510631313684,0,0.005808850705661366,0
11,195,0,0.01247053567794278,0,0.0,0,0.11293883660273389,0,0.0228654078260333,0
11,196,0,0.05334631798126947,0,0.0,0,0.14163675455044403,0,0.02447641816184596,0
11,197,0,0.09113486010495907,0,0.00032302349995962207,0,0.08461429692653084,0,0.005143427093942906,0
11,198,0,0.13219639371055922,0,0.0,0,0.07111660806684421,0,0.026550297111968154,0
11,199,0,0.08285540214288366,0,0.4,0,0.07797352744353843,0,0.05417128919321522,0
11,200,0,0.2255224306024455,0,0.00032302349995962207,0,0.10886413022615127,0,0.077044702679335,0
11,201,0,0.10433258301165105,0,0.0,0,0.09223629851611355,0,0.07042966164910518,0
11,202,0,0.05718215428538431,0,0.0,0,0.14495920827240197,0,0.05638936740916566,0
11,203,0,0.12367478384919198,0,0.00032302349995962207,0,0.1307652824135539,0,0.026184987591476746,0
11,204,0,0.23114976349059282,0,0.00032302349995962207,0,0.16668627898206034,0,0.23694019514198053,0
11,205,0,0.42315573629592745,0,0.0,0,0.2980712738046956,0,0.5470311564871048,1
11,206,0,0.2997198410737972,0,0.0,0,0.31507053223539844,0,0.7935337210753217,1
11,207,0,0.3832722748043779,0,0.2,0,0.3648496805410697,0,0.9604519986516256,1
11,208,0,0.49663809258511094,0,0.0,0,0.3374346224487348,0,0.7475223179065082,1
11,209,0,0.5003547751384041,1,0.0,0,0.39735557103848246,0,0.8339316049272476,1
11,210,1,0.5029733145433072,1,0.0,0,0.5082437314472469,1,0.9009290568864564,1
11,211,1,0.5955069571888585,1,0.0,0,0.48410320146168034,0,0.7514519813382134,1
11,212,1,0.5701850624947105,1,0.0,0,0.5717068984791169,1,0.9543607735959336,1
11,213,1,0.3807685073813914,0,0.0,0,0.6518023749316499,1,0.9128947054034778,1
11,214,1,0.5216348966105167,1,0.0,0,0.6598923373169105,1,0.9874833560921755,1
11,215,1,0.7006704726956382,1,0.0,0,0.7487973073741995,1,0.9577042496931584,1
11,216,1,0.6239384587729775,1,1.0,1,0.7813923380541028,1,0.9460717409357103,1
11,217,1,0.8634196184382812,1,0.0,0,0.8329645436263086,1,0.9838615435873049,1
11,218,1,0.8992820487062115,1,0.0,0,0.8441414541530822,1,0.9644864289241626,1
11,219,1,0.9162918250383003,1,1.0,1,0.8268773448773449,1,0.9845575683273039,1
11,220,1,0.9361897776854302,1,1.0,1,0.8917175324675327,1,0.9914826470850178,1
11,221,1,0.9927490795875161,1,1.0,1,0.8776937229437229,1,0.990855464760564,1
11,222,1,0.9849351669746439,1,1.0,1,0.944535949943813,1,0.9956179846903014,1
11,223,1,0.9855053373268154,1,1.0,1,0.9449467251023269,1,0.9951807103705608,1
11,224,1,0.9861532137226701,1,1.0,1,0.9348555297848758,1,0.9931671260203283,1
11,225,1,0.985563714102555,1,1.0,1,0.9428345794959081,1,0.9969029039213595,1
11,226,1,0.9539977007093453,1,1.0,1,0.9548254273914908,1,0.9968435943632402,1
11,227,1,0.9207513709929817,1,1.0,1,0.9297826146835956,1,0.9978645065881186,1
11,228,1,0.9233975534118971,1,0.9892367906066536,1,0.9319770969404999,1,0.9975537657662928,1
11,229,1,0.97543550677006,1,1.0,1,0.947977945909337,1,0.9978151123003761,1
11,230,1,0.9927801156827266,1,0.9892367906066536,1,0.9401496800827696,1,0.9990117528251325,1
11,231,1,0.9971173609463235,1,0.9892367906066536,1,0.9443938261753025,1,0.9982405648679473,1
11,232,1,0.9987097072498193,1,1.0,1,0.9487125562071378,1,0.9988855703815671,1
11,233,1,0.9987879665394339,1,1.0,1,0.9547979017356181,1,0.9982848232911601,1
11,234,1,0.9989299790462534,1,1.0,1,0.9502879074826448,1,0.9980302608926073,1
11,235,1,0.999918581105597,1,1.0,1,0.9642475750288522,1,0.9984593797897467,1
11,236,1,0.9999146585550431,1,0.9892367906066536,1,0.9838554427999678,1,0.9984723178471527,1
11,237,1,0.9999083659418887,1,0.9892367906066536,1,0.9422912072867079,1,0.9987944977628676,1
11,238,1,0.9999366870916113,1,0.9892367906066536,1,0.9361875857018275,1,0.9958585627187663,1
11,239,1,0.9999784211408745,1,0.9892367906066536,1,0.9077097828572999,1,0.9874442152958919,1
11,240,0,0.9999829242330329,1,0.9892367906066536,1,0.8418200846162796,1,0.9875991362538643,1
13,1,0,0.03736158969883019,0,0.00032302349995962207,0,0.045604330349083906,0,3.7742829921777736e-05,0
13,2,0,0.010901438456955292,0,0.00032302349995962207,0,0.010953070956282002,0,4.573063197777794e-05,0
13,3,0,0.024018376723419735,0,0.00032302349995962207,0,9.649573336171884e-05,0,4.902681017911208e-05,0
13,4,0,0.009637021944521412,0,0.00032302349995962207,0,0.0017225119935243202,0,3.3678101209525236e-05,0
13,5,0,0.004944004715312408,0,0.00032302349995962207,0,0.006305845326857653,0,2.9908790267005073e-05,0
13,6,0,0.0031305019858233144,0,0.00032302349995962207,0,0.006305845326857653,0,2.2370719322989527e-05,0
13,7,0,0.004827759019894824,0,0.00032302349995962207,0,0.006305845326857653,0,2.1822442582705428e-05,0
13,8,0,0.005765037908633036,0,0.00032302349995962207,0,0.006305845326857653,0,1.976477565954398e-05,0
13,9,0,0.0027176014576850613,0,0.00032302349995962207,0,0.006305845326857653,0,3.607499467431292e-05,0
13,10,0,0.005725279944219512,0,0.00032302349995962207,0,0.006305845326857653,0,3.1419129317191265e-05,0
13,11,0,0.006834368110818662,0,0.00032302349995962207,0,0.006305845326857653,0,3.11543678729643e-05,0
13,12,0,0.002866500597780199,0,0.00032302349995962207,0,5.8355153845590326e-05,0,1.725946197878439e-05,0
13,13,0,0.004957704956058016,0,0.00032302349995962207,0,5.8355153845590326e-05,0,2.3953117488790963e-05,0
13,14,0,0.0026590158421431103,0,0.00032302349995962207,0,5.8355153845590326e-05,0,2.2037149431511597e-05,0
13,15,0,0.0020762241237966854,0,0.00032302349995962207,0,5.8355153845590326e-05,0,2.7308086238878496e-05,0
13,16,0,0.000661378643115792,0,0.00032302349995962207,0,6.998306082233453e-05,0,4.374779691427455e-05,0
13,17,0,0.0014877613643921545,0,0.00032302349995962207,0,6.998306082233453e-05,0,4.646607958099907e-05,0
13,18,0,0.001148822812006218,0,0.00032302349995962207,0,5.8355153845590326e-05,0,2.6268571828735896e-05,0
13,19,0,0.0005744565073561272,0,0.00032302349995962207,0,5.8355153845590326e-05,0,3.024259766366036e-05,0
13,20,0,0.0007120383722434645,0,0.00032302349995962207,0,5.8355153845590326e-05,0,2.257661586996026e-05,0
13,21,0,0.0008591851506766976,0,0.00032302349995962207,0,5.8355153845590326e-05,0,1.6452803412980994e-05,0
13,22,0,0.001110547117445555,0,0.00032302349995962207,0,5.8355153845590326e-05,0,1.8329592787628033e-05,0
13,23,0,0.00019206386682366503,0,0.00032302349995962207,0,5.8355153845590326e-05,0,1.525886894746972e-05,0
13,24,0,0.00024172497196062862,0,0.00032302349995962207,0,5.8355153845590326e-05,0,1.6950746412190806e-05,0
13,25,0,0.0003203223266090417,0,0.00032302349995962207,0,5.8355153845590326e-05,0,1.6950746412190806e-05,0
13,26,0,0.0010280326101597315,0,0.00032302349995962207,0,5.8355153845590326e-05,0,1.7563035246737083e-05,0
13,27,0,0.0005589169296276914,0,0.00032302349995962207,0,5.8355153845590326e-05,0,1.7332780742622116e-05,0
13,28,0,0.0004447010276002632,0,0.00032302349995962207,0,5.8355153845590326e-05,0,1.7470417974801333e-05,0
13,29,0,0.001109443045689,0,0.00032302349995962207,0,5.8355153845590326e-05,0,1.7846927239154607e-05,0
13,30,0,0.003120973866643272,0,0.00032302349995962207,0,5.8355153845590326e-05,0,2.82179707809998e-05,0
13,31,0,0.0025032697567186936,0,0.00032302349995962207,0,5.8355153845590326e-05,0,1.6515933614287954e-05,0
13,32,0,0.0023782853609541025,0,0.00032302349995962207,0,5.8355153845590326e-05,0,1.932908724747242e-05,0
13,33,0,0.001833126986503414,0,0.00032302349995962207,0,0.00022068969352446611,0,1.7528709267680858e-05,0
13,34,0,0.002859071902968764,0,0.00032302349995962207,0,5.8355153845590326e-05,0,1.8240897866196165e-05,0
13,35,0,0.0017422704576720558,0,0.00032302349995962207,0,5.8355153845590326e-05,0,2.0290551515629665e-05,0
13,36,0,0.001531083683272131,0,0.00032302349995962207,0,5.8355153845590326e-05,0,2.019897344252951e-05,0
13,37,0,0.0018474504535974806,0,0.00032302349995962207,0,5.8355153845590326e-05,0,2.1044839961036815e-05,0
13,38,0,0.004280856654662489,0,0.00032302349995962207,0,5.8355153845590326e-05,0,2.140348671257127e-05,0
13,39,0,0.0019150758850190227,0,0.00032302349995962207,0,5.8355153845590326e-05,0,1.6840158015120673e-05,0
13,40,0,0.0011091127867179618,0,0.00032302349995962207,0,5.8355153845590326e-05,0,1.6180078011631396e-05,0
13,41,0,0.004816258692391789,0,0.00032302349995962207,0,5.8355153845590326e-05,0,2.6534944709742533e-05,0
13,42,0,0.0017653462746295557,0,0.00032302349995962207,0,5.8355153845590326e-05,0,2.3966970548147533e-05,0
13,43,0,0.0013903092386783973,0,0.00032302349995962207,0,5.8355153845590326e-05,0,2.299185044499171e-05,0
13,44,0,0.0036018048600411972,0,0.00032302349995962207,0,5.8355153845590326e-05,0,1.641500912377905e-05,0
13,45,0,0.002774479933899935,0,0.00032302349995962207,0,5.8355153845590326e-05,0,1.8923178885593704e-05,0
13,46,0,0.012750926029733173,0,0.00032302349995962207,0,0.00380750358269682,0,2.3616233069225966e-05,0
13,47,0,0.007468281533011042,0,0.00032302349995962207,0,5.8355153845590326e-05,0,1.7294260805593746e-05,0
13,48,0,0.0037966071509067025,0,0.00032302349995962207,0,5.8355153845590326e-05,0,1.5617328174814736e-05,0
13,49,0,0.005850230336153486,0,0.00032302349995962207,0,5.8355153845590326e-05,0,1.531043269910311e-05,0
13,50,0,0.006276696143624133,0,0.00032302349995962207,0,5.8355153845590326e-05,0,1.5045508821223088e-05,0
13,51,0,0.008163273802157851,0,0.00032302349995962207,0,5.8355153845590326e-05,0,1.3733334728009267e-05,0
13,52,0,0.006819760975632741,0,0.00032302349995962207,0,5.8355153845590326e-05,0,1.5522111639777885e-05,0
13,53,0,0.0074613293238078885,0,0.00032302349995962207,0,5.8355153845590326e-05,0,1.7159171774698343e-05,0
13,54,0,0.003633073555358253,0,0.00032302349995962207,0,5.8355153845590326e-05,0,1.7968498784328084e-05,0
13,55,0,0.001274671266590987,0,0.00032302349995962207,0,5.8355153845590326e-05,0,1.845555779584069e-05,0
13,56,0,0.0015369084156299632,0,0.00032302349995962207,0,5.8355153845590326e-05,0,1.6171409066407116e-05,0
13,57,0,0.0004512816874950596,0,0.00032302349995962207,0,5.8355153845590326e-05,0,1.859965268912248e-05,0
13,58,0,0.0014564894331860626,0,0.00032302349995962207,0,6.998306082233453e-05,0,1.8279993908877647e-05,0
13,59,0,0.0010785267713135324,0,0.00032302349995962207,0,5.8355153845590326e-05,0,1.7659809779006774e-05,0
13,60,0,0.0014592175254936211,0,0.00032302349995962207,0,5.8355153845590326e-05,0,1.7984021384559626e-05,0
13,61,0,0.001668730040994074,0,0.00032302349995962207,0,5.8355153845590326e-05,0,1.7643014774255123e-05,0
13,62,0,0.00121777966264782,0,0.00032302349995962207,0,5.8355153845590326e-05,0,1.6432239620940523e-05,0
13,63,0,0.0010766629361006886,0,0.00032302349995962207,0,5.8355153845590326e-05,0,1.4853701379063848e-05,0
13,64,0,0.0010232105527096396,0,0.00032302349995962207,0,5.8355153845590326e-05,0,1.7660239037579085e-05,0
13,65,0,0.001171604222380739,0,0.00032302349995962207,0,5.8355153845590326e-05,0,2.0899670961891266e-05,0
13,66,0,0.0010381640819978623,0,0.00032302349995962207,0,5.8355153845590326e-05,0,1.4768515317038464e-05,0
13,67,0,0.01165265642420529,0,0.00032302349995962207,0,5.8355153845590326e-05,0,2.1575874930215164e-05,0
13,68,0,0.008501376776914425,0,0.00032302349995962207,0,5.8355153845590326e-05,0,1.9485356703455633e-05,0
13,69,0,0.00666505475001649,0,0.00032302349995962207,0,5.8355153845590326e-05,0,1.546151247570522e-05,0
13,70,0,0.006229314186005541,0,0.00032302349995962207,0,6.8826358034072e-05,0,1.6958365417165893e-05,0
13,71,0,0.01620881175506818,0,0.00032302349995962207,0,6.8826358034072e-05,0,2.3567211219876045e-05,0
13,72,0,0.002918407687249548,0,0.00032302349995962207,0,6.8826358034072e-05,0,1.7960810075322486e-05,0
13,73,0,0.00542535917597021,0,0.00032302349995962207,0,6.8826358034072e-05,0,2.5882082486944264e-05,0
13,74,0,0.0029489382095005115,0,0.00032302349995962207,0,6.8826358034072e-05,0,2.2030671715147993e-05,0
13,75,0,0.012540786887040982,0,0.00032302349995962207,0,6.8826358034072e-05,0,1.923512571385224e-05,0
13,76,0,0.00470239259289976,0,0.00032302349995962207,0,6.8826358034072e-05,0,1.841125132834727e-05,0
13,77,0,0.0014703081613156707,0,0.00032302349995962207,0,0.00025311940297481075,0,2.8953074033401716e-05,0
13,78,0,0.002371401597901258,0,0.00032302349995962207,0,0.00025311940297481075,0,2.983684948378827e-05,0
13,79,0,0.002507082053948882,0,0.00032302349995962207,0,0.00025311940297481075,0,2.7316773788324327e-05,0
13,80,0,0.0022533715722205614,0,0.00032302349995962207,0,0.00025311940297481075,0,1.8887396816041157e-05,0
13,81,0,0.0015077045849580422,0,0.00032302349995962207,0,9.521158230847834e-05,0,2.300987279854591e-05,0
13,82,0,0.0017379787983652925,0,0.00032302349995962207,0,6.793421778962557e-05,0,2.6233903832146355e-05,0
13,83,0,0.004577034211492786,0,0.00032302349995962207,0,6.793421778962557e-05,0,2.24792083008509e-05,0
13,84,0,0.0023555233839010043,0,0.00032302349995962207,0,6.793421778962557e-05,0,2.0622551076524454e-05,0
13,85,0,0.00277237738114462,0,0.00032302349995962207,0,5.8355153845590326e-05,0,1.8028259348798575e-05,0
13,86,0,0.0026536962217058617,0,0.00032302349995962207,0,5.8355153845590326e-05,0,1.7513337899040457e-05,0
13,87,0,0.00840852725683822,0,0.00032302349995962207,0,0.00029226926034631737,0,1.898597026121929e-05,0
13,88,0,0.015473381951256995,0,0.00032302349995962207,0,5.8355153845590326e-05,0,2.380194796522208e-05,0
13,89,0,0.0025753316361437515,0,0.00032302349995962207,0,5.8355153845590326e-05,0,1.757755718349752e-05,0
13,90,0,0.00279092636087768,0,0.00032302349995962207,0,0.00023761755012066115,0,1.9260609755037262e-05,0
13,91,0,0.0021790842002836273,0,0.00032302349995962207,0,0.00023761755012066115,0,2.124041506965908e-05,0
13,92,0,0.0011689531766899976,0,0.00032302349995962207,0,0.000263790022370727,0,2.7479911805689646e-05,0
13,93,0,0.0006743026772503273,0,0.00032302349995962207,0,0.0002688206710363949,0,2.9221990267909452e-05,0
13,94,0,0.0015399704637754793,0,0.00032302349995962207,0,0.0002688206710363949,0,2.6292713966441583e-05,0
13,95,0,0.0022731559098092932,0,0.00032302349995962207,0,0.00020694582625868543,0,7.041799139606058e-05,0
13,96,0,0.0006896196019236907,0,0.00032302349995962207,0,5.8355153845590326e-05,0,3.116076590029767e-05,0
13,97,0,0.0006231795858488538,0,0.00032302349995962207,0,5.8355153845590326e-05,0,2.8644113136265736e-05,0
13,98,0,0.001510686692710349,0,0.00032302349995962207,0,0.00010090834533495204,0,3.453816245313066e-05,0
13,99,0,0.0010980211009114088,0,0.00032302349995962207,0,5.8355153845590326e-05,0,3.954853873088572e-05,0
13,100,0,0.0025209367189956903,0,0.00032302349995962207,0,0.0008644423515392476,0,4.4934403679499686e-05,0
13,101,0,0.0031440319636237037,0,0.00032302349995962207,0,9.352509946844124e-05,0,0.00015408976715771934,0
13,102,0,0.002496234772430005,0,0.00032302349995962207,0,9.726035712174575e-05,0,6.37157726576398e-05,0
13,103,0,0.0012467976101797193,0,0.00032302349995962207,0,0.0055900581515990425,0,5.924477621832809e-05,0
13,104,0,0.005289781648061536,0,0.00032302349995962207,0,0.00017205421384106943,0,4.6699677471797236e-05,0
13,105,0,0.003781612300204612,0,0.00032302349995962207,0,0.0003122115985730272,0,4.2042012253654005e-05,0
13,106,0,0.011615452710933156,0,0.00032302349995962207,0,0.00016035830740832087,0,5.939072634135313e-05,0
13,107,0,0.020646716481031707,0,0.00032302349995962207,0,0.00676500053939489,0,4.738604245448921e-05,0
13,108,0,0.008560302560131527,0,0.00032302349995962207,0,0.00039177178875275887,0,0.00013154282194049785,0
13,109,0,0.009897770531603033,0,0.00032302349995962207,0,0.00044439917377788406,0,0.00023745555638258735,0
13,110,0,0.036841709401479815,0,0.00032302349995962207,0,0.0010527884648649118,0,0.00017008291054365098,0
13,111,0,0.028677539712854472,0,0.00032302349995962207,0,0.0003923411571329799,0,0.00022457888164276294,0
13,112,0,0.03579700022319578,0,0.00032302349995962207,0,0.008901885543225803,0,0.00033832991719307513,0
13,113,0,0.030962477282267475,0,0.00032302349995962207,0,0.007390030090371273,0,7.019052921010997e-05,0
13,114,0,0.054681162612557635,0,0.01674641148325359,0,0.0011334716356872694,0,0.00013830637913259892,0
13,115,0,0.08449391230500136,0,0.01674641148325359,0,0.013828085271840955,0,0.00014584159305144334,0
13,116,0,0.05164862961217734,0,0.01674641148325359,0,0.004746059086766744,0,0.00010399199537703457,0
13,117,0,0.07451574006760485,0,0.01674641148325359,0,0.008190008182027614,0,0.0007719266760324858,0
13,118,0,0.0506645549803362,0,0.01674641148325359,0,0.007863570782293817,0,0.0002838042143901716,0
13,119,0,0.0690266901751252,0,0.0,0,0.007362593436049159,0,0.0009210852726499257,0
13,120,0,0.0901582912156996,0,0.00032302349995962207,0,0.006340421718847133,0,0.0002359748326893472,0
13,121,0,0.07275834764043612,0,0.00032302349995962207,0,0.010787282584931163,0,0.0007475453569212063,0
13,122,0,0.09494078945381466,0,0.00032302349995962207,0,0.00478161690420039,0,0.0002673701087043309,0
13,123,0,0.09169680482398089,0,0.01674641148325359,0,0.0030511908404738173,0,0.000451528240026634,0
13,124,0,0.17237026021283763,0,0.00032302349995962207,0,0.02925783480232508,0,0.005839514770193475,0
13,125,0,0.14672687888490124,0,0.00032302349995962207,0,0.02092343094417312,0,0.000609152325005074,0
13,126,0,0.039568599142022105,0,0.0,0,0.03197518822776047,0,0.0008122648681104053,0
13,127,0,0.02208619083575131,0,0.0,0,0.04082314881597603,0,0.0005511010599235211,0
13,128,0,0.02489067869929345,0,0.0,0,0.031941986153416285,0,0.002926828516495986,0
13,129,0,0.040244972278690526,0,0.0,0,0.038026945994005336,0,0.0008713890070218009,0
13,130,0,0.0608522929711571,0,0.0,0,0.09584123233059273,0,0.0060888187898780425,0
13,131,0,0.06371883333220697,0,0.00032302349995962207,0,0.0507507298144592,0,0.0013259139375824238,0
13,132,0,0.063454249416927,0,0.00032302349995962207,0,0.08367700871607602,0,0.0008519502243185003,0
13,133,1,0.0692294626238018,0,0.0,0,0.1613418078741808,0,0.004467744670152396,0
13,134,1,0.08232452175534251,0,0.0,0,0.23706668321511018,0,0.007107665753073186,0
13,135,1,0.14479304032280127,0,0.4,0,0.26769118979089584,0,0.0176149035608349,0
13,136,1,0.16663735670362176,0,0.0,0,0.36852286624119307,0,0.0318726215795598,0
13,137,1,0.1570602773715694,0,0.4,0,0.3547775458743622,0,0.06670434300931675,0
13,138,1,0.1367140692929785,0,0.4,0,0.3874416497862947,0,0.0846464789089345,0
13,139,1,0.30835975433293006,0,0.4,0,0.5022377578928865,1,0.31464559168928563,0
13,140,1,0.3258120889870356,0,0.4,0,0.5736072362835207,1,0.48744729845243484,0
13,141,1,0.5665623511224419,1,0.4,0,0.6740794703837406,1,0.41960616951371554,0
13,142,1,0.6315783768661304,1,0.4,0,0.6852474395083101,1,0.873626945792164,1
13,143,1,0.8873713969292112,1,1.0,1,0.779826611128335,1,0.9789429772728981,1
13,144,1,0.9164257791449723,1,1.0,1,0.8181656781685618,1,0.9851025124248274,1
13,145,1,0.9239287579747333,1,1.0,1,0.8158207652725907,1,0.9944945086961997,1
13,146,1,0.9880696188403669,1,1.0,1,0.9081159864641677,1,0.9957604511189264,1
13,147,1,0.9918324287404016,1,1.0,1,0.9139749378630139,1,0.9937310466266119,1
13,148,1,0.9879681584716581,1,1.0,1,0.9534512295963734,1,0.9973817095991784,1
13,149,1,0.9927153136904794,1,0.9892367906066536,1,0.9457174165858144,1,0.9985199203098822,1
13,150,1,0.9829177071980267,1,0.9892367906066536,1,0.8837346368627874,1,0.9973334669117027,1
13,151,1,0.9890788877111718,1,0.9892367906066536,1,0.912679579102105,1,0.9978780986316631,1
13,152,1,0.9928538467821902,1,0.9892367906066536,1,0.920007251629697,1,0.9990848962000005,1
13,153,1,0.9849712643998367,1,0.9892367906066536,1,0.9510727144712052,1,0.9973617323645922,1
13,154,1,0.9743429642205662,1,1.0,1,0.9609565264543471,1,0.9986143930031767,1
13,155,1,0.9914970177050656,1,1.0,1,0.9554288865448997,1,0.999127166166037,1
13,156,1,0.9961675314390458,1,0.9892367906066536,1,0.9366943727304953,1,0.9984523848530383,1
13,157,1,0.9985809720402613,1,0.9892367906066536,1,0.9715776910014868,1,0.9991738822648724,1
13,158,1,0.9988836101322935,1,0.9892367906066536,1,0.9519460286520196,1,0.9988024023751901,1
13,159,1,0.9995056527303386,1,0.9892367906066536,1,0.958829988661567,1,0.9990937561530442,1
13,160,1,0.9994989341160899,1,0.9892367906066536,1,0.9742327563247574,1,0.9967455524509315,1
13,161,1,0.9996299447961339,1,0.0,0,0.9140157814135805,1,0.9909870860252993,1
13,162,1,0.9998387886499104,1,0.0,0,0.8736545754099575,1,0.7647725832194628,1
13,163,0,0.9999609445831197,1,1.0,1,0.7451978771166892,1,0.6403883882048422,1
19,1,0,0.02310455773183977,0,0.00032302349995962207,0,0.01911110942949837,0,4.3541431668018064e-05,0
19,2,0,1.7832732106629227e-05,0,0.00032302349995962207,0,0.02669821516882021,0,3.105127137952396e-05,0
19,3,0,0.0004205008508477098,0,0.00032302349995962207,0,9.153583499592016e-05,0,3.180146158138223e-05,0
19,4,0,0.0014323848228182398,0,0.00032302349995962207,0,0.0025653633627458544,0,2.6043260502756727e-05,0
19,5,0,0.003768296360065369,0,0.00032302349995962207,0,6.536336274585434e-05,0,3.1388047095098815e-05,0
19,6,0,0.0011607317551669423,0,0.00032302349995962207,0,6.536336274585434e-05,0,1.628146598297127e-05,0
19,7,0,0.002088889615711249,0,0.00032302349995962207,0,6.793421778962557e-05,0,1.391914003130808e-05,0
19,8,0,0.0013878790594925147,0,0.00032302349995962207,0,6.793421778962557e-05,0,1.404325471811964e-05,0
19,9,0,0.0018111522034755347,0,0.00032302349995962207,0,6.793421778962557e-05,0,1.5451086899259413e-05,0
19,10,0,0.004297907276332919,0,0.00032302349995962207,0,6.793421778962557e-05,0,1.468851247162551e-05,0
19,11,0,0.005145016607518441,0,0.00032302349995962207,0,6.793421778962557e-05,0,1.5183358733706176e-05,0
19,12,0,0.0083288223985739,0,0.00032302349995962207,0,0.011341377148947373,0,8.886045414035668e-05,0
19,13,0,0.005071277860498247,0,0.00032302349995962207,0,0.009148420081303671,0,0.00011020727705063151,0
19,14,0,0.008369277435772166,0,0.00032302349995962207,0,0.0011659173622901092,0,6.911856395721925e-05,0
19,15,0,0.01346645886581069,0,0.00032302349995962207,0,0.0011684297146894057,0,6.314785105861887e-05,0
19,16,0,0.016424830193448387,0,0.00032302349995962207,0,0.0011667432318493683,0,8.29792933437446e-05,0
19,17,0,0.017134730460565357,0,0.00032302349995962207,0,0.006248509828719141,0,3.163485964098743e-05,0
19,18,0,0.020541496556805254,0,0.00032302349995962207,0,6.048194228591233e-05,0,4.39344971853608e-05,0
19,19,0,0.02987034276081065,0,0.00032302349995962207,0,0.0002848169848426041,0,5.651443337519803e-05,0
19,20,0,0.04232887231293625,0,0.00032302349995962207,0,5.0902878341877077e-05,0,2.8485260778602708e-05,0
19,21,0,0.02636932818925882,0,0.00032302349995962207,0,5.0902878341877077e-05,0,3.487364174452828e-05,0
19,22,0,0.004930233260534322,0,0.00032302349995962207,0,5.5011021537562504e-05,0,2.5781106776466926e-05,0
19,23,0,0.004289620488893129,0,0.00032302349995962207,0,5.335276569839545e-05,0,2.79780311073399e-05,0
19,24,0,0.005014331707482567,0,0.00032302349995962207,0,0.0017464046566394683,0,4.13622695945717e-05,0
19,25,0,0.003580376221163315,0,0.00032302349995962207,0,5.5011021537562504e-05,0,2.6275352999619507e-05,0
19,26,0,0.0036600954087194918,0,0.00032302349995962207,0,5.5011021537562504e-05,0,2.912318416100013e-05,0
19,27,0,0.005042914007477761,0,0.00032302349995962207,0,5.5011021537562504e-05,0,2.4033149943140554e-05,0
19,28,0,0.0015385081381267785,0,0.00032302349995962207,0,9.566142804162756e-05,0,2.1921080589547977e-05,0
19,29,0,0.00022873907292504946,0,0.00032302349995962207,0,0.0031593851447581315,0,2.2754934368430554e-05,0
19,30,0,0.0008043952477112671,0,0.00032302349995962207,0,0.0007000355512621966,0,2.9159942577974704e-05,0
19,31,0,0.0007092981373247804,0,0.00032302349995962207,0,0.0006568622282666674,0,3.060094567223551e-05,0
19,32,0,0.009840237953484307,0,0.00032302349995962207,0,0.00014456205039731446,0,3.0294616101367394e-05,0
19,33,0,0.0022486055206228624,0,0.00032302349995962207,0,0.011518355627608601,0,2.7541552198427815e-05,0
19,34,0,0.004068066041953378,0,0.00032302349995962207,0,0.011732449792725532,0,2.8184362496256746e-05,0
19,35,0,0.0025431816065155212,0,0.00032302349995962207,0,0.006543665496154855,0,2.6540538711053556e-05,0
19,36,0,0.00421289963543395,0,0.00032302349995962207,0,8.052226446682055e-05,0,2.6993683759259303e-05,0
19,37,0,0.003457451965506779,0,0.00032302349995962207,0,6.8826358034072e-05,0,2.646912649728969e-05,0
19,38,0,0.0018819629416066965,0,0.00032302349995962207,0,6.8826358034072e-05,0,2.065432822634628e-05,0
19,39,0,0.0018494803836504134,0,0.00032302349995962207,0,0.00010283771951918581,0,1.805686002707733e-05,0
19,40,0,0.000854729695898866,0,0.00032302349995962207,0,0.00010283771951918581,0,1.83764746068431e-05,0
19,41,0,0.0008683704239554949,0,0.00032302349995962207,0,0.00013134785457551737,0,1.7961153985885484e-05,0
19,42,0,0.0011143224835810253,0,0.00032302349995962207,0,5.8355153845590326e-05,0,1.6829636030127214e-05,0
19,43,0,0.0006359022827306932,0,0.00032302349995962207,0,5.8355153845590326e-05,0,1.4364720057875291e-05,0
19,44,0,0.000722355613364101,0,0.00032302349995962207,0,5.8355153845590326e-05,0,1.4896906907096382e-05,0
19,45,0,0.0007584870280457362,0,0.00032302349995962207,0,5.8355153845590326e-05,0,1.4513865682193415e-05,0
19,46,0,0.0016706101660758357,0,0.00032302349995962207,0,8.474037811999664e-05,0,1.2110557086907665e-05,0
19,47,0,0.0009914141119918094,0,0.00032302349995962207,0,5.58322373541262e-05,0,1.3137628171100209e-05,0
19,48,0,0.0005478092489080248,0,0.00032302349995962207,0,5.8355153845590326e-05,0,2.0539543613109325e-05,0
19,49,0,0.001336754675379245,0,0.00032302349995962207,0,0.00013559777495209349,0,2.354644450031732e-05,0
19,50,0,0.0017661406422748885,0,0.00032302349995962207,0,5.496042255279692e-05,0,2.020034643574748e-05,0
19,51,0,0.001010420249328996,0,0.00032302349995962207,0,0.00013134785457551737,0,2.088275461464589e-05,0
19,52,0,0.0034266436558330424,0,0.00032302349995962207,0,0.00013134785457551737,0,3.4952014805676704e-05,0
19,53,0,0.0007815903360348775,0,0.00032302349995962207,0,0.0014852400995769813,0,3.1251063767245495e-05,0
19,54,0,0.012481807272965108,0,0.00032302349995962207,0,0.0014934627111687648,0,2.7517100179822684e-05,0
19,55,0,0.011712786917753258,0,0.00032302349995962207,0,9.464571127802133e-05,0,3.19786681057423e-05,0
19,56,0,0.006293243086258846,0,0.00032302349995962207,0,0.0001670034849133103,0,2.849817940670108e-05,0
19,57,0,0.010703915502564913,0,0.00032302349995962207,0,0.000306305596581022,0,3.185145263567966e-05,0
19,58,0,0.010203526717492832,0,0.00032302349995962207,0,0.00039282960005925156,0,3.9686582503979106e-05,0
19,59,0,0.004775032905983881,0,0.00032302349995962207,0,6.794397914057513e-05,0,2.681864978606725e-05,0
19,60,0,0.004717392203614741,0,0.00032302349995962207,0,6.794397914057513e-05,0,4.48193342309488e-05,0
19,61,0,0.0053086788101577706,0,0.00032302349995962207,0,0.00018796308715401431,0,4.8852593331929994e-05,0
19,62,0,0.006321976252163487,0,0.00032302349995962207,0,0.0033065148254699337,0,7.76459513523646e-05,0
19,63,0,0.013058669024291193,0,0.00032302349995962207,0,0.00018879948728783833,0,4.792767160352603e-05,0
19,64,0,0.011417920306580244,0,0.00032302349995962207,0,0.00019048597012787542,0,2.6201965955026255e-05,0
19,65,0,0.003891546914618854,0,0.00032302349995962207,0,0.0001436796715038176,0,2.9249177689898176e-05,0
19,66,0,0.005927383431701352,0,0.00032302349995962207,0,6.794397914057513e-05,0,3.4944608672974825e-05,0
19,67,0,0.010989672760697712,0,0.00032302349995962207,0,0.0005710727136215619,0,3.02721379150227e-05,0
19,68,0,0.010754570923542303,0,0.00032302349995962207,0,0.0024537017559571137,0,3.09456921217739e-05,0
19,69,0,0.008380828354672843,0,0.00032302349995962207,0,0.006276313491435744,0,3.3815054744920444e-05,0
19,70,0,0.01533607721998076,0,0.00032302349995962207,0,0.0006807729479459048,0,2.1474739170929995e-05,0
19,71,0,0.0035683524038551974,0,0.00032302349995962207,0,0.006695666624666911,0,2.2672741763274595e-05,0
19,72,0,0.0035638981273776334,0,0.00032302349995962207,0,0.0026905490014761603,0,3.3789524467756745e-05,0
19,73,0,0.0037043666897361707,0,0.00032302349995962207,0,0.008507693960154043,0,2.0595155323488255e-05,0
19,74,0,0.007617106214422409,0,0.00032302349995962207,0,0.0001690533063614275,0,2.5361873409522376e-05,0
19,75,0,0.005513896536873144,0,0.00032302349995962207,0,0.00013674529317690676,0,2.9976554412339882e-05,0
19,76,0,0.009984824793907525,0,0.00032302349995962207,0,0.00013505681702663237,0,2.0213874245691612e-05,0
19,77,0,0.02329945853296445,0,0.00032302349995962207,0,0.0021956052944677516,0,2.5121640940000332e-05,0
19,78,0,0.012975056225109067,0,0.00032302349995962207,0,0.00044094186710496994,0,4.166999801789981e-05,0
19,79,0,0.014601833948549135,0,0.00032302349995962207,0,0.0003623542565141284,0,3.592329441114067e-05,0
19,80,0,0.029506429134356447,0,0.00032302349995962207,0,0.0001830918602390576,0,3.261187207938504e-05,0
19,81,0,0.03017337388300793,0,0.0,0,0.057723903496327215,0,0.0004037766856537668,0
19,82,0,0.005867695899400948,0,0.0,0,0.05284807671887142,0,0.0001874995098962588,0
19,83,0,0.004060744734781863,0,0.0,0,0.05999260808032335,0,0.0002364207957898894,0
19,84,0,0.005307629748266701,0,0.0,0,0.05676791219307185,0,0.000152582271001191,0
19,85,0,0.00940232545744301,0,0.0,0,0.040198471239561606,0,0.0003628665309789883,0
19,86,0,0.009389008172275002,0,0.00032302349995962207,0,0.027342338056413326,0,5.192707260104143e-05,0
19,87,0,0.004546729593615794,0,0.00032302349995962207,0,0.03612920410680015,0,7.250897785456421e-05,0
19,88,0,0.008502555687390606,0,0.00032302349995962207,0,0.02916114942303059,0,6.599672889813286e-05,0
19,89,0,0.011697936030447598,0,0.00032302349995962207,0,0.06585192518710771,0,0.00024261762624145454,0
19,90,0,0.011934565040343409,0,0.00032302349995962207,0,0.025055469911432936,0,4.252462823349921e-05,0
19,91,0,0.0014367585237891963,0,0.00032302349995962207,0,0.014509601572703801,0,0.000104050356039266,0
19,92,0,0.0009096386716149623,0,0.00032302349995962207,0,0.009604347354002481,0,7.075310183531597e-05,0
19,93,0,0.0007373139345184736,0,0.00032302349995962207,0,0.02658082875666289,0,0.00036042033361593487,0
19,94,0,0.001303612332254287,0,0.0,0,0.028485074284507236,0,0.0005601555289890601,0
19,95,0,0.0014902471564540826,0,0.0,0,0.011362104428025962,0,0.00035983286078150503,0
19,96,0,0.0026183700301376494,0,0.5,1,0.04997224592217821,0,0.0027352815828278433,0
19,97,0,0.004649853734698816,0,0.6666666666666666,1,0.07694288932252721,0,0.018587072213965737,0
19,98,0,0.00783316293657938,0,0.5,1,0.07144807923393562,0,0.0006801164321478801,0
19,99,0,0.024754264319967155,0,0.00032302349995962207,0,0.07421885725449026,0,0.0003990341080835665,0
19,100,0,0.06206196460639706,0,0.00032302349995962207,0,0.08158694646481247,0,0.0018000000761520803,0
19,101,0,0.043750482639755596,0,0.00032302349995962207,0,0.038276580926772906,0,0.0004613902973765839,0
19,102,0,0.028459743948562866,0,0.00032302349995962207,0,0.04724931528699049,0,0.0006608163433615672,0
19,103,0,0.010880000751580039,0,0.00032302349995962207,0,0.019372315610206345,0,0.00032014646392506497,0
19,104,0,0.010104803435197462,0,0.0,0,0.04261674111219049,0,0.0006203938396200321,0
19,105,0,0.026663784946990537,0,0.6,1,0.06652777459473685,0,0.0007399982781829508,0
19,106,0,0.027023814599802676,0,0.6,1,0.06545805138003828,0,0.0007378184189174438,0
19,107,0,0.014289022573783988,0,0.0,0,0.07401013098604842,0,0.0003797100377349317,0
19,108,0,0.010393325026733716,0,0.6,1,0.1181153920775674,0,0.0015172637176777198,0
19,109,0,0.006926485119965519,0,0.6,1,0.09420279245387501,0,0.0010812354239369555,0
19,110,0,0.013284312909137251,0,0.0,0,0.054044336117883784,0,0.0005536831642702958,0
19,111,0,0.012512636304657264,0,0.6,1,0.08820487159092004,0,0.0058596910593634866,0
19,112,0,0.019809217625326902,0,0.0,0,0.10138403597914772,0,0.004496215638749985,0
19,113,0,0.05420609204137432,0,0.01674641148325359,0,0.17515005187914043,0,0.017886864694155607,0
19,114,0,0.07380779397078631,0,0.0,0,0.21914836359752715,0,0.16893150587280262,0
19,115,0,0.055312509959432626,0,0.0,0,0.15163361834106984,0,0.006842877670145324,0
19,116,0,0.03563116363250305,0,0.0,0,0.15919560134915317,0,0.008900225029214729,0
19,117,0,0.05259213097457883,0,0.0,0,0.14654554686603372,0,0.0012849255742480314,0
19,118,0,0.17550478401619884,0,0.0,0,0.1638596583503427,0,0.011021595494981745,0
19,119,0,0.2768985523257081,0,1.0,1,0.1814715880864909,0,0.05152906383124344,0
19,120,0,0.18136074823260007,0,0.0,0,0.1627299483119546,0,0.04998495878342487,0
19,121,0,0.24045346182308608,0,0.0,0,0.23183911765414927,0,0.21843995415668757,0
19,122,0,0.18646683009035397,0,1.0,1,0.313262521854034,0,0.19037576750192262,0
19,123,0,0.12356073084223662,0,0.0,0,0.2666430315720024,0,0.10338520988820485,0
19,124,0,0.25697598677953726,0,1.0,1,0.38247537941978904,0,0.6084524914726508,1
19,125,0,0.415785364355837,0,1.0,1,0.4170050552294633,0,0.8102697830429938,1
19,126,0,0.3706024529164058,0,1.0,1,0.30420264221159116,0,0.14020758745791312,0
19,127,0,0.19038377521258115,0,1.0,1,0.38363426873809275,0,0.7459462353090786,1
19,128,1,0.45873669614934715,0,1.0,1,0.5689595406645193,1,0.9575108994492135,1
19,129,1,0.2673302041034858,0,1.0,1,0.4504588964917105,0,0.7820768352749048,1
19,130,1,0.3783106247260227,0,0.16666666666666666,0,0.46501365646341825,0,0.8000708222196077,1
19,131,1,0.523831431112254,1,0.0,0,0.5204985600536625,1,0.8866853545577466,1
19,132,1,0.5447941529198235,1,0.0,0,0.5616913845573034,1,0.9171833088417597,1
19,133,1,0.6395329275858291,1,0.0,0,0.467383629380312,0,0.6773847197577417,1
19,134,1,0.5590577942855507,1,0.0,0,0.6071298861442543,1,0.9361850961260829,1
19,135,1,0.5831667825928577,1,0.0,0,0.6905672539118533,1,0.965433569717871,1
19,136,1,0.8138094732851568,1,0.9230769230769231,1,0.7280795472229462,1,0.961583357068248,1
19,137,1,0.7898036250341545,1,0.9230769230769231,1,0.7310082183384184,1,0.9759382204598601,1
19,138,1,0.8357890485400887,1,0.9230769230769231,1,0.722744694348821,1,0.9752619986755929,1
19,139,1,0.7943828734412239,1,0.9230769230769231,1,0.8458716978008498,1,0.9943789373845136,1
19,140,1,0.7231159476803595,1,0.0,0,0.8425608337686975,1,0.9871726076366129,1
19,141,1,0.8142174697586586,1,1.0,1,0.8391826754948917,1,0.9931507744647894,1
19,142,1,0.5755183040319848,1,1.0,1,0.8874515293920799,1,0.996914626662171,1
19,143,1,0.8043913805257861,1,1.0,1,0.871213882557712,1,0.9961244181881885,1
19,144,1,0.5610290685982302,1,0.0,0,0.8220333766201819,1,0.9925805263438481,1
19,145,1,0.7021884616176498,1,0.0,0,0.7870771550669042,1,0.9934666880572738,1
19,146,1,0.8878807291939121,1,0.9892367906066536,1,0.9444900848363815,1,0.9961787542419579,1
19,147,1,0.9600447629535871,1,0.9892367906066536,1,0.9736737682424859,1,0.9981978053031613,1
19,148,1,0.9224092470567941,1,0.9892367906066536,1,0.9626695100812404,1,0.9964161127464508,1
19,149,1,0.935403506764247,1,0.9892367906066536,1,0.9467938262385661,1,0.9960633561914015,1
19,150,1,0.9263152798041552,1,0.9892367906066536,1,0.9631081522203444,1,0.9954681241755473,1
19,151,1,0.8987528043944943,1,0.9892367906066536,1,0.967454322734696,1,0.9955242731035462,1
19,152,1,0.9519804096975969,1,0.9787234042553191,1,0.9573853486117427,1,0.9948117171030575,1
19,153,1,0.9388484969096169,1,0.9787234042553191,1,0.9244563680583433,1,0.996141838559734,1
19,154,1,0.9860155876332962,1,0.2,0,0.870694934125338,1,0.9783141830055562,1
19,155,1,0.994616120570573,1,0.0,0,0.809433092440611,1,0.8803842033260092,1
19,156,1,0.9980689404445829,1,0.0,0,0.8675434884263764,1,0.8309240055752654,1
19,157,1,0.995835547293641,1,1.0,1,0.6894845042942785,1,0.9028162995433933,1
19,158,0,0.9965751248267285,1,0.0,0,0.5864175674900668,1,0.17403103681201268,0
23,1,0,0.009230604371934894,0,0.00032302349995962207,0,0.010313336285747165,0,2.80281221020057e-05,0
23,2,0,0.000843042376486976,0,0.00032302349995962207,0,0.0022662481006162426,0,3.4755656727521846e-05,0
23,3,0,0.002332819523536223,0,0.00032302349995962207,0,0.0037998246511863013,0,3.6212264278966656e-05,0
23,4,0,0.0001762156758468787,0,0.00032302349995962207,0,6.8826358034072e-05,0,2.188242507132292e-05,0
23,5,0,0.00036684786358108214,0,0.00032302349995962207,0,6.8826358034072e-05,0,1.700277680133679e-05,0
23,6,0,0.0007790195896467127,0,0.00032302349995962207,0,6.8826358034072e-05,0,1.596685803600589e-05,0
23,7,0,0.0015011939547704021,0,0.00032302349995962207,0,5.8355153845590326e-05,0,1.3812938945868628e-05,0
23,8,0,0.0017387126803898333,0,0.00032302349995962207,0,5.8355153845590326e-05,0,1.3624523071289103e-05,0
23,9,0,0.0010383147963718264,0,0.00032302349995962207,0,5.8355153845590326e-05,0,1.2424536601098975e-05,0
23,10,0,0.0004928550128567173,0,0.00032302349995962207,0,5.8355153845590326e-05,0,1.3548839825295053e-05,0
23,11,0,0.0004957404474710991,0,0.00032302349995962207,0,5.8355153845590326e-05,0,1.824783111693083e-05,0
23,12,0,0.0034027482867698485,0,0.00032302349995962207,0,5.8355153845590326e-05,0,2.022020219707472e-05,0
23,13,0,0.0014730372136371468,0,0.00032302349995962207,0,5.8355153845590326e-05,0,1.3394966799936912e-05,0
23,14,0,0.001635974515046236,0,0.00032302349995962207,0,5.8355153845590326e-05,0,1.5058316131211809e-05,0
23,15,0,0.002384865180733169,0,0.00032302349995962207,0,5.8355153845590326e-05,0,1.2979407687254975e-05,0
23,16,0,0.0029237882737543986,0,0.00032302349995962207,0,5.8355153845590326e-05,0,2.0303358696351947e-05,0
23,17,0,0.0015848647683652714,0,0.00032302349995962207,0,5.8355153845590326e-05,0,1.9801628052510622e-05,0
23,18,0,0.003369880461164838,0,0.00032302349995962207,0,5.7500599068629124e-05,0,1.4396178205443014e-05,0
23,19,0,0.002909293493520387,0,0.00032302349995962207,0,5.8355153845590326e-05,0,2.2820635036216807e-05,0
23,20,0,0.00439257385805308,0,0.00032302349995962207,0,5.8355153845590326e-05,0,1.4019464186136942e-05,0
23,21,0,0.003374149388848218,0,0.00032302349995962207,0,6.8826358034072e-05,0,1.6597994552271658e-05,0
23,22,0,0.007476333072267839,0,0.00032302349995962207,0,0.00025311940297481075,0,1.556331087329117e-05,0
23,23,0,0.004996905300296829,0,0.00032302349995962207,0,5.8355153845590326e-05,0,1.7271289078267066e-05,0
23,24,0,0.006310460783471971,0,0.00032302349995962207,0,5.8355153845590326e-05,0,1.8015764611191842e-05,0
23,25,0,0.0050338353548383475,0,0.00032302349995962207,0,5.8355153845590326e-05,0,1.5873793651055122e-05,0
23,26,0,0.008244184830102363,0,0.00032302349995962207,0,5.8355153845590326e-05,0,1.5266790962683814e-05,0
23,27,0,0.0029663744286084377,0,0.00032302349995962207,0,5.8355153845590326e-05,0,1.3372228456199752e-05,0
23,28,0,0.0023261252760447535,0,0.00032302349995962207,0,5.8355153845590326e-05,0,1.4874017272644068e-05,0
23,29,0,0.0018562797673829666,0,0.00032302349995962207,0,5.8355153845590326e-05,0,1.4994114748611398e-05,0
23,30,0,0.0006842125841765366,0,0.00032302349995962207,0,5.8355153845590326e-05,0,1.4623921391134685e-05,0
23,31,0,0.0007620352852381345,0,0.00032302349995962207,0,5.8355153845590326e-05,0,1.4539326403795555e-05,0
23,32,0,0.0004597779168331027,0,0.00032302349995962207,0,5.8355153845590326e-05,0,1.435772256332684e-05,0
23,33,0,0.0004334091054453157,0,0.00032302349995962207,0,5.8355153845590326e-05,0,1.571708602666496e-05,0
23,34,0,0.0006829882913074067,0,0.00032302349995962207,0,5.8355153845590326e-05,0,1.4912050145154666e-05,0
23,35,0,0.00019571442071430824,0,0.00032302349995962207,0,5.8355153845590326e-05,0,1.561736006125305e-05,0
23,36,0,0.0007756968277344619,0,0.00032302349995962207,0,5.8355153845590326e-05,0,1.66879050892967e-05,0
23,37,0,0.0005135266431239507,0,0.00032302349995962207,0,5.8355153845590326e-05,0,1.8984935214426842e-05,0
23,38,0,0.0003282154211671991,0,0.00032302349995962207,0,5.8355153845590326e-05,0,2.3209651128951044e-05,0
23,39,0,0.0008832125657628603,0,0.00032302349995962207,0,5.8355153845590326e-05,0,1.518784608558403e-05,0
23,40,0,0.0012955512937186198,0,0.00032302349995962207,0,5.8355153845590326e-05,0,1.4241467634587249e-05,0
23,41,0,0.0012096030905586256,0,0.00032302349995962207,0,5.8355153845590326e-05,0,1.5771467511285434e-05,0
23,42,0,0.0015047368715243314,0,0.00032302349995962207,0,5.8355153845590326e-05,0,1.7477621836496617e-05,0
23,43,0,0.0009127138720973963,0,0.00032302349995962207,0,5.8355153845590326e-05,0,1.6572696586379947e-05,0
23,44,0,0.002299082683226436,0,0.00032302349995962207,0,5.8355153845590326e-05,0,2.814374893772171e-05,0
23,45,0,0.0018944233142210813,0,0.00032302349995962207,0,0.00021903143768529904,0,3.802463827966138e-05,0
23,46,0,0.002150294586830419,0,0.00032302349995962207,0,5.8355153845590326e-05,0,4.201363283369476e-05,0
23,47,0,0.0012320462980164777,0,0.00032302349995962207,0,5.8355153845590326e-05,0,3.5894112259015674e-05,0
23,48,0,0.002987286320652359,0,0.00032302349995962207,0,5.8355153845590326e-05,0,4.672981662280939e-05,0
23,49,0,0.000989245102195643,0,0.00032302349995962207,0,5.8355153845590326e-05,0,1.8280382835776844e-05,0
23,50,0,0.00018555070245467967,0,0.00032302349995962207,0,5.8355153845590326e-05,0,2.023497616748428e-05,0
23,51,0,0.00024876829361564066,0,0.00032302349995962207,0,5.8355153845590326e-05,0,2.51287287919321e-05,0
23,52,0,0.00010813852514385241,0,0.00032302349995962207,0,5.8355153845590326e-05,0,1.9332072117006283e-05,0
23,53,0,0.00012102391369602528,0,0.00032302349995962207,0,5.8355153845590326e-05,0,3.301581620257903e-05,0
23,54,0,8.493249577543987e-05,0,0.00032302349995962207,0,5.8355153845590326e-05,0,2.8586078344717406e-05,0
23,55,0,0.00020065537122590122,0,0.00032302349995962207,0,0.00029226926034631737,0,2.3710433446001376e-05,0
23,56,0,0.00015900062780477942,0,0.00032302349995962207,0,5.6668671005553225e-05,0,1.9747755768451676e-05,0
23,57,0,0.00014981609108658886,0,0.00032302349995962207,0,5.8355153845590326e-05,0,2.1937325661843206e-05,0
23,58,0,0.0003385960867631466,0,0.00032302349995962207,0,5.8355153845590326e-05,0,1.911845730536818e-05,0
23,59,0,0.00042297663943718396,0,0.00032302349995962207,0,5.8355153845590326e-05,0,1.9606359595168382e-05,0
23,60,0,0.0017475127236890545,0,0.00032302349995962207,0,5.8355153845590326e-05,0,2.5041676074421696e-05,0
23,61,0,0.0034511971573631824,0,0.00032302349995962207,0,8.474037811999664e-05,0,2.6029562518460737e-05,0
23,62,0,0.003868546518802931,0,0.00032302349995962207,0,6.998306082233453e-05,0,2.8867191435357255e-05,0
23,63,0,0.008254508221539617,0,0.00032302349995962207,0,5.8355153845590326e-05,0,2.0619256298503976e-05,0
23,64,0,0.007547666110065441,0,0.00032302349995962207,0,5.751798348142122e-05,0,1.3153906099581179e-05,0
23,65,0,0.006141043111120012,0,0.00032302349995962207,0,5.8355153845590326e-05,0,1.3658241204929799e-05,0
23,66,0,0.012687390792121993,0,0.00032302349995962207,0,5.8355153845590326e-05,0,1.4957920001734884e-05,0
23,67,0,0.03182566204864985,0,0.00032302349995962207,0,5.8355153845590326e-05,0,1.8118256337376193e-05,0
23,68,0,0.03051344530331444,0,0.00032302349995962207,0,0.0014926481987863286,0,1.5632803063043987e-05,0
23,69,0,0.037426145837178335,0,0.00032302349995962207,0,0.0002426481987863291,0,1.6020591643609117e-05,0
23,70,0,0.023244263949789613,0,0.00032302349995962207,0,5.8355153845590326e-05,0,1.746567456608803e-05,0
23,71,0,0.019090795407915435,0,0.00032302349995962207,0,5.8355153845590326e-05,0,1.7273228348759042e-05,0
23,72,0,0.03280601268172715,0,0.00032302349995962207,0,5.8355153845590326e-05,0,1.821197080265177e-05,0
23,73,0,0.03538212445677241,0,0.00032302349995962207,0,5.8355153845590326e-05,0,2.2525608061315565e-05,0
23,74,0,0.034044321951799295,0,0.00032302349995962207,0,5.8355153845590326e-05,0,3.445770371033267e-05,0
23,75,0,0.01928000471436677,0,0.00032302349995962207,0,0.00011126702355703592,0,3.210093861459619e-05,0
23,76,0,0.016252636897415497,0,0.00032302349995962207,0,5.58322373541262e-05,0,5.503713910482693e-05,0
23,77,0,0.009223472748158273,0,0.00032302349995962207,0,8.474037811999664e-05,0,9.102604927002298e-05,0
23,78,0,0.002750799093608462,0,0.00032302349995962207,0,5.8355153845590326e-05,0,4.649055612814947e-05,0
23,79,0,0.002750885097215325,0,0.00032302349995962207,0,5.8355153845590326e-05,0,5.030771078545984e-05,0
23,80,0,0.002703848420778948,0,0.00032302349995962207,0,0.00018089714483289065,0,2.8074108325443494e-05,0
23,81,0,0.0012182080202586961,0,0.00032302349995962207,0,5.8355153845590326e-05,0,4.287889196572237e-05,0
23,82,0,0.001983671365274704,0,0.00032302349995962207,0,8.474037811999664e-05,0,4.663588268756979e-05,0
23,83,0,0.001371476867674767,0,0.00032302349995962207,0,5.8355153845590326e-05,0,2.471280782071898e-05,0
23,84,0,0.0003131791820649188,0,0.00032302349995962207,0,6.998306082233453e-05,0,2.177269056148464e-05,0
23,85,0,0.00103764869767498,0,0.00032302349995962207,0,6.998306082233453e-05,0,2.4232539865409394e-05,0
23,86,0,0.0006003015651815958,0,0.00032302349995962207,0,0.0002532100878267001,0,3.760420373261036e-05,0
23,87,0,0.0001398675719112307,0,0.00032302349995962207,0,0.0038467425969473156,0,1.9881902492807962e-05,0
23,88,0,0.00022841721586508134,0,0.00032302349995962207,0,9.674259694731629e-05,0,4.371729906272185e-05,0
23,89,0,0.00021470101830097473,0,0.00032302349995962207,0,0.0002776526378382691,0,3.0135876258363733e-05,0
23,90,0,0.00020982196160630327,0,0.00032302349995962207,0,0.003277652637838269,0,5.31689414552532e-05,0
23,91,0,0.00012024667339676114,0,0.00032302349995962207,0,0.00027763496672818683,0,2.921582648316281e-05,0
23,92,0,5.195905565981631e-05,0,0.00032302349995962207,0,0.0003127860973215656,0,2.5515956594845862e-05,0
23,93,0,0.00021681399095314945,0,0.00032302349995962207,0,0.0002835479942873516,0,1.9965391778858432e-05,0
23,94,0,0.0002156132333279604,0,0.00032302349995962207,0,9.837257045311596e-05,0,2.0408152833336012e-05,0
23,95,0,0.000439213652369006,0,0.00032302349995962207,0,0.00015093026697758814,0,3.149122345698775e-05,0
23,96,0,0.0011148588375423268,0,0.00032302349995962207,0,9.411645139064096e-05,0,2.692675917605484e-05,0
23,97,0,0.001544150742455199,0,0.00032302349995962207,0,9.499883028413784e-05,0,3.1928236018771736e-05,0
23,98,0,0.0012568745899135159,0,0.00032302349995962207,0,0.00013948139595773335,0,2.2275964161068126e-05,0
23,99,0,0.0010416940604925206,0,0.00032302349995962207,0,0.00013607610057277234,0,3.4607085711680276e-05,0
23,100,0,0.003500914698424724,0,0.00032302349995962207,0,0.00020143557769695532,0,4.0424134028524036e-05,0
23,101,0,0.003417878464813734,0,0.00032302349995962207,0,0.0005626988648268258,0,2.0899662448328442e-05,0
23,102,0,0.009555758166752672,0,0.00032302349995962207,0,0.010639202913177215,0,4.935522176496035e-05,0
23,103,0,0.006596560777519926,0,0.00032302349995962207,0,0.0002671441302629896,0,7.757944496945149e-05,0
23,104,0,0.004251727937108162,0,0.00032302349995962207,0,0.0055699589848619635,0,5.3767063774074064e-05,0
23,105,0,0.005655275654953232,0,0.00032302349995962207,0,0.006507241669506746,0,4.383500739156145e-05,0
23,106,0,0.007310480465258374,0,0.00032302349995962207,0,0.00014740540961230043,0,6.129789316846682e-05,0
23,107,0,0.029371023288499946,0,0.00032302349995962207,0,0.022265554119303654,0,7.395721805402331e-05,0
23,108,0,0.011733956313237915,0,0.00032302349995962207,0,0.004449922565851963,0,7.670500921966715e-05,0
23,109,0,0.013204380588832713,0,0.00032302349995962207,0,0.003668726771977568,0,0.00010899576053171746,0
23,110,0,0.012657935793613297,0,0.00032302349995962207,0,0.001004278966345593,0,8.9624614071732e-05,0
23,111,0,0.02684469599302727,0,0.00032302349995962207,0,0.014762092450575475,0,0.0005292575839853225,0
23,112,0,0.02311272528903147,0,0.00032302349995962207,0,0.009441535444377449,0,0.00013420362960301984,0
23,113,0,0.03846956882759786,0,0.00032302349995962207,0,0.0008405899608714579,0,0.00038219532867380296,0
23,114,0,0.01996726316869556,0,0.2,0,0.009293006890238317,0,0.0006177127399079143,0
23,115,0,0.0187007440048619,0,0.00032302349995962207,0,0.017253908344680473,0,0.0005792570520438245,0
23,116,0,0.03327533609573221,0,0.00032302349995962207,0,0.05705341312878799,0,0.0026832128256223426,0
23,117,0,0.01823713770278614,0,0.01674641148325359,0,0.0417336333550489,0,0.0011505992261707828,0
23,118,0,0.029783876862579037,0,0.6,1,0.0665691720609127,0,0.002882922283812716,0
23,119,0,0.017313496351754647,0,0.0,0,0.048597820961892274,0,0.0007875469348525551,0
23,120,0,0.03732038156111541,0,0.01674641148325359,0,0.07192042975024736,0,0.010562635494026454,0
23,121,0,0.04073529274379792,0,0.01674641148325359,0,0.07179776052777317,0,0.002301836120038524,0
23,122,0,0.06516083808448048,0,0.01674641148325359,0,0.11882336559644079,0,0.0018579319413828466,0
23,123,0,0.11151594621437828,0,0.01674641148325359,0,0.11104569024775986,0,0.01112150970089208,0
23,124,0,0.03156575131490937,0,0.01674641148325359,0,0.06043121766319813,0,0.002269388010883191,0
23,125,0,0.052111413613978225,0,0.01674641148325359,0,0.04885960898184197,0,0.01009997155564932,0
23,126,0,0.14714247222584934,0,0.01674641148325359,0,0.05135243057696818,0,0.038646239743491184,0
23,127,0,0.0831756905259102,0,0.01674641148325359,0,0.07099991216896925,0,0.009300614709829926,0
23,128,0,0.048487756395095664,0,0.01674641148325359,0,0.07100805722696962,0,0.020044896161762457,0
23,129,0,0.2533473016250574,0,0.01674641148325359,0,0.07740423947767512,0,0.056251635677060645,0
23,130,0,0.2909002946512207,0,0.0,0,0.08317749480203411,0,0.029128592419451652,0
23,131,0,0.3937349259121453,0,0.0,0,0.13043184935562607,0,0.4914549993817134,0
23,132,0,0.5680635507135576,1,0.0,0,0.15733190270891056,0,0.09934596650426206,0
23,133,0,0.7569553204971782,1,0.0,0,0.18151200356195646,0,0.8418883214206396,1
23,134,0,0.7506806540885995,1,0.0,0,0.1106176854854359,0,0.019903577190529324,0
23,135,0,0.562624857268104,1,0.0625,0,0.1348726764474082,0,0.5021375524963722,1
23,136,0,0.7836815666542855,1,0.0,0,0.1691165121586096,0,0.8039805769117372,1
23,137,0,0.8152927604568235,1,0.0625,0,0.18548661917286224,0,0.554949145904438,1
23,138,1,0.871571336610348,1,0.0,0,0.20012789812790938,0,0.17943224048357,0
23,139,1,0.9113392774428899,1,0.0625,0,0.3529858874793017,0,0.6691503177076572,1
23,140,1,0.9003828486214671,1,0.0625,0,0.2813261504566811,0,0.44634159764056397,0
23,141,1,0.6498766677770479,1,0.75,1,0.22974494453400926,0,0.18996178320498186,0
23,142,1,0.6500173991215555,1,1.0,1,0.3855428849850643,0,0.5194966253005188,1
23,143,1,0.6384949884725095,1,0.0625,0,0.32123704667733954,0,0.7255382784745711,1
23,144,1,0.8292730740319169,1,0.0,0,0.47078556636575825,0,0.8174913685748395,1
23,145,1,0.7148467921120302,1,0.6,1,0.47071004667055705,0,0.9301523140674669,1
23,146,1,0.756832567666756,1,1.0,1,0.594448548652047,1,0.9905555112212435,1
23,147,1,0.6234649316210822,1,1.0,1,0.5896738299546146,1,0.9148012220746984,1
23,148,1,0.7923007610175535,1,0.975609756097561,1,0.7523967165132318,1,0.9927656367689173,1
23,149,1,0.8249744198099276,1,0.4,0,0.8048666384963429,1,0.9926789708936431,1
23,150,1,0.8134328321294303,1,0.4,0,0.8761824944454156,1,0.9956097157248158,1
23,151,1,0.8015639088181736,1,0.4,0,0.8688314967816764,1,0.9974227614937877,1
23,152,1,0.9195053755387416,1,0.0,0,0.9106648273889543,1,0.9979016833554448,1
23,153,1,0.9476231725313299,1,0.9892367906066536,1,0.9650702390902558,1,0.9895695338127597,1
23,154,1,0.9474497509399535,1,0.9892367906066536,1,0.9616464757985125,1,0.9973688279354334,1
23,155,1,0.9725453333910385,1,0.9892367906066536,1,0.9681480234948792,1,0.9976324857079707,1
23,156,1,0.9167730851458114,1,0.9892367906066536,1,0.9233332881690282,1,0.9914917665518592,1
23,157,1,0.9436196556869757,1,0.9892367906066536,1,0.9492600748311268,1,0.993214520588565,1
23,158,1,0.9697555226528413,1,0.9892367906066536,1,0.9290439315730522,1,0.9963842726564923,1
23,159,1,0.9701843367299603,1,0.9892367906066536,1,0.9538731685879293,1,0.9960897126768586,1
23,160,1,0.9749386904745573,1,0.9892367906066536,1,0.9896826902899079,1,0.9978317012112243,1
23,161,1,0.98892592862945,1,0.9892367906066536,1,0.9750380822339919,1,0.995998795563524,1
23,162,1,0.9896126339067941,1,0.9892367906066536,1,0.9615981265377139,1,0.9973705294705855,1
23,163,1,0.9933115321901707,1,0.9892367906066536,1,0.9895416873365156,1,0.9979782866574584,1
23,164,1,0.9951910539417113,1,0.9892367906066536,1,0.9726873408287008,1,0.9942819829078586,1
23,165,1,0.9983497201419599,1,0.9892367906066536,1,0.9790307615211945,1,0.9967928042958587,1
23,166,1,0.9918675503512723,1,0.9892367906066536,1,0.9351380090557959,1,0.9354131705939746,1
23,167,1,0.9985273493847903,1,0.3333333333333333,0,0.8595647651749548,1,0.5213558836760326,1
23,168,0,0.999123745417533,1,0.6,1,0.8054496455934212,1,0.7114321483913305,1
31,1,0,0.0019003785278949223,0,0.00032302349995962207,0,5.494985846062932e-05,0,1.410606980607206e-05,0
31,2,0,0.0001277049222311693,0,0.00032302349995962207,0,0.004501917219396538,0,1.4270291952062761e-05,0
31,3,0,0.00014589223353722252,0,0.00032302349995962207,0,5.8355153845590326e-05,0,1.3548839825295053e-05,0
31,4,0,0.001050170747552398,0,0.00032302349995962207,0,5.8355153845590326e-05,0,1.3476247181008988e-05,0
31,5,0,0.0014728795295534146,0,0.00032302349995962207,0,5.8355153845590326e-05,0,1.316674785952916e-05,0
31,6,0,0.00090661559755725,0,0.00032302349995962207,0,5.8355153845590326e-05,0,1.3285669375625655e-05,0
31,7,0,0.0003953589671291181,0,0.00032302349995962207,0,5.8355153845590326e-05,0,1.4769487343841003e-05,0
31,8,0,0.00017122453711015232,0,0.00032302349995962207,0,5.8355153845590326e-05,0,1.4566182564807656e-05,0
31,9,0,0.00023136681610411728,0,0.00032302349995962207,0,5.8355153845590326e-05,0,1.317957907103762e-05,0
31,10,0,0.0003758903611633136,0,0.00032302349995962207,0,5.8355153845590326e-05,0,1.6474308309877172e-05,0
31,11,0,0.0001811879972814285,0,0.00032302349995962207,0,5.8355153845590326e-05,0,1.2921038683314014e-05,0
31,12,0,0.0001357174645454304,0,0.00032302349995962207,0,5.8355153845590326e-05,0,1.3153906099581179e-05,0
31,13,0,0.0002145577385081274,0,0.00032302349995962207,0,5.8355153845590326e-05,0,1.316674785952916e-05,0
31,14,0,0.0001887347772549058,0,0.00032302349995962207,0,5.8355153845590326e-05,0,1.539655082863546e-05,0
31,15,0,9.665068816669552e-05,0,0.00032302349995962207,0,5.8355153845590326e-05,0,1.2851809659814438e-05,0
31,16,0,0.00013265203531591697,0,0.00032302349995962207,0,5.8355153845590326e-05,0,1.2921038683314014e-05,0
31,17,0,0.0001775367681833201,0,0.00032302349995962207,0,5.8355153845590326e-05,0,1.3237673342592269e-05,0
31,18,0,8.84947941136276e-05,0,0.00032302349995962207,0,5.8355153845590326e-05,0,1.3237673342592269e-05,0
31,19,0,0.00014642060234059382,0,0.00032302349995962207,0,5.8355153845590326e-05,0,1.3285669375625655e-05,0
31,20,0,0.00015146157498375923,0,0.00032302349995962207,0,5.8355153845590326e-05,0,1.559448349596467e-05,0
31,21,0,0.00010671248232991363,0,0.00032302349995962207,0,5.8355153845590326e-05,0,1.3050469346294252e-05,0
31,22,0,0.000154612528788924,0,0.00032302349995962207,0,5.8355153845590326e-05,0,1.3285669375625655e-05,0
31,23,0,0.0002384504766621518,0,0.00032302349995962207,0,5.8355153845590326e-05,0,1.3641801715051614e-05,0
31,24,0,4.8533245706497037e-05,0,0.00032302349995962207,0,5.8355153845590326e-05,0,1.3548839825295053e-05,0
31,25,0,6.142677012079657e-05,0,0.00032302349995962207,0,5.8355153845590326e-05,0,1.3218751927041042e-05,0
31,26,0,6.579244995471078e-05,0,0.00032302349995962207,0,5.8355153845590326e-05,0,1.4231651833891421e-05,0
31,27,0,2.573625489203622e-05,0,0.00032302349995962207,0,5.8355153845590326e-05,0,1.3153906099581179e-05,0
31,28,0,5.907440164710391e-05,0,0.00032302349995962207,0,5.8355153845590326e-05,0,1.2980546861354246e-05,0
31,29,0,1.1642479477489828e-05,0,0.00032302349995962207,0,5.8355153845590326e-05,0,1.5051407352642109e-05,0
31,30,0,2.5882608173635947e-06,0,0.00032302349995962207,0,5.8355153845590326e-05,0,1.472006394279171e-05,0
31,31,0,3.824181734751038e-06,0,0.00032302349995962207,0,5.8355153845590326e-05,0,1.3237673342592269e-05,0
31,32,0,2.0543247961803864e-06,0,0.00032302349995962207,0,5.8355153845590326e-05,0,1.2851809659814438e-05,0
31,33,0,4.994522061271186e-07,0,0.00032302349995962207,0,5.8355153845590326e-05,0,1.3237673342592269e-05,0
31,34,0,1.968371304190222e-07,0,0.00032302349995962207,0,5.8355153845590326e-05,0,1.558436984230366e-05,0
31,35,0,1.2104432036522293e-06,0,0.00032302349995962207,0,5.8355153845590326e-05,0,1.2851809659814438e-05,0
31,36,0,3.222375494435218e-06,0,0.00032302349995962207,0,5.8355153845590326e-05,0,1.2851809659814438e-05,0
31,37,0,1.1409676133294843e-06,0,0.00032302349995962207,0,5.8355153845590326e-05,0,1.3050469346294252e-05,0
31,38,0,4.3989234111919265e-06,0,0.00032302349995962207,0,5.8355153845590326e-05,0,1.3548839825295053e-05,0
31,39,0,9.3868149691779e-06,0,0.00032302349995962207,0,5.8355153845590326e-05,0,1.316674785952916e-05,0
31,40,0,2.012312208535685e-06,0,0.00032302349995962207,0,0.00022068969352446611,0,1.4566182564807656e-05,0
31,41,0,2.2985482158906449e-07,0,0.00032302349995962207,0,5.8355153845590326e-05,0,1.2851809659814438e-05,0
31,42,0,6.902786041140399e-08,0,0.00032302349995962207,0,5.8355153845590326e-05,0,1.3182632167746377e-05,0
31,43,0,2.471474296189688e-08,0,0.00032302349995962207,0,5.8355153845590326e-05,0,1.3565185081370046e-05,0
31,44,0,8.902536199027172e-08,0,0.00032302349995962207,0,5.8355153845590326e-05,0,1.2921038683314014e-05,0
31,45,0,4.52983472779298e-08,0,0.00032302349995962207,0,5.8355153845590326e-05,0,1.3224762408692447e-05,0
31,46,0,1.0547848328037168e-07,0,0.00032302349995962207,0,5.8355153845590326e-05,0,1.469139025007602e-05,0
31,47,0,3.0546325345614174e-08,0,0.00032302349995962207,0,5.8355153845590326e-05,0,1.2851809659814438e-05,0
31,48,0,2.6351095056034504e-08,0,0.00032302349995962207,0,5.7537626049645266e-05,0,1.381678408622297e-05,0
31,49,0,2.3622377455358185e-08,0,0.00032302349995962207,0,5.8355153845590326e-05,0,1.5300229727282505e-05,0
31,50,0,1.2582681519389097e-07,0,0.00032302349995962207,0,5.8355153845590326e-05,0,1.469139025007602e-05,0
31,51,0,1.2820512775179628e-07,0,0.00032302349995962207,0,5.8355153845590326e-05,0,1.3097122474491976e-05,0
31,52,0,1.6539642786275448e-07,0,0.00032302349995962207,0,5.8355153845590326e-05,0,1.3153906099581179e-05,0
31,53,0,9.477392035379759e-07,0,0.00032302349995962207,0,5.8355153845590326e-05,0,1.4769487343841003e-05,0
31,54,0,1.3065545668109481e-06,0,0.00032302349995962207,0,5.8355153845590326e-05,0,1.2851809659814438e-05,0
31,55,0,4.274528441886883e-07,0,0.00032302349995962207,0,5.8355153845590326e-05,0,1.2921038683314014e-05,0
31,56,0,2.0161302561028613e-06,0,0.00032302349995962207,0,5.8355153845590326e-05,0,1.426966778170425e-05,0
31,57,0,4.440619190576941e-06,0,0.00032302349995962207,0,5.8355153845590326e-05,0,1.6369726621674907e-05,0
31,58,0,2.7863861475265995e-06,0,0.00032302349995962207,0,5.8355153845590326e-05,0,1.2921038683314014e-05,0
31,59,0,2.334847037793828e-06,0,0.00032302349995962207,0,5.8355153845590326e-05,0,1.2851809659814438e-05,0
31,60,0,1.1158674330697688e-05,0,0.00032302349995962207,0,5.8355153845590326e-05,0,1.2851809659814438e-05,0
31,61,0,6.833850452057358e-07,0,0.00032302349995962207,0,5.8355153845590326e-05,0,1.3224762408692447e-05,0
31,62,0,2.647187887653252e-07,0,0.00032302349995962207,0,5.8355153845590326e-05,0,1.3153906099581179e-05,0
31,63,0,1.5742040075094342e-07,0,0.00032302349995962207,0,5.8355153845590326e-05,0,1.3153906099581179e-05,0
31,64,0,5.052153535374219e-08,0,0.00032302349995962207,0,0.0033900805116201514,0,1.3521902396747787e-05,0
31,65,0,7.168680017984958e-08,0,0.00032302349995962207,0,5.8355153845590326e-05,0,1.3224762408692447e-05,0
31,66,0,1.8514260425592886e-07,0,0.00032302349995962207,0,5.8355153845590326e-05,0,1.3153906099581179e-05,0
31,67,0,7.839432421080892e-07,0,0.00032302349995962207,0,5.8355153845590326e-05,0,1.5659878171155704e-05,0
31,68,0,3.3102834552507053e-07,0,0.00032302349995962207,0,5.666667769531595e-05,0,1.45946118889351e-05,0
31,69,0,5.471229929943909e-07,0,0.00032302349995962207,0,5.8355153845590326e-05,0,1.3153906099581179e-05,0
31,70,0,4.0306264701699945e-07,0,0.00032302349995962207,0,5.8355153845590326e-05,0,1.3476247181008988e-05,0
31,71,0,6.228804741397303e-07,0,0.00032302349995962207,0,5.8355153845590326e-05,0,1.3476247181008988e-05,0
31,72,0,6.512344256102821e-07,0,0.00032302349995962207,0,5.8355153845590326e-05,0,1.6111346415105764e-05,0
31,73,0,2.1203664673283054e-06,0,0.00032302349995962207,0,5.8355153845590326e-05,0,1.3153906099581179e-05,0
31,74,0,2.8753085509564247e-05,0,0.00032302349995962207,0,5.8355153845590326e-05,0,1.4549259470630478e-05,0
31,75,0,0.00010882936731716163,0,0.6,1,0.0014860863874917958,0,1.723025543561067e-05,0
31,76,0,4.337092949385633e-05,0,0.00032302349995962207,0,5.8355153845590326e-05,0,1.3224762408692447e-05,0
31,77,0,4.970631217645379e-05,0,0.00032302349995962207,0,5.8355153845590326e-05,0,1.3357235446129318e-05,0
31,78,0,0.0001265869636106021,0,0.00032302349995962207,0,5.8355153845590326e-05,0,1.3153906099581179e-05,0
31,79,0,5.827341417327368e-05,0,0.00032302349995962207,0,5.8355153845590326e-05,0,1.4712092470345838e-05,0
31,80,0,0.000143491803321396,0,0.00032302349995962207,0,5.8355153845590326e-05,0,1.3224762408692447e-05,0
31,81,0,6.691703275567894e-05,0,0.00032302349995962207,0,5.6709948512813616e-05,0,1.4549259470630478e-05,0
31,82,0,5.453390759238267e-06,0,0.00032302349995962207,0,5.8355153845590326e-05,0,1.5093869446737877e-05,0
31,83,0,5.453145128402408e-06,0,0.00032302349995962207,0,5.8355153845590326e-05,0,1.4694999859497005e-05,0
31,84,0,3.542272378335704e-06,0,0.00032302349995962207,0,5.8355153845590326e-05,0,1.5725941478313512e-05,0
31,85,0,3.1925365824705774e-07,0,0.00032302349995962207,0,5.8355153845590326e-05,0,1.4141563029377538e-05,0
31,86,0,7.509637451371346e-07,0,0.00032302349995962207,0,5.8355153845590326e-05,0,1.4141563029377538e-05,0
31,87,0,6.517130177544391e-07,0,0.00032302349995962207,0,5.8355153845590326e-05,0,1.3529473646490214e-05,0
31,88,0,3.147933997943309e-06,0,0.00032302349995962207,0,5.8355153845590326e-05,0,1.4549259470630478e-05,0
31,89,0,2.068628443918328e-06,0,0.00032302349995962207,0,5.8355153845590326e-05,0,1.7321057980658214e-05,0
31,90,0,4.476888017516651e-06,0,0.00032302349995962207,0,5.8355153845590326e-05,0,1.5192252726335235e-05,0
31,91,0,4.396650558925833e-06,0,0.00032302349995962207,0,5.8355153845590326e-05,0,1.5725941478313512e-05,0
31,92,0,2.939636058232081e-05,0,0.00032302349995962207,0,0.0028672402415042663,0,1.3491370810032651e-05,0
31,93,0,3.0522160125904313e-05,0,0.00032302349995962207,0,5.8355153845590326e-05,0,1.421773948667815e-05,0
31,94,0,0.00011001431910153265,0,0.00032302349995962207,0,5.8355153845590326e-05,0,1.3285669375625655e-05,0
31,95,0,0.00016726031735594024,0,0.00032302349995962207,0,5.8355153845590326e-05,0,1.3224762408692447e-05,0
31,96,0,0.00022328426278468176,0,0.00032302349995962207,0,5.8355153845590326e-05,0,1.3285669375625655e-05,0
31,97,0,0.00015470766654082427,0,0.00032302349995962207,0,5.8355153845590326e-05,0,1.3153906099581179e-05,0
31,98,0,6.692456295940683e-05,0,0.00032302349995962207,0,5.8355153845590326e-05,0,1.3548839825295053e-05,0
31,99,0,0.0002608429213852125,0,0.00032302349995962207,0,5.8355153845590326e-05,0,1.539655082863546e-05,0
31,100,0,0.00011227666815108555,0,0.00032302349995962207,0,5.8355153845590326e-05,0,1.498207252674028e-05,0
31,101,0,1.00640148765734e-05,0,0.00032302349995962207,0,5.8355153845590326e-05,0,1.3740104703268346e-05,0
31,102,0,7.383425896602412e-06,0,0.00032302349995962207,0,5.8355153845590326e-05,0,1.381678408622297e-05,0
31,103,0,6.771804906073534e-06,0,0.00032302349995962207,0,5.8355153845590326e-05,0,1.4917433729318411e-05,0
31,104,0,6.401839900524728e-06,0,0.00032302349995962207,0,5.8355153845590326e-05,0,1.558436984230366e-05,0
31,105,0,1.2842789529496543e-05,0,0.00032302349995962207,0,5.8355153845590326e-05,0,1.893803981959384e-05,0
31,106,0,2.731658734658988e-07,0,0.00032302349995962207,0,5.8355153845590326e-05,0,1.3658241204929799e-05,0
31,107,0,6.789043221626835e-07,0,0.00032302349995962207,0,5.8355153845590326e-05,0,1.3153906099581179e-05,0
31,108,0,2.404112440571652e-06,0,0.00032302349995962207,0,5.8355153845590326e-05,0,1.3492504862843999e-05,0
31,109,0,2.599840967680435e-06,0,0.00032302349995962207,0,5.8355153845590326e-05,0,1.6369726621674907e-05,0
31,110,0,3.998230802487568e-06,0,0.00032302349995962207,0,5.8355153845590326e-05,0,1.3224762408692447e-05,0
31,111,0,4.882085528066217e-05,0,0.00032302349995962207,0,5.8355153845590326e-05,0,1.4430287529959237e-05,0
31,112,0,3.3611635677068276e-05,0,0.00032302349995962207,0,5.8355153845590326e-05,0,1.4141563029377538e-05,0
31,113,0,5.892683809582145e-06,0,0.00032302349995962207,0,5.8355153845590326e-05,0,1.2851809659814438e-05,0
31,114,0,4.413420776607671e-06,0,0.00032302349995962207,0,5.8355153845590326e-05,0,1.4605092106506406e-05,0
31,115,0,0.00010658177697305763,0,0.00032302349995962207,0,5.8355153845590326e-05,0,1.381678408622297e-05,0
31,116,0,0.00010631579448245758,0,0.00032302349995962207,0,5.8355153845590326e-05,0,1.609482127586901e-05,0
31,117,0,0.00015213026874453685,0,0.00032302349995962207,0,5.8355153845590326e-05,0,1.381678408622297e-05,0
31,118,0,0.0007692591227041726,0,0.00032302349995962207,0,5.8355153845590326e-05,0,1.3153906099581179e-05,0
31,119,0,0.00026070798278264205,0,0.00032302349995962207,0,5.8355153845590326e-05,0,1.5805589843723162e-05,0
31,120,0,0.0002686209853952012,0,0.00032302349995962207,0,5.589714483289062e-05,0,1.2921038683314014e-05,0
31,121,0,0.0004513027293037981,0,0.00032302349995962207,0,5.8355153845590326e-05,0,1.491511306423201e-05,0
31,122,0,0.00012027457424732843,0,0.00032302349995962207,0,0.0002711181061234428,0,1.534373333403767e-05,0
31,123,0,4.951205742062428e-05,0,0.00032302349995962207,0,5.8355153845590326e-05,0,1.4923131459763466e-05,0
31,124,0,3.84771677292357e-05,0,0.00032302349995962207,0,5.8355153845590326e-05,0,1.317957907103762e-05,0
31,125,0,1.787604894308619e-05,0,0.00032302349995962207,0,5.8355153845590326e-05,0,1.4703517602196836e-05,0
31,126,0,1.661740807121614e-05,0,0.00032302349995962207,0,0.0003101410610365848,0,1.7196160267720633e-05,0
31,127,0,3.9853414821029e-05,0,0.00032302349995962207,0,5.8355153845590326e-05,0,1.4215303585478933e-05,0
31,128,0,1.7679668653876484e-05,0,0.00032302349995962207,0,5.8355153845590326e-05,0,1.3224762408692447e-05,0
31,129,0,2.1090668320830052e-06,0,0.00032302349995962207,0,5.8355153845590326e-05,0,1.3285669375625655e-05,0
31,130,0,3.7739720417838974e-07,0,0.00032302349995962207,0,5.8355153845590326e-05,0,1.5575397312733165e-05,0
31,131,0,2.41607709314804e-07,0,0.00032302349995962207,0,5.8355153845590326e-05,0,1.658466219995118e-05,0
31,132,0,2.572379552667961e-07,0,0.00032302349995962207,0,5.8355153845590326e-05,0,1.2755093307766863e-05,0
31,133,0,3.1100998519439345e-07,0,0.00032302349995962207,0,5.8355153845590326e-05,0,1.3854861489039195e-05,0
31,134,0,6.241606299895496e-07,0,0.0,0,5.416093883134943e-05,0,1.5095284652024657e-05,0
31,135,0,2.2479107816900927e-06,0,0.00032302349995962207,0,5.8355153845590326e-05,0,1.4804605006517013e-05,0
31,136,0,3.1050738773049345e-06,0,0.00032302349995962207,0,5.8355153845590326e-05,0,1.564168443354444e-05,0
31,137,0,3.0280082732895823e-06,0,0.00032302349995962207,0,5.8355153845590326e-05,0,1.587844776043762e-05,0
31,138,0,5.09000555483214e-06,0,0.00032302349995962207,0,5.7537626049645266e-05,0,1.4141563029377538e-05,0
31,139,0,1.5185964171150788e-05,0,0.00032302349995962207,0,5.8355153845590326e-05,0,1.8432350380909713e-05,0
31,140,0,0.0009004107557028512,0,0.0,0,5.6668671005553225e-05,0,1.78537304820919e-05,0
31,141,0,0.00021903090638850136,0,0.00032302349995962207,0,5.8355153845590326e-05,0,1.5449712301058347e-05,0
31,142,0,0.0007176738899245344,0,0.00032302349995962207,0,5.8355153845590326e-05,0,1.560487925731988e-05,0
31,143,0,0.001073387536777986,0,0.00032302349995962207,0,0.0017209663415601922,0,1.80420690253843e-05,0
31,144,0,0.0012607275240077947,0,0.00032302349995962207,0,5.8355153845590326e-05,0,1.3711264233357479e-05,0
31,145,0,0.004147784869184233,0,0.00032302349995962207,0,5.589714483289062e-05,0,1.735119003964808e-05,0
31,146,0,0.0022350189392218215,0,0.00032302349995962207,0,5.8355153845590326e-05,0,1.293100030265695e-05,0
31,147,0,0.0068763682563722315,0,0.00032302349995962207,0,5.6709948512813616e-05,0,1.350420285650002e-05,0
31,148,0,0.00420633755758473,0,0.0,0,0.00041447465565655245,0,1.4394857858856054e-05,0
31,149,0,0.0017865442977621992,0,0.00032302349995962207,0,5.8355153845590326e-05,0,1.729608314817933e-05,0
31,150,0,0.0006339643876563459,0,0.00032302349995962207,0,5.8355153845590326e-05,0,1.4103429147903317e-05,0
31,151,0,0.00011311459542742288,0,0.00032302349995962207,0,0.00021490908792681597,0,1.5191790107425179e-05,0
31,152,0,4.447511356674547e-05,0,0.00032302349995962207,0,5.8355153845590326e-05,0,1.3550045602690465e-05,0
31,153,0,9.96150942651614e-05,0,0.00032302349995962207,0,5.8355153845590326e-05,0,1.3951317062569468e-05,0
31,154,0,0.00013017602425845703,0,0.00032302349995962207,0,5.8355153845590326e-05,0,1.3555522106369951e-05,0
31,155,0,0.0003158366827115663,0,0.00032302349995962207,0,5.751495892036768e-05,0,1.7001517173869687e-05,0
31,156,0,0.00024298301280758716,0,0.0,0,8.66284712988819e-05,0,1.6931053827179687e-05,0
31,157,0,0.00014095911256454998,0,0.00032302349995962207,0,0.0002125551200287711,0,2.0522435348176428e-05,0
31,158,0,0.00020223351951298183,0,0.00032302349995962207,0,5.8355153845590326e-05,0,1.8044990887917412e-05,0
31,159,0,0.00039760249360905824,0,0.00032302349995962207,0,5.8355153845590326e-05,0,1.6352258331050953e-05,0
31,160,0,0.0004857897592095585,0,0.00032302349995962207,0,0.0006627292770661593,0,1.8995834657472288e-05,0
31,161,0,0.0029973407594998456,0,0.00032302349995962207,0,0.0037143221926349734,0,5.728090606750574e-05,0
31,162,0,0.0011811133928708321,0,0.00032302349995962207,0,0.010365581985665102,0,7.053580964920063e-05,0
31,163,0,0.0013694587530876615,0,0.00032302349995962207,0,0.00036805776930021156,0,2.2421197409738615e-05,0
31,164,0,0.0005075069890859584,0,0.00032302349995962207,0,5.8355153845590326e-05,0,2.345385534547874e-05,0
31,165,0,0.000890783418191099,0,0.0,0,5.751495892036768e-05,0,1.759439987133354e-05,0
31,166,0,0.0015709911236022782,0,0.00032302349995962207,0,5.8355153845590326e-05,0,1.709575377507096e-05,0
31,167,0,0.005084757848564315,0,0.0,0,0.038861581581436565,0,2.458321363076854e-05,0
31,168,0,0.002915708196836577,0,0.00032302349995962207,0,5.752747630875868e-05,0,1.5376120969613094e-05,0
31,169,0,0.004557073444195112,0,0.0,0,5.582847608033058e-05,0,2.0863856138689595e-05,0
31,170,0,0.011173213586434536,0,0.00032302349995962207,0,0.006014975223540918,0,2.8266951635153793e-05,0
31,171,0,0.0021269822134334817,0,0.0,0,0.0019369445778648865,0,2.0472020411423873e-05,0
31,172,0,0.010510166814164579,0,0.0,0,0.02336804840039847,0,4.446440998471465e-05,0
31,173,0,0.025436316076829772,0,0.00032302349995962207,0,0.0033834338588202635,0,2.421405592939177e-05,0
31,174,0,0.008680520112621496,0,0.00032302349995962207,0,0.0004161374424872807,0,2.3737078994376466e-05,0
31,175,0,0.022403431937921256,0,0.00032302349995962207,0,0.0003093008661113622,0,5.7114111034480325e-05,0
31,176,0,0.019556723319190738,0,0.0,0,0.0827556824585569,0,5.486361262353245e-05,0
31,177,0,0.009773059390215028,0,0.0,0,0.13707387474059554,0,5.565405662248762e-05,0
31,178,0,0.007747596041577544,0,0.0,0,0.13623507357525697,0,6.629649144966132e-05,0
31,179,0,0.033000845192277826,0,0.0,0,0.11169539944741173,0,0.0002874349061360308,0
31,180,0,0.022936919797621552,0,0.0,0,0.13928681573291307,0,7.029109385293975e-05,0
31,181,0,0.015579793622633249,0,0.00032302349995962207,0,0.09692259457576811,0,9.282523468791822e-05,0
31,182,0,0.02433617743709302,0,0.00032302349995962207,0,0.10170798534700463,0,6.709795516720238e-05,0
31,183,0,0.011352982004523468,0,0.00032302349995962207,0,0.094768261186612,0,2.2363730584747253e-05,0
31,184,0,0.019680446244476943,0,0.00032302349995962207,0,0.1172880426579999,0,8.428747470984122e-05,0
31,185,0,0.0837054964069391,0,0.00032302349995962207,0,0.1004595244641481,0,3.2009042295269397e-05,0
31,186,0,0.027635969901202852,0,0.0,0,0.05592535611739895,0,0.00013936027565228856,0
31,187,0,0.025789796171125243,0,0.0,0,0.10925337754971999,0,0.002253068703150018,0
31,188,0,0.04996716241716457,0,0.0,0,0.13689201217402808,0,0.006870692010966807,0
31,189,0,0.019873456107473635,0,0.0,0,0.14142324573182655,0,0.0008367798157916794,0
31,190,0,0.07386691627540723,0,0.00032302349995962207,0,0.11645555165817091,0,0.0014385419206851232,0
31,191,0,0.049143362618376395,0,0.0,0,0.1558087786617922,0,0.01386240253597457,0
31,192,0,0.036235679521083045,0,0.0,0,0.15927443592590643,0,0.0003512559842449558,0
31,193,0,0.01761097532324343,0,0.4,0,0.19799463597616274,0,0.024165966894844657,0
31,194,0,0.02883333821433415,0,0.0,0,0.2259207801337374,0,0.029368467998991225,0
31,195,0,0.021736205824737037,0,0.0,0,0.14849110614355487,0,0.007522509896344314,0
31,196,0,0.09421468049461411,0,1.0,1,0.23040952777864335,0,0.016461383337501433,0
31,197,0,0.11272482733699916,0,0.9642857142857143,1,0.4097417170856601,0,0.1039629959834025,0
31,198,0,0.08045908201933914,0,0.00032302349995962207,0,0.4266534373884622,0,0.13043440269803955,0
31,199,0,0.24313989241403336,0,1.0,1,0.3916530219452137,0,0.5670248417656555,1
31,200,0,0.16723483131490827,0,0.4,0,0.4618433411515046,0,0.3740514941283101,0
31,201,0,0.27642014502096396,0,1.0,1,0.6230776584526586,1,0.942858792121821,1
31,202,0,0.3074691884932539,0,1.0,1,0.6672738667617716,1,0.9877985952462484,1
31,203,0,0.463951953204596,0,1.0,1,0.8162092352092353,1,0.9941949046082493,1
31,204,1,0.4996406647500662,0,1.0,1,0.7526152736152736,1,0.985168994815508,1
31,205,1,0.4597670588160694,0,0.16666666666666666,0,0.8076352095616802,1,0.9893169403341455,1
31,206,1,0.6551285541390582,1,1.0,1,0.8127672327672325,1,0.9901222059553684,1
31,207,1,0.4498894059176835,0,0.16666666666666666,0,0.7913573718993108,1,0.9558173781900334,1
31,208,1,0.5403201232416448,1,0.0,0,0.8171772924045648,1,0.9874990508685806,1
31,209,1,0.36519656923494404,0,1.0,1,0.76086654759382,1,0.9840043700616333,1
31,210,1,0.47866007668757493,0,1.0,1,0.809640362959741,1,0.9901407165133984,1
31,211,1,0.6826872634660764,1,1.0,1,0.8227152932109482,1,0.9867926784172226,1
31,212,1,0.8740642827927447,1,1.0,1,0.9149124473556379,1,0.9958714458403284,1
31,213,1,0.8954963595317563,1,1.0,1,0.8625139426666574,1,0.9769544682474627,1
31,214,1,0.9481400491999458,1,1.0,1,0.9313999807008605,1,0.9885999197149609,1
31,215,1,0.9445109851946548,1,0.975609756097561,1,0.8957619939683239,1,0.9592456841152366,1
31,216,1,0.9121388411687226,1,1.0,1,0.8378101514632932,1,0.9871003622702208,1
31,217,1,0.9675242155631212,1,1.0,1,0.894011340521892,1,0.9787699578144297,1
31,218,1,0.9776342368801862,1,1.0,1,0.8794081976773012,1,0.985218501098075,1
31,219,1,0.9764105647449882,1,0.975609756097561,1,0.8785272680682488,1,0.9892715439414393,1
31,220,1,0.9775614878519688,1,0.975609756097561,1,0.9376797110068691,1,0.9950979330110606,1
31,221,1,0.9881828102328486,1,0.9892367906066536,1,0.9726775139358813,1,0.9980799897875829,1
31,222,1,0.9875658161077884,1,0.9892367906066536,1,0.9546405054103714,1,0.999023722521199,1
31,223,1,0.970607676367052,1,0.9892367906066536,1,0.9316713670570377,1,0.9953636599277148,1
31,224,1,0.972819924690113,1,0.9892367906066536,1,0.9349356374822442,1,0.9985696398570044,1
31,225,1,0.9885420667552316,1,0.9892367906066536,1,0.9748667305469256,1,0.9990702092247529,1
31,226,1,0.9738578145165714,1,0.9892367906066536,1,0.9705693045161331,1,0.9982589312757063,1
31,227,1,0.9939077814794182,1,0.9892367906066536,1,0.974202734330473,1,0.9972387852613314,1
31,228,1,0.9985841330090991,1,0.9892367906066536,1,0.9881547533649284,1,0.9983577914906304,1
31,229,1,0.998147668863732,1,0.9892367906066536,1,0.9649125170041855,1,0.9960933226256484,1
31,230,1,0.9971998980454521,1,0.9892367906066536,1,0.9025354725795357,1,0.9817293346800319,1
31,231,1,0.9989642280746261,1,0.9892367906066536,1,0.9265478931968957,1,0.9922398765154926,1
31,232,1,0.9997216997777545,1,0.9787234042553191,1,0.835583921079552,1,0.9143717875306754,1
31,233,1,0.9998159793961512,1,1.0,1,0.8454021472528472,1,0.9472788610318185,1
31,234,0,0.9999428902215242,1,0.9892367906066536,1,0.8095755328148496,1,0.8320903506333182,1
32,1,0,0.18752786702266364,0,0.00032302349995962207,0,0.1140792357054001,0,8.225799019105199e-05,0
32,2,0,0.00740375706434654,0,0.00032302349995962207,0,0.022784091510633663,0,3.0158646234068433e-05,0
32,3,0,0.002875075256530153,0,0.00032302349995962207,0,0.007558355153845591,0,2.2345032886897233e-05,0
32,4,0,0.0011236983203087865,0,0.00032302349995962207,0,5.8355153845590326e-05,0,1.8227521382640045e-05,0
32,5,0,0.0038248884721950416,0,0.00032302349995962207,0,5.8355153845590326e-05,0,1.672954678633495e-05,0
32,6,0,0.003947645090619563,0,0.00032302349995962207,0,5.8355153845590326e-05,0,1.9867090252073005e-05,0
32,7,0,0.0029238215953895728,0,0.00032302349995962207,0,5.8355153845590326e-05,0,2.031337120399813e-05,0
32,8,0,0.00811978043280781,0,0.00032302349995962207,0,5.8355153845590326e-05,0,2.3760142747168797e-05,0
32,9,0,0.008032343540115085,0,0.00032302349995962207,0,5.8355153845590326e-05,0,1.3701691001601604e-05,0
32,10,0,0.01719674312593335,0,0.00032302349995962207,0,8.474037811999664e-05,0,1.6116574654993915e-05,0
32,11,0,0.007857106935530524,0,0.00032302349995962207,0,8.305389527995956e-05,0,1.3191040489897308e-05,0
32,12,0,0.002904636637548379,0,0.00032302349995962207,0,5.6668671005553225e-05,0,1.7853487879088532e-05,0
32,13,0,0.004078847342235652,0,0.00032302349995962207,0,5.8355153845590326e-05,0,1.4673593616206725e-05,0
32,14,0,0.004804778717559408,0,0.00032302349995962207,0,5.8355153845590326e-05,0,1.8410070651382e-05,0
32,15,0,0.005410458972769388,0,0.00032302349995962207,0,0.0002426481987863291,0,1.6210961767893247e-05,0
32,16,0,0.0038844139329359405,0,0.00032302349995962207,0,0.0001855958708750398,0,1.8658302957161504e-05,0
32,17,0,0.008533820000196186,0,0.00032302349995962207,0,0.0001855958708750398,0,1.4871396000159602e-05,0
32,18,0,0.0031264179527434556,0,0.00032302349995962207,0,0.00018390938803500268,0,1.3901329840984037e-05,0
32,19,0,0.0021027507067894417,0,0.00032302349995962207,0,5.8355153845590326e-05,0,1.5197634387539149e-05,0
32,20,0,0.0005735963759166038,0,0.00032302349995962207,0,5.588113108458093e-05,0,2.7845012673609773e-05,0
32,21,0,0.0011504924633525876,0,0.00032302349995962207,0,5.588113108458093e-05,0,2.8097278005636465e-05,0
32,22,0,0.0006320177348082628,0,0.00032302349995962207,0,5.3368778685284386e-05,0,1.9295819392735267e-05,0
32,23,0,0.001055208607891922,0,0.00032302349995962207,0,5.588113108458093e-05,0,2.589492562779449e-05,0
32,24,0,0.0002740889907556683,0,0.00032302349995962207,0,5.588113108458093e-05,0,2.3921111230644887e-05,0
32,25,0,0.0004884373353561423,0,0.00032302349995962207,0,0.0004004029156806462,0,1.7524331468397957e-05,0
32,26,0,0.0009434364203880933,0,0.00032302349995962207,0,0.002148527416875862,0,3.4784561354342795e-05,0
32,27,0,0.0006262819855909101,0,0.00032302349995962207,0,0.005302049069755071,0,4.99047092567585e-05,0
32,28,0,0.0005369962755117554,0,0.00032302349995962207,0,0.006081123024697065,0,3.85134080662734e-05,0
32,29,0,0.0005103381469623381,0,0.00032302349995962207,0,0.002943056998001617,0,3.4369495367099177e-05,0
32,30,0,0.0017539006415027531,0,0.00032302349995962207,0,0.0038210546259527032,0,3.926394518605734e-05,0
32,31,0,0.0018169093664488275,0,0.00032302349995962207,0,0.0006422752354086071,0,3.6396169586677256e-05,0
32,32,0,0.004249521303374502,0,0.00032302349995962207,0,0.00045530160800591593,0,2.8570168287559095e-05,0
32,33,0,0.00440905481153115,0,0.00032302349995962207,0,0.0007049474187693525,0,3.1985416472186706e-05,0
32,34,0,0.005787162857679094,0,0.00032302349995962207,0,0.0003730520890546387,0,2.9863242753313634e-05,0
32,35,0,0.005617089381472787,0,0.00032302349995962207,0,0.00019378969277956788,0,3.4563429256681864e-05,0
32,36,0,0.002820471392102159,0,0.00032302349995962207,0,0.005648335147325023,0,5.2604333298686535e-05,0
32,37,0,0.0016796781428134301,0,0.00032302349995962207,0,0.005690775812847987,0,3.0464546677576954e-05,0
32,38,0,0.0035870221038816976,0,0.00032302349995962207,0,6.8826358034072e-05,0,3.485933531299652e-05,0
32,39,0,0.004177722122843693,0,0.00032302349995962207,0,6.8826358034072e-05,0,3.874688051776415e-05,0
32,40,0,0.010348314645188284,0,0.00032302349995962207,0,6.8826358034072e-05,0,2.237503196341589e-05,0
32,41,0,0.022587643571148265,0,0.00032302349995962207,0,0.0013642305140859215,0,2.2137396369949024e-05,0
32,42,0,0.09133426113631497,0,0.00032302349995962207,0,6.793421778962557e-05,0,2.1977685829006684e-05,0
32,43,0,0.02488169097509747,0,0.00032302349995962207,0,6.793421778962557e-05,0,2.397208075338032e-05,0
32,44,0,0.0211477027896743,0,0.00032302349995962207,0,0.00017921008255222267,0,3.165714975620095e-05,0
32,45,0,0.009791366302309132,0,0.00032302349995962207,0,0.0003787445773647823,0,2.8956455059136432e-05,0
32,46,0,0.009826203385759123,0,0.00032302349995962207,0,6.793421778962557e-05,0,4.180578881837257e-05,0
32,47,0,0.004289524833544645,0,0.00032302349995962207,0,7.956212476636977e-05,0,2.357181913687912e-05,0
32,48,0,0.001466920449918764,0,0.00032302349995962207,0,6.8826358034072e-05,0,2.2117778263793585e-05,0
32,49,0,0.004196662762208606,0,0.00032302349995962207,0,0.00014695135803407204,0,2.478124872915985e-05,0
32,50,0,0.0021596974700773238,0,0.00032302349995962207,0,6.8826358034072e-05,0,2.9728386605045412e-05,0
32,51,0,0.0021692890586486433,0,0.00032302349995962207,0,6.8826358034072e-05,0,1.9945656039618815e-05,0
32,52,0,0.002174472992248378,0,0.00032302349995962207,0,0.006449083168598019,0,2.046798552476464e-05,0
32,53,0,0.0048047218083418575,0,0.00032302349995962207,0,0.006600081904985764,0,2.38584331528104e-05,0
32,54,0,0.0029242436467509054,0,0.00032302349995962207,0,0.006447455696875341,0,1.8261519996347193e-05,0
32,55,0,0.0029652542818615992,0,0.00032302349995962207,0,0.006449083168598019,0,2.052622183733522e-05,0
32,56,0,0.003773542331026606,0,0.00032302349995962207,0,0.007977073502871074,0,1.707594959704448e-05,0
32,57,0,0.007360462713143654,0,0.00032302349995962207,0,5.74630136011439e-05,0,1.700403890867781e-05,0
32,58,0,0.02765667898598137,0,0.00032302349995962207,0,5.74630136011439e-05,0,1.8255612280584764e-05,0
32,59,0,0.022274019727165893,0,0.00032302349995962207,0,5.160307181956668e-05,0,2.0980393716267822e-05,0
32,60,0,0.02354585638343197,0,0.00032302349995962207,0,0.00018470373063059336,0,1.8467442617469214e-05,0
32,61,0,0.031755784603981936,0,0.00032302349995962207,0,0.00018470373063059336,0,2.0997674631303772e-05,0
32,62,0,0.019869331693548584,0,0.00032302349995962207,0,5.4080009551357966e-05,0,2.1351459020889545e-05,0
32,63,0,0.01923636011246292,0,0.00032302349995962207,0,9.548590620324398e-05,0,2.190341253543058e-05,0
32,64,0,0.010269927949345949,0,0.00032302349995962207,0,5.747277495209346e-05,0,3.415026396555249e-05,0
32,65,0,0.007678917810998807,0,0.00032302349995962207,0,8.385799922649978e-05,0,2.666209920831765e-05,0
32,66,0,0.008347154826636664,0,0.00032302349995962207,0,0.001811041639674754,0,6.460326455367117e-05,0
32,67,0,0.009403972713494196,0,0.00032302349995962207,0,0.0003312319474063488,0,5.1378022808373715e-05,0
32,68,0,0.0070113446548266635,0,0.00032302349995962207,0,0.00027086649526641526,0,3.0007654573393578e-05,0
32,69,0,0.006266305872184153,0,0.00032302349995962207,0,0.000247206375415646,0,2.312003598695411e-05,0
32,70,0,0.003001103135773843,0,0.00032302349995962207,0,0.0002784094963313797,0,2.3270047365950628e-05,0
32,71,0,0.003930527978725272,0,0.00032302349995962207,0,6.794397914057513e-05,0,2.3292437930834845e-05,0
32,72,0,0.0036248477909879696,0,0.00032302349995962207,0,6.794397914057513e-05,0,2.45526224741375e-05,0
32,73,0,0.0012712441271328148,0,0.00032302349995962207,0,0.0009770348882314843,0,2.7344115469346593e-05,0
32,74,0,0.001064038587195275,0,0.00032302349995962207,0,5.747277495209346e-05,0,1.889873380779179e-05,0
32,75,0,0.0009139036521314186,0,0.00032302349995962207,0,0.006302580125635861,0,4.257875356167746e-05,0
32,76,0,0.0006703530659149626,0,0.00032302349995962207,0,0.00010872638882437201,0,2.083016252454866e-05,0
32,77,0,0.000396104195875291,0,0.00032302349995962207,0,5.663560458792435e-05,0,1.8633946014502692e-05,0
32,78,0,0.0003662258084228609,0,0.00032302349995962207,0,0.00013771889088122583,0,2.2364882147348555e-05,0
32,79,0,0.001733079503365181,0,0.00032302349995962207,0,0.0031747037176989333,0,2.394289716874158e-05,0
32,80,0,0.001633640797789092,0,0.00032302349995962207,0,0.010008322217427345,0,3.3929348973425935e-05,0
32,81,0,0.001325984461560354,0,0.00032302349995962207,0,0.010008263206309986,0,2.1332930276764057e-05,0
32,82,0,0.0025866876715913488,0,0.00032302349995962207,0,0.00022887982622402773,0,2.6103468394801617e-05,0
32,83,0,0.005010442972510123,0,0.00032302349995962207,0,0.0002400793370527951,0,2.1816628115617057e-05,0
32,84,0,0.0014721642329496663,0,0.00032302349995962207,0,5.747277495209346e-05,0,2.9694190359206256e-05,0
32,85,0,0.002651442795899765,0,0.00032302349995962207,0,0.0034233265025876607,0,2.9617832922307153e-05,0
32,86,0,0.004675034467079308,0,0.00032302349995962207,0,0.0038408295693881512,0,1.8340749860680467e-05,0
32,87,0,0.001403744259314472,0,0.00032302349995962207,0,0.006668280768521284,0,1.8237305445766738e-05,0
32,88,0,0.004950911738385059,0,0.00032302349995962207,0,0.002693670305621425,0,3.92908058611199e-05,0
32,89,0,0.0028218091860785725,0,0.00032302349995962207,0,0.00035689985003710184,0,2.1207518484818825e-05,0
32,90,0,0.0012345628488665118,0,0.00032302349995962207,0,0.0001100684768858645,0,1.7020073114731584e-05,0
32,91,0,0.0015452569049737022,0,0.00032302349995962207,0,0.003047046055967859,0,2.458713733229322e-05,0
32,92,0,0.0010348748581467972,0,0.00032302349995962207,0,9.837257045311596e-05,0,3.9308769321108416e-05,0
32,93,0,0.0011840148165381612,0,0.00032302349995962207,0,9.837257045311596e-05,0,4.275572408298151e-05,0
32,94,0,0.00133660155121281,0,0.00032302349995962207,0,9.748043020866953e-05,0,3.4294928152977314e-05,0
32,95,0,0.002377293159660492,0,0.00032302349995962207,0,0.0017528927586696827,0,2.2938000753328446e-05,0
32,96,0,0.002562242945356602,0,0.00032302349995962207,0,0.0010131985916573604,0,5.775113526057914e-05,0
32,97,0,0.0016397998195273643,0,0.00032302349995962207,0,0.00010410768256645126,0,3.3636913727029126e-05,0
32,98,0,0.0010022604880525752,0,0.00032302349995962207,0,0.0025259987038062665,0,2.8271386852881317e-05,0
32,99,0,0.0013161785558778274,0,0.00032302349995962207,0,0.0006600892393346298,0,3.118661921470426e-05,0
32,100,0,0.011396722882714679,0,0.00032302349995962207,0,0.006928041957285707,0,3.4494033074600776e-05,0
32,101,0,0.014281781472141432,0,0.00032302349995962207,0,0.011631990816957422,0,3.432866574228613e-05,0
32,102,0,0.024619956604636617,0,0.00032302349995962207,0,0.011262047355634268,0,4.125848284128836e-05,0
32,103,0,0.02774017223243465,0,0.01674641148325359,0,0.00029477129712441653,0,6.986365109042333e-05,0
32,104,0,0.023726193736720063,0,0.00032302349995962207,0,0.005276276562001973,0,7.586332623519638e-05,0
32,105,0,0.02837545745653116,0,0.01674641148325359,0,0.007087809128426595,0,0.00013609337571713338,0
32,106,0,0.016165086283486448,0,0.01674641148325359,0,0.00039929898237308194,0,5.5496901318821456e-05,0
32,107,0,0.00818885329671213,0,0.01674641148325359,0,0.014512356505813652,0,7.140649710311457e-05,0
32,108,0,0.004294648632891053,0,0.00032302349995962207,0,0.004849158551480091,0,3.938212526612835e-05,0
32,109,0,0.0054840425687452165,0,0.00032302349995962207,0,0.001825041774855259,0,3.202367632420636e-05,0
32,110,0,0.002477878326000663,0,0.00032302349995962207,0,0.013064467314174346,0,3.7668851901429736e-05,0
32,111,0,0.0035270364295865594,0,0.00032302349995962207,0,0.019521800563451736,0,3.390661802609667e-05,0
32,112,0,0.0024989759628368333,0,0.00032302349995962207,0,0.025835738777462532,0,2.7987839647491694e-05,0
32,113,0,0.00417326793519664,0,0.00032302349995962207,0,0.02298121149374704,0,2.853627538037075e-05,0
32,114,0,0.003373706589853469,0,0.00032302349995962207,0,0.0036195455732190517,0,3.176075490822258e-05,0
32,115,0,0.005728135216151452,0,0.00032302349995962207,0,0.01271524749079516,0,3.117712508016556e-05,0
32,116,0,0.007399056245907032,0,0.00032302349995962207,0,0.003611416526182214,0,6.889687887175048e-05,0
32,117,0,0.008525264279266937,0,0.00032302349995962207,0,0.0023017188956212017,0,3.955684313322388e-05,0
32,118,0,0.020232352196115917,0,0.0,0,0.03231325121271037,0,0.00026937585744988386,0
32,119,0,0.025774137058396873,0,0.00032302349995962207,0,0.012150454578577085,0,5.966140171213324e-05,0
32,120,0,0.03390247091746906,0,0.00032302349995962207,0,0.008238597809960937,0,0.000287888362662624,0
32,121,0,0.01818189051078988,0,0.00032302349995962207,0,0.0841020714865779,0,0.0001397386087009502,0
32,122,0,0.018327575143633014,0,0.00032302349995962207,0,0.06588556481063627,0,0.00032185243790878575,0
32,123,0,0.013176945495831581,0,0.00032302349995962207,0,0.08139451256964776,0,0.0007064955894646895,0
32,124,0,0.021570990006492118,0,0.00032302349995962207,0,0.08638442683561502,0,0.0004781221505513967,0
32,125,0,0.010686783980857461,0,0.00032302349995962207,0,0.06452345002882341,0,0.00018825537311589868,0
32,126,0,0.006193672040094682,0,0.00032302349995962207,0,0.06399989935226749,0,0.0001364084136073498,0
32,127,0,0.005827088723653407,0,0.00032302349995962207,0,0.06843023803247865,0,0.00016746911600384225,0
32,128,0,0.004817892606749511,0,0.2,0,0.0551804687283858,0,0.00017008228766252583,0
32,129,0,0.004866885930346961,0,0.2,0,0.04456913520714283,0,0.0005575488258203276,0
32,130,0,0.0030302400084023942,0,0.6,1,0.043615295281901674,0,0.00023015360025781828,0
32,131,0,0.010826555802950538,0,0.01674641148325359,0,0.07403989847183672,0,0.0010756617489510254,0
32,132,0,0.017549580370301368,0,0.01674641148325359,0,0.06203422599613294,0,0.0003120764022913688,0
32,133,0,0.005500636612591255,0,0.01674641148325359,0,0.05587205697386005,0,0.001744581832169736,0
32,134,0,0.02206719307487237,0,0.0,0,0.0824871679641041,0,0.007569776604126269,0
32,135,0,0.028440718433966575,0,0.0,0,0.1234264553758207,0,0.00861625524781875,0
32,136,0,0.0128857533072118,0,0.0,0,0.08810839795577913,0,0.004730989231793839,0
32,137,0,0.0055594544814175865,0,0.0,0,0.0949673442573374,0,0.0006801962079425157,0
32,138,0,0.012737320206408897,0,0.0,0,0.08092373420255385,0,0.0008945444609564189,0
32,139,0,0.012710623810739853,0,0.0,0,0.07987084471261051,0,0.001226448163988801,0
32,140,0,0.01193530966411641,0,0.0,0,0.1181823253160505,0,0.0019360548499209361,0
32,141,0,0.02831455437148069,0,0.0,0,0.0731015869155094,0,0.005217345088231329,0
32,142,0,0.039997894911743416,0,0.0,0,0.10230252665427166,0,0.0029241152692734093,0
32,143,0,0.04427536288237844,0,0.0,0,0.14241461438051956,0,0.0010306518446248172,0
32,144,0,0.08437323813671488,0,0.0,0,0.059236640533319784,0,0.0010871714483377483,0
32,145,0,0.14747435360111386,0,0.0,0,0.11650146514165458,0,0.02335906046071568,0
32,146,0,0.14326417727615962,0,0.01674641148325359,0,0.11807220028117082,0,0.011962005727576629,0
32,147,0,0.1544936567224668,0,0.01674641148325359,0,0.14265447031876863,0,0.007916789255055049,0
32,148,0,0.11222443920612739,0,0.01674641148325359,0,0.05702520944124027,0,0.004481612292712961,0
32,149,0,0.10833928147116051,0,0.01674641148325359,0,0.07421244682466697,0,0.010072140593889613,0
32,150,0,0.1235883014544266,0,0.01674641148325359,0,0.06527663076943091,0,0.019217824137931442,0
32,151,0,0.13756421647133907,0,0.01674641148325359,0,0.058920626220727315,0,0.00913351110479521,0
32,152,0,0.10755415745468588,0,0.01674641148325359,0,0.07017113515613507,0,0.0029715293613530296,0
32,153,0,0.09025383094331514,0,0.01674641148325359,0,0.1163984041733279,0,0.014231419749192396,0
32,154,0,0.17408203943224493,0,0.01674641148325359,0,0.18523242946107896,0,0.03701371448378458,0
32,155,0,0.07855348578513094,0,0.0,0,0.13852365292774338,0,0.006474724298034501,0
32,156,0,0.15508960840409652,0,0.0,0,0.18806993768742775,0,0.05344245020797747,0
32,157,0,0.1405639627053539,0,0.0,0,0.13973455557950445,0,0.017511089223323888,0
32,158,0,0.17024256726567005,0,0.0,0,0.2835918359305455,0,0.17827226481193845,0
32,159,0,0.4741231840947814,0,0.0,0,0.4920037877455939,0,0.7057069159260754,1
32,160,0,0.31049703032113396,0,1.0,1,0.44282216103811317,0,0.21772978188177566,0
32,161,1,0.5641588834196047,1,1.0,1,0.67452532997207,1,0.9293283014190423,1
32,162,1,0.359914601472521,0,1.0,1,0.7428036932976728,1,0.7521489117060672,1
32,163,1,0.27539534790977666,0,1.0,1,0.7192200570395758,1,0.8899176311664124,1
32,164,1,0.2919867801299731,0,0.2,0,0.726740076900336,1,0.5701972697914582,1
32,165,1,0.27755626291872865,0,1.0,1,0.8316727985588231,1,0.8555875208446705,1
32,166,1,0.37066679377962186,0,1.0,1,0.8725151601601947,1,0.9950349097987274,1
32,167,1,0.6515022496708359,1,1.0,1,0.9089562073321988,1,0.9981914886535451,1
32,168,1,0.6447349099179812,1,1.0,1,0.9532144876025286,1,0.991850749631292,1
32,169,1,0.6991857353483218,1,1.0,1,0.9338773333390792,1,0.9977393512782393,1
32,170,1,0.8271050101210986,1,1.0,1,0.859579014896919,1,0.9804583842010934,1
32,171,1,0.7184799917864649,1,0.9892367906066536,1,0.8832374564631786,1,0.9957811180097716,1
32,172,1,0.8267017415612752,1,0.9892367906066536,1,0.9666619538130263,1,0.9964591597646351,1
32,173,1,0.9723746456391918,1,0.9892367906066536,1,0.9579600650750858,1,0.9986507200569762,1
32,174,1,0.9644127320045374,1,0.9892367906066536,1,0.9799909185523309,1,0.9980898950461223,1
32,175,1,0.9035229256400736,1,0.9892367906066536,1,0.9900329504505487,1,0.997107245119181,1
32,176,1,0.964040219927421,1,0.9892367906066536,1,0.9827032537651315,1,0.9978947743357247,1
32,177,1,0.9906173695493818,1,0.9892367906066536,1,0.9758700526951839,1,0.9990543240708071,1
32,178,1,0.988864523320875,1,0.9892367906066536,1,0.9734991218214486,1,0.9986817531322683,1
32,179,1,0.9821484689152601,1,0.9892367906066536,1,0.978372280979948,1,0.9988939165952387,1
32,180,1,0.9662215878274859,1,0.9892367906066536,1,0.988467604391349,1,0.9990156771581151,1
32,181,1,0.9892514469965614,1,0.9892367906066536,1,0.968064046990039,1,0.9984304520580413,1
32,182,1,0.9783411134851727,1,0.9892367906066536,1,0.9499657397351493,1,0.9984697413515069,1
32,183,1,0.9439465105982476,1,0.9892367906066536,1,0.9709489306108278,1,0.9976856339332056,1
32,184,1,0.965511643752427,1,0.9892367906066536,1,0.9635984057913544,1,0.9976397541547282,1
32,185,1,0.9731059498836923,1,0.9892367906066536,1,0.9776760434386413,1,0.996575566489426,1
32,186,1,0.9865940441351841,1,0.9892367906066536,1,0.9739151011416023,1,0.9913481565344517,1
32,187,1,0.9766663613629701,1,0.9787234042553191,1,0.9505893823450231,1,0.9953406274330737,1
32,188,1,0.9590221340619893,1,0.9787234042553191,1,0.9210386140519167,1,0.9939634683135556,1
32,189,1,0.990707806262577,1,0.9787234042553191,1,0.9048229068777232,1,0.997402502777334,1
32,190,1,0.9928547520724822,1,1.0,1,0.8024044338444247,1,0.9750631211939687,1
32,191,0,0.9890982677904966,1,0.375,0,0.7268540165603318,1,0.8434896971790231,1
34,1,0,0.026591443426246406,0,0.00032302349995962207,0,0.008696488962982182,0,3.1615162349016644e-05,0
34,2,0,1.6460223924914944e-06,0,0.00032302349995962207,0,0.010107916554235215,0,2.1104792160062264e-05,0
34,3,0,3.9496293013318784e-05,0,0.00032302349995962207,0,0.005065363362745854,0,1.7542481816178866e-05,0
34,4,0,2.5637010382479217e-05,0,0.00032302349995962207,0,5.8355153845590326e-05,0,2.0794821871857474e-05,0
34,5,0,3.0289468058042805e-05,0,0.00032302349995962207,0,5.8355153845590326e-05,0,1.3938001380089691e-05,0
34,6,0,0.00010188359936640804,0,0.00032302349995962207,0,5.8355153845590326e-05,0,1.71215319517011e-05,0
34,7,0,0.0006501626497906046,0,0.00032302349995962207,0,5.8355153845590326e-05,0,1.6268736873119852e-05,0
34,8,0,0.0005335697260704211,0,0.00032302349995962207,0,5.8355153845590326e-05,0,1.3224762408692447e-05,0
34,9,0,0.0014202216451011096,0,0.00032302349995962207,0,5.8355153845590326e-05,0,1.3917968983490452e-05,0
34,10,0,0.0006321120675341185,0,0.00032302349995962207,0,5.8355153845590326e-05,0,1.620365508728594e-05,0
34,11,0,0.0016108693932551906,0,0.00032302349995962207,0,5.8355153845590326e-05,0,1.4969130041223209e-05,0
34,12,0,0.002449814038104161,0,0.00032302349995962207,0,5.8355153845590326e-05,0,1.4509471924321676e-05,0
34,13,0,0.0009576433832443434,0,0.00032302349995962207,0,5.8355153845590326e-05,0,1.6272734023303273e-05,0
34,14,0,0.0016728694590609353,0,0.00032302349995962207,0,5.8355153845590326e-05,0,1.6653056908387214e-05,0
34,15,0,0.0005001199261509963,0,0.00032302349995962207,0,5.8355153845590326e-05,0,1.910387106095466e-05,0
34,16,0,0.0012087640520970714,0,0.00032302349995962207,0,5.8355153845590326e-05,0,1.763419085347474e-05,0
34,17,0,0.0017971903093611406,0,0.00032302349995962207,0,0.00022068969352446611,0,2.9885699092366898e-05,0
34,18,0,0.00126405884033438,0,0.00032302349995962207,0,5.8355153845590326e-05,0,4.140825202437648e-05,0
34,19,0,0.004227617129100232,0,0.00032302349995962207,0,5.8355153845590326e-05,0,3.328306814730211e-05,0
34,20,0,0.006122840002710752,0,0.00032302349995962207,0,5.8355153845590326e-05,0,3.446410291585972e-05,0
34,21,0,0.0031927149006446983,0,0.00032302349995962207,0,5.8355153845590326e-05,0,2.2095598221849533e-05,0
34,22,0,0.000726269982576719,0,0.00032302349995962207,0,5.8355153845590326e-05,0,2.1686280542520772e-05,0
34,23,0,0.0005178707117707315,0,0.00032302349995962207,0,5.8355153845590326e-05,0,1.64877607400561e-05,0
34,24,0,0.00032687766437161636,0,0.00032302349995962207,0,5.8355153845590326e-05,0,1.6645600864046717e-05,0
34,25,0,6.272545950662029e-05,0,0.00032302349995962207,0,0.00013939044520537209,0,1.569778755924447e-05,0
34,26,0,3.329222432190702e-05,0,0.00032302349995962207,0,0.00029289518553933665,0,1.742366529122371e-05,0
34,27,0,0.00020917594935332827,0,0.00032302349995962207,0,0.00781884040600034,0,2.0551236950447074e-05,0
34,28,0,0.00017362561522456252,0,0.00032302349995962207,0,0.00037999168724682964,0,1.674373354610879e-05,0
34,29,0,0.0006389309882644411,0,0.00032302349995962207,0,0.00014189644915159154,0,1.8271927130953954e-05,0
34,30,0,0.0009587823367181904,0,0.00032302349995962207,0,5.8355153845590326e-05,0,2.3312141529281085e-05,0
34,31,0,0.0010822782710701061,0,0.00032302349995962207,0,5.8355153845590326e-05,0,1.5608608991008243e-05,0
34,32,0,0.004537729506760105,0,0.00032302349995962207,0,5.8355153845590326e-05,0,1.540865507121463e-05,0
34,33,0,0.0021553896619095126,0,0.00032302349995962207,0,5.8355153845590326e-05,0,1.8229990070249497e-05,0
34,34,0,0.0047792636396455455,0,0.00032302349995962207,0,0.00011126702355703592,0,1.78381059320526e-05,0
34,35,0,0.003234757307639062,0,0.00032302349995962207,0,5.8355153845590326e-05,0,1.834149332913496e-05,0
34,36,0,0.004061701432964647,0,0.00032302349995962207,0,5.8355153845590326e-05,0,2.4697514140210218e-05,0
34,37,0,0.0009266883061932966,0,0.00032302349995962207,0,5.8355153845590326e-05,0,1.8089615374886054e-05,0
34,38,0,0.0023747105118467524,0,0.00032302349995962207,0,5.8355153845590326e-05,0,1.9226733124908907e-05,0
34,39,0,0.0010138613669468024,0,0.00032302349995962207,0,5.8355153845590326e-05,0,1.4950247936863434e-05,0
34,40,0,0.002882001090282829,0,0.00032302349995962207,0,5.8355153845590326e-05,0,1.5621934546628935e-05,0
34,41,0,0.00020347348232174227,0,0.00032302349995962207,0,5.8355153845590326e-05,0,1.4261937443123619e-05,0
34,42,0,0.000165117343218814,0,0.00032302349995962207,0,5.8355153845590326e-05,0,1.4752097419652019e-05,0
34,43,0,8.465493895312586e-05,0,0.00032302349995962207,0,5.8355153845590326e-05,0,1.3859735630485618e-05,0
34,44,0,4.4661886355014705e-05,0,0.00032302349995962207,0,5.8355153845590326e-05,0,1.377408667330607e-05,0
34,45,0,8.941522123368588e-05,0,0.00032302349995962207,0,6.8826358034072e-05,0,1.4232000479136826e-05,0
34,46,0,7.245705039052224e-05,0,0.00032302349995962207,0,6.8826358034072e-05,0,1.683500582354787e-05,0
34,47,0,0.00016742021683648637,0,0.00032302349995962207,0,5.8355153845590326e-05,0,1.4421761822668854e-05,0
34,48,0,0.00015156503925100738,0,0.00032302349995962207,0,5.8355153845590326e-05,0,1.3910490667513514e-05,0
34,49,0,1.6773423439626146e-05,0,0.00032302349995962207,0,5.8355153845590326e-05,0,1.3851439486946876e-05,0
34,50,0,1.8118001632304008e-05,0,0.00032302349995962207,0,5.8355153845590326e-05,0,1.2602951987362178e-05,0
34,51,0,1.6110924016194312e-05,0,0.00032302349995962207,0,0.00022068969352446611,0,1.4290933230493367e-05,0
34,52,0,2.303400187872108e-05,0,0.00032302349995962207,0,5.8355153845590326e-05,0,1.3300619378745732e-05,0
34,53,0,1.67347783675782e-05,0,0.00032302349995962207,0,5.8355153845590326e-05,0,1.3587089125793975e-05,0
34,54,0,9.87875323105721e-05,0,0.00032302349995962207,0,5.8355153845590326e-05,0,1.3094772753202009e-05,0
34,55,0,0.00039635810013073376,0,0.00032302349995962207,0,5.8355153845590326e-05,0,1.2548347913763021e-05,0
34,56,0,7.256819594323728e-05,0,0.00032302349995962207,0,5.8355153845590326e-05,0,1.5262883558785e-05,0
34,57,0,4.479091083581278e-05,0,0.00032302349995962207,0,5.8355153845590326e-05,0,1.5194321953249946e-05,0
34,58,0,9.656072654621923e-05,0,0.00032302349995962207,0,5.8355153845590326e-05,0,1.5128813979148439e-05,0
34,59,0,0.0007000752349068311,0,0.00032302349995962207,0,5.8355153845590326e-05,0,1.3801659763279524e-05,0
34,60,0,0.0015086910304527505,0,0.00032302349995962207,0,5.8355153845590326e-05,0,1.2851809659814438e-05,0
34,61,0,0.005040752456687673,0,0.00032302349995962207,0,5.8355153845590326e-05,0,1.4302109124025582e-05,0
34,62,0,0.005441392446085393,0,0.00032302349995962207,0,5.8355153845590326e-05,0,1.4539910184135129e-05,0
34,63,0,0.013198094489645946,0,0.00032302349995962207,0,5.8355153845590326e-05,0,1.469139025007602e-05,0
34,64,0,0.0033053961634176197,0,0.00032302349995962207,0,5.8355153845590326e-05,0,1.672379145396146e-05,0
34,65,0,0.0019897708678400204,0,0.00032302349995962207,0,5.8355153845590326e-05,0,1.5258356341499558e-05,0
34,66,0,0.0017021767376681585,0,0.00032302349995962207,0,5.8355153845590326e-05,0,1.3585062412482842e-05,0
34,67,0,0.007306158568373702,0,0.00032302349995962207,0,5.8355153845590326e-05,0,1.572554440186747e-05,0
34,68,0,0.012447425758180608,0,0.00032302349995962207,0,5.8355153845590326e-05,0,1.2851809659814438e-05,0
34,69,0,0.0036121066264334033,0,0.00032302349995962207,0,5.8355153845590326e-05,0,1.3548839825295053e-05,0
34,70,0,0.00446176012727404,0,0.00032302349995962207,0,5.8355153845590326e-05,0,1.609482127586901e-05,0
34,71,0,0.002875803593912124,0,0.00032302349995962207,0,5.8355153845590326e-05,0,1.417946523438803e-05,0
34,72,0,0.0036996120869960906,0,0.00032302349995962207,0,5.8355153845590326e-05,0,1.4420710489953592e-05,0
34,73,0,0.0007418470234630592,0,0.00032302349995962207,0,5.8355153845590326e-05,0,1.5340548544922954e-05,0
34,74,0,0.0006768888451103007,0,0.00032302349995962207,0,5.8355153845590326e-05,0,1.7450062134212798e-05,0
34,75,0,0.0009467894358543837,0,0.00032302349995962207,0,5.8355153845590326e-05,0,1.3503684667330825e-05,0
34,76,0,0.00025699183314410664,0,0.00032302349995962207,0,5.8355153845590326e-05,0,2.3490962341142474e-05,0
34,77,0,9.474492190815684e-05,0,0.00032302349995962207,0,0.0012990949991383092,0,1.741468007288627e-05,0
34,78,0,0.00010640803583274977,0,0.00032302349995962207,0,5.8355153845590326e-05,0,1.7618238053606507e-05,0
34,79,0,0.0003935317375182824,0,0.00032302349995962207,0,0.00022068969352446611,0,1.4926543757806042e-05,0
34,80,0,0.0006667135410077091,0,0.00032302349995962207,0,5.8355153845590326e-05,0,2.00569327257338e-05,0
34,81,0,0.001133592354042998,0,0.00032302349995962207,0,5.8355153845590326e-05,0,1.5651785879580294e-05,0
34,82,0,0.001198860637904736,0,0.00032302349995962207,0,5.8355153845590326e-05,0,1.5261004423255014e-05,0
34,83,0,0.0042729634069273706,0,0.00032302349995962207,0,5.8355153845590326e-05,0,1.9201123989201814e-05,0
34,84,0,0.0023455023032055737,0,0.00032302349995962207,0,5.8355153845590326e-05,0,2.8671776843344244e-05,0
34,85,0,0.0022112538978733454,0,0.00032302349995962207,0,0.00022068969352446611,0,1.9603795856710468e-05,0
34,86,0,0.002205348850762578,0,0.00032302349995962207,0,5.8355153845590326e-05,0,2.576847324981433e-05,0
34,87,0,0.0029118272347115237,0,0.00032302349995962207,0,5.8355153845590326e-05,0,1.7464863097645357e-05,0
34,88,0,0.0022442989455054474,0,0.00032302349995962207,0,5.8355153845590326e-05,0,2.7077597409374965e-05,0
34,89,0,0.001112561896536996,0,0.00032302349995962207,0,5.8355153845590326e-05,0,2.2539588261537263e-05,0
34,90,0,0.0012533552179950283,0,0.00032302349995962207,0,5.8355153845590326e-05,0,2.0379548404216684e-05,0
34,91,0,0.0007272721693407022,0,0.00032302349995962207,0,0.0017505668498614404,0,2.3588761809247384e-05,0
34,92,0,0.0004157905533673604,0,0.00032302349995962207,0,5.8355153845590326e-05,0,2.1054088370028443e-05,0
34,93,0,0.0008493261898838234,0,0.00032302349995962207,0,5.8355153845590326e-05,0,2.4006785443509373e-05,0
34,94,0,0.0007692146380461111,0,0.00032302349995962207,0,5.8355153845590326e-05,0,1.8405200275407543e-05,0
34,95,0,0.0007252599081857807,0,0.00032302349995962207,0,5.8355153845590326e-05,0,1.7868231846673762e-05,0
34,96,0,0.0006742212148419012,0,0.00032302349995962207,0,5.8355153845590326e-05,0,1.8363226564830367e-05,0
34,97,0,0.0011546217390883292,0,0.00032302349995962207,0,5.8355153845590326e-05,0,1.4860030219667765e-05,0
34,98,0,0.0009921784307087285,0,0.00032302349995962207,0,5.8355153845590326e-05,0,1.6631931472794703e-05,0
34,99,0,0.0008384549148208068,0,0.00032302349995962207,0,5.8355153845590326e-05,0,1.5137042790116327e-05,0
34,100,0,0.0012971067683804466,0,0.00032302349995962207,0,5.8355153845590326e-05,0,1.6830791040932915e-05,0
34,101,0,0.0006535117531397696,0,0.00032302349995962207,0,5.58322373541262e-05,0,3.428570358665706e-05,0
34,102,0,0.0016584758701210925,0,0.00032302349995962207,0,8.3900183194774e-05,0,2.7626785664975674e-05,0
34,103,0,0.0004069810709221893,0,0.00032302349995962207,0,5.8355153845590326e-05,0,2.191665181583473e-05,0
34,104,0,0.0013866919729367928,0,0.00032302349995962207,0,5.8355153845590326e-05,0,2.416245959683263e-05,0
34,105,0,0.001488794341123392,0,0.00032302349995962207,0,6.8826358034072e-05,0,2.105337496449731e-05,0
34,106,0,0.006997561599644667,0,0.00032302349995962207,0,0.00011126702355703592,0,5.481208272384236e-05,0
34,107,0,0.002770786004315713,0,0.00032302349995962207,0,0.00012371463096977334,0,2.6545226114547836e-05,0
34,108,0,0.000709213907445131,0,0.00032302349995962207,0,0.0002747133673575185,0,2.888918082897972e-05,0
34,109,0,0.0010587387567921119,0,0.00032302349995962207,0,0.00012371463096977334,0,2.4841116579393042e-05,0
34,110,0,0.0005116313028135558,0,0.00032302349995962207,0,0.0002747133673575185,0,2.9570461235710412e-05,0
34,111,0,0.0020608441049427047,0,0.00032302349995962207,0,0.00028049464792892525,0,2.501311198815739e-05,0
34,112,0,0.000681724758671269,0,0.00032302349995962207,0,0.0003312455842195105,0,1.9240548660101874e-05,0
34,113,0,0.0011759120855631582,0,0.00032302349995962207,0,0.00012371463096977334,0,2.7571209043820764e-05,0
34,114,0,0.0014868345683685836,0,0.00032302349995962207,0,5.8355153845590326e-05,0,2.4770686503409226e-05,0
34,115,0,0.0017530989008097823,0,0.00032302349995962207,0,5.8355153845590326e-05,0,2.1939815599064676e-05,0
34,116,0,0.0005780929753671098,0,0.00032302349995962207,0,5.74630136011439e-05,0,1.586981566369079e-05,0
34,117,0,0.00029708669822792855,0,0.00032302349995962207,0,5.8355153845590326e-05,0,1.8317073116201527e-05,0
34,118,0,0.0008914440830201167,0,0.00032302349995962207,0,5.8355153845590326e-05,0,2.5436877086341027e-05,0
34,119,0,0.0005941257728931437,0,0.00032302349995962207,0,5.8355153845590326e-05,0,1.9308150887250152e-05,0
34,120,0,0.0009648991545767029,0,0.00032302349995962207,0,5.74630136011439e-05,0,2.3407904742115588e-05,0
34,121,0,0.0008278888329959141,0,0.00032302349995962207,0,5.74630136011439e-05,0,3.198860342298233e-05,0
34,122,0,0.0006804702971158511,0,0.00032302349995962207,0,5.74630136011439e-05,0,2.5376796210443513e-05,0
34,123,0,0.0009758730066094285,0,0.00032302349995962207,0,0.0002506574781894797,0,4.274645088053212e-05,0
34,124,0,0.00167424058468137,0,0.00032302349995962207,0,0.0028671935349567452,0,9.691231250167033e-05,0
34,125,0,0.0012125203698796245,0,0.00032302349995962207,0,0.006370279897840371,0,8.005073297706582e-05,0
34,126,0,0.0014551876643831509,0,0.00032302349995962207,0,0.0020638859729433857,0,8.450303003021261e-05,0
34,127,0,0.003747099751260938,0,0.00032302349995962207,0,0.0005198161236593367,0,0.00010152311455637037,0
34,128,0,0.0015817474857660798,0,0.00032302349995962207,0,0.0018179875128451403,0,0.0006996544880010827,0
34,129,0,0.005784941740125506,0,0.00032302349995962207,0,0.00021116274026797215,0,0.00029661030007445237,0
34,130,0,0.005090521268503842,0,0.00032302349995962207,0,0.00022279064724471632,0,0.000103016365795459,0
34,131,0,0.005238914508053383,0,0.00032302349995962207,0,0.0013277477414905953,0,0.00045398268656730075,0
34,132,0,0.011171869926275602,0,0.00032302349995962207,0,0.0004876624211438498,0,0.000654990734298481,0
34,133,0,0.014787686306848971,0,0.00032302349995962207,0,0.003670892462858223,0,0.0029285066797843304,0
34,134,0,0.008889664889611609,0,0.00032302349995962207,0,0.020414662591184442,0,0.0008923642602354131,0
34,135,0,0.01652669204366584,0,0.00032302349995962207,0,0.005412204119726066,0,0.0005686078359080908,0
34,136,0,0.02188757537245328,0,0.00032302349995962207,0,0.017007528840858363,0,0.0004942422479866748,0
34,137,0,0.018059787952154606,0,0.00032302349995962207,0,0.02351124140329637,0,0.0005931280059044992,0
34,138,0,0.01724681701529073,0,0.00032302349995962207,0,0.009758767380535365,0,0.00030434498755276234,0
34,139,0,0.016385818505949373,0,0.00032302349995962207,0,0.0003874277325215369,0,0.0011885429931206705,0
34,140,0,0.008660881346259182,0,0.00032302349995962207,0,0.015309456139922547,0,0.0010116071806960244,0
34,141,0,0.007949814581016304,0,0.00032302349995962207,0,0.014990266502926277,0,0.00017759684007033008,0
34,142,0,0.0093054385790544,0,0.00032302349995962207,0,0.003911009543266242,0,0.00025811628155324157,0
34,143,0,0.011652126163874068,0,0.00032302349995962207,0,0.008645672156433127,0,0.0005281473800626265,0
34,144,0,0.05306197992838087,0,0.00032302349995962207,0,0.02460378835278097,0,0.0010885549299113374,0
34,145,0,0.026537902641149847,0,0.00032302349995962207,0,0.010357571497984852,0,0.0004217259972795793,0
34,146,0,0.006021116838015641,0,0.00032302349995962207,0,0.020720963843130026,0,0.00040220196862247523,0
34,147,0,0.011125284405143196,0,0.00032302349995962207,0,0.06610821869911106,0,0.0055166649822988864,0
34,148,0,0.02235397257514222,0,0.00032302349995962207,0,0.026784295984323903,0,0.005877935796235539,0
34,149,0,0.016389990046999512,0,0.00032302349995962207,0,0.031864482149163986,0,0.0005785217449828225,0
34,150,0,0.024570428920267225,0,0.00032302349995962207,0,0.009427426921782991,0,0.0020159653103326383,0
34,151,0,0.13344327115754537,0,0.00032302349995962207,0,0.038601308202715796,0,0.001395880379322587,0
34,152,0,0.22246685504727967,0,0.00032302349995962207,0,0.03555505410994404,0,0.001631655275067615,0
34,153,0,0.1443835700717748,0,0.00032302349995962207,0,0.02791163410434073,0,0.002140192568259501,0
34,154,0,0.15281199032028378,0,0.00032302349995962207,0,0.08004824388315195,0,0.00960268509359184,0
34,155,0,0.25426690569900157,0,0.00032302349995962207,0,0.16352824734308147,0,0.01451422300796656,0
34,156,0,0.2841915519787609,0,0.01674641148325359,0,0.15393680224182588,0,0.0072881572695930735,0
34,157,0,0.21604612667419126,0,0.01674641148325359,0,0.1622363004325499,0,0.0029278132181953342,0
34,158,0,0.14163225633769255,0,0.01674641148325359,0,0.20387994558216907,0,0.0017937778732119258,0
34,159,0,0.2312531334890183,0,0.0,0,0.4298257975879647,0,0.041735463293402913,0
34,160,0,0.33956689483609176,0,0.0,0,0.4962837931558422,0,0.013361947052994679,0
34,161,0,0.20334439503485907,0,0.2,0,0.31931657367312044,0,0.016165187498797737,0
34,162,0,0.451020852329183,0,0.0,0,0.5024368255150043,1,0.05604108826490056,0
34,163,0,0.42858681637325546,0,0.01674641148325359,0,0.4753813051217677,0,0.012205965877430546,0
34,164,0,0.6061645600408986,1,0.01674641148325359,0,0.5134500710896934,1,0.11461078109303915,0
34,165,1,0.6455127794397381,1,0.16666666666666666,0,0.5706896940793161,1,0.14749990035028418,0
34,166,1,0.7735709826876396,1,1.0,1,0.6426589954163484,1,0.6825209784918905,1
34,167,1,0.7738800402391516,1,1.0,1,0.7032720095530959,1,0.778109365580583,1
34,168,1,0.8045846796528909,1,1.0,1,0.7765713945251761,1,0.9008856131007228,1
34,169,1,0.8413305097252161,1,1.0,1,0.7817785084346,1,0.9400172957524244,1
34,170,1,0.6468342987322104,1,1.0,1,0.8046894037335213,1,0.9482331112975199,1
34,171,1,0.5622291099307076,1,1.0,1,0.7666960321424605,1,0.98553420469897,1
34,172,1,0.3625929530873449,0,1.0,1,0.7670954521668806,1,0.9864905633365986,1
34,173,1,0.705113703349498,1,1.0,1,0.8300473613687899,1,0.9960398521269271,1
34,174,1,0.7959802726239019,1,1.0,1,0.8699858752358753,1,0.9837503932253299,1
34,175,1,0.8345372617507384,1,1.0,1,0.9197423195084484,1,0.998421239534669,1
34,176,1,0.4858142829741582,0,1.0,1,0.9204944840106131,1,0.9991191861679173,1
34,177,1,0.2573924916240432,0,1.0,1,0.9648292603453892,1,0.998385692065441,1
34,178,1,0.623840616155564,1,1.0,1,0.9775839696670658,1,0.9980789051795089,1
34,179,1,0.8725456492429152,1,1.0,1,0.9499019714206088,1,0.998147161126778,1
34,180,1,0.8838145946275687,1,1.0,1,0.9710756041303021,1,0.9980073555520272,1
34,181,1,0.9611544091502194,1,1.0,1,0.9488689027943117,1,0.9987874484744712,1
34,182,1,0.9901141795793648,1,1.0,1,0.9530385341467685,1,0.9989750703214567,1
34,183,1,0.9689756439677643,1,1.0,1,0.9399628575894926,1,0.9985019311865972,1
34,184,1,0.9920623210709206,1,1.0,1,0.9802477345690807,1,0.9978635142107879,1
34,185,1,0.9928045034996517,1,1.0,1,0.9785646714128066,1,0.9993657024335243,1
34,186,1,0.998276046720324,1,0.9892367906066536,1,0.9734997468597455,1,0.9994314830211011,1
34,187,1,0.9979054559681562,1,0.9892367906066536,1,0.9741059173928097,1,0.9988801998923713,1
34,188,1,0.9990569675053677,1,0.9892367906066536,1,0.9844171175568421,1,0.9973707059062807,1
34,189,1,0.9997303723617755,1,0.9892367906066536,1,0.9589797275930428,1,0.9986539309641976,1
34,190,1,0.9999055380514916,1,0.9892367906066536,1,0.9831164917350337,1,0.9981274382109362,1
34,191,1,0.9998841864837194,1,0.9892367906066536,1,0.961438327015384,1,0.9969896095939841,1
34,192,1,0.9999174575508701,1,0.9892367906066536,1,0.9164525314916591,1,0.983833603036573,1
34,193,1,0.9998021238723871,1,0.9892367906066536,1,0.9342068869453415,1,0.9951915922228363,1
34,194,1,0.9996869944413055,1,0.9892367906066536,1,0.879448570634914,1,0.9907029351569067,1
34,195,0,0.9999055418462012,1,0.9787234042553191,1,0.7131862938930343,1,0.3884407743711481,0
40,1,0,0.21707342303770777,0,0.0,0,0.07193550521217167,0,5.9420859007903604e-05,0
40,2,0,0.00607797885620474,0,0.0,0,0.045598153759249145,0,4.278446605704751e-05,0
40,3,0,0.001147255668722052,0,0.0,0,0.013876818815713,0,4.068977521582415e-05,0
40,4,0,0.000806558924508322,0,0.00032302349995962207,0,0.00040653259225432607,0,2.4736039449565164e-05,0
40,5,0,0.0014302705921849564,0,0.00032302349995962207,0,0.00040653259225432607,0,3.70740426814229e-05,0
40,6,0,0.0008834870956598538,0,0.00032302349995962207,0,0.0003960613880658444,0,2.8403919020854242e-05,0
40,7,0,0.0013175590840162656,0,0.00032302349995962207,0,5.8355153845590326e-05,0,1.7926514020155993e-05,0
40,8,0,0.0032122640850342833,0,0.00032302349995962207,0,5.8355153845590326e-05,0,2.1589397480716082e-05,0
40,9,0,0.0024104118896525087,0,0.00032302349995962207,0,5.8355153845590326e-05,0,2.7853084317928496e-05,0
40,10,0,0.0032541239455881783,0,0.00032302349995962207,0,5.8355153845590326e-05,0,2.1179882718283242e-05,0
40,11,0,0.005186703636692824,0,0.00032302349995962207,0,5.6668671005553225e-05,0,4.463768776976439e-05,0
40,12,0,0.0037704545548134572,0,0.00032302349995962207,0,5.6668671005553225e-05,0,5.242742882032965e-05,0
40,13,0,0.0018719525163800456,0,0.00032302349995962207,0,0.00021396794179366835,0,5.30323329652664e-05,0
40,14,0,0.0010251191908906068,0,0.00032302349995962207,0,0.00010090834533495204,0,3.069728927681953e-05,0
40,15,0,0.005129058321788252,0,0.00032302349995962207,0,0.00010090834533495204,0,2.8022369606962387e-05,0
40,16,0,0.008474178832690263,0,0.00032302349995962207,0,0.00011137954952343373,0,4.521861122796658e-05,0
40,17,0,0.021106280287977543,0,0.00032302349995962207,0,6.8826358034072e-05,0,3.3564132844051e-05,0
40,18,0,0.011817932771718385,0,0.00032302349995962207,0,6.8826358034072e-05,0,3.785263907410432e-05,0
40,19,0,0.010368270741821348,0,0.00032302349995962207,0,5.8355153845590326e-05,0,3.812777360871165e-05,0
40,20,0,0.010902733245688735,0,0.00032302349995962207,0,5.8355153845590326e-05,0,3.0405759933908848e-05,0
40,21,0,0.002409136737169153,0,0.00032302349995962207,0,5.8355153845590326e-05,0,2.3788804758858924e-05,0
40,22,0,0.003438392868105304,0,0.00032302349995962207,0,5.58322373541262e-05,0,5.700112544154301e-05,0
40,23,0,0.0077479322713899295,0,0.00032302349995962207,0,0.001765672227016322,0,3.268668099074481e-05,0
40,24,0,0.009476016705358713,0,0.00032302349995962207,0,0.0017250218205122566,0,3.534364100435079e-05,0
40,25,0,0.006745149289294345,0,0.00032302349995962207,0,5.8355153845590326e-05,0,2.3922835379181478e-05,0
40,26,0,0.00856966647645314,0,0.00032302349995962207,0,0.0031527011088392388,0,2.6481168797207737e-05,0
40,27,0,0.024122481462655106,0,0.00032302349995962207,0,0.00013596576499140515,0,2.185369915453922e-05,0
40,28,0,0.028558130695126503,0,0.00032302349995962207,0,0.0002426481987863291,0,2.4208654635155284e-05,0
40,29,0,0.021152379025216807,0,0.00032302349995962207,0,5.8355153845590326e-05,0,2.692994845731232e-05,0
40,30,0,0.029120145144039208,0,0.00032302349995962207,0,0.008038345520459855,0,3.5133193560120776e-05,0
40,31,0,0.03622084326603313,0,0.00032302349995962207,0,5.8355153845590326e-05,0,2.1647217865354163e-05,0
40,32,0,0.04571563642705788,0,0.00032302349995962207,0,0.00013648015384559034,0,1.889185470690654e-05,0
40,33,0,0.04319881242870254,0,0.00032302349995962207,0,0.00010090834533495204,0,2.248064357483023e-05,0
40,34,0,0.03863974821684231,0,0.00032302349995962207,0,0.00029226926034631737,0,3.0401719824508948e-05,0
40,35,0,0.026653526708168656,0,0.00032302349995962207,0,5.8355153845590326e-05,0,2.2713836038765125e-05,0
40,36,0,0.03287175379395373,0,0.00032302349995962207,0,0.00025427610576307327,0,2.5262172786373835e-05,0
40,37,0,0.01020158139645172,0,0.00032302349995962207,0,5.8355153845590326e-05,0,3.0555915214089825e-05,0
40,38,0,0.016819663165166258,0,0.00032302349995962207,0,9.26992299091818e-05,0,2.4483473094526945e-05,0
40,39,0,0.005637036828562986,0,0.00032302349995962207,0,0.01383446092222438,0,4.050872678863969e-05,0
40,40,0,0.009533982812258672,0,0.00032302349995962207,0,0.0003009005011859804,0,2.900892450639284e-05,0
40,41,0,0.006412680699008013,0,0.00032302349995962207,0,0.004433134024012881,0,3.158100316524199e-05,0
40,42,0,0.004517504924150729,0,0.00032302349995962207,0,0.00038630852674319905,0,3.269806163545332e-05,0
40,43,0,0.003468802858137984,0,0.00032302349995962207,0,0.00035587871905423457,0,3.5942229823881737e-05,0
40,44,0,0.015366721873868658,0,0.00032302349995962207,0,0.00010617447586247515,0,3.362747893103481e-05,0
40,45,0,0.022550290734388415,0,0.00032302349995962207,0,0.00015908634557392076,0,3.741633549161048e-05,0
40,46,0,0.011721858160731157,0,0.00032302349995962207,0,0.00033756566587173813,0,3.37278233078687e-05,0
40,47,0,0.024107515924344045,0,0.00032302349995962207,0,0.0003150229524536849,0,2.962921459550227e-05,0
40,48,0,0.057381103273941636,0,0.00032302349995962207,0,0.00018513587599629916,0,9.27879781203835e-05,0
40,49,0,0.03045055862361892,0,0.00032302349995962207,0,9.653967180781748e-05,0,4.722763762180969e-05,0
40,50,0,0.00890679429474587,0,0.00032302349995962207,0,9.59326298051776e-05,0,4.29973276319882e-05,0
40,51,0,0.00935243535361224,0,0.00032302349995962207,0,5.588926530375241e-05,0,4.524982672568636e-05,0
40,52,0,0.004748957300568657,0,0.00032302349995962207,0,5.411474616580912e-05,0,5.428680693355057e-05,0
40,53,0,0.004130862392422464,0,0.00032302349995962207,0,8.713302747410414e-05,0,6.045996012708609e-05,0
40,54,0,0.004119068946634175,0,0.00032302349995962207,0,0.0020649062530087295,0,6.352714689514651e-05,0
40,55,0,0.008353702548121044,0,0.00032302349995962207,0,7.466872036353591e-05,0,3.3772173286334766e-05,0
40,56,0,0.0025764491699802063,0,0.00032302349995962207,0,5.164837252618543e-05,0,4.3009674507350575e-05,0
40,57,0,0.0012847835284731826,0,0.00032302349995962207,0,5.499712505930599e-05,0,2.9618514231027402e-05,0
40,58,0,0.002038536947867503,0,0.00032302349995962207,0,0.001721663791725972,0,2.361103752739888e-05,0
40,59,0,0.0010978191051095538,0,0.00032302349995962207,0,5.74630136011439e-05,0,3.252225793658845e-05,0
40,60,0,0.0007781375128726725,0,0.00032302349995962207,0,0.00011126702355703592,0,2.4413584777193596e-05,0
40,61,0,0.0009801403450273585,0,0.00032302349995962207,0,5.747277495209346e-05,0,2.5076792425152374e-05,0
40,62,0,0.0011290518576347903,0,0.00032302349995962207,0,9.661090970554462e-05,0,2.6934224403210762e-05,0
40,63,0,0.0019609601958492416,0,0.00032302349995962207,0,0.0013608174732843746,0,3.484973252614891e-05,0
40,64,0,0.0015064572607117578,0,0.00032302349995962207,0,9.668894115134209e-05,0,1.8988921506169767e-05,0
40,65,0,0.0015516331842684663,0,0.00032302349995962207,0,0.00010626800509537733,0,2.1543601024916397e-05,0
40,66,0,0.002389338717679517,0,0.00032302349995962207,0,0.0016013217972905924,0,1.8171031499156496e-05,0
40,67,0,0.0006260789405415796,0,0.00032302349995962207,0,6.705183889612872e-05,0,2.0678528241409572e-05,0
40,68,0,0.0018874338036092854,0,0.00032302349995962207,0,5.658063470764704e-05,0,2.7360626373257944e-05,0
40,69,0,0.0014312594103838086,0,0.00032302349995962207,0,0.0001610908589820534,0,2.6691866146707738e-05,0
40,70,0,0.001897836466397818,0,0.00032302349995962207,0,0.00012112041139583682,0,2.746412551501007e-05,0
40,71,0,0.0017896530562303207,0,0.00032302349995962207,0,6.820854168439123e-05,0,2.462935549007968e-05,0
40,72,0,0.0027473206163488484,0,0.00032302349995962207,0,6.998306082233453e-05,0,2.5539776446145677e-05,0
40,73,0,0.008961434894826478,0,0.00032302349995962207,0,5.8355153845590326e-05,0,2.4122566553352796e-05,0
40,74,0,0.01617658702822651,0,0.00032302349995962207,0,0.00029091329338047406,0,3.269198283070165e-05,0
40,75,0,0.014167425382726967,0,0.00032302349995962207,0,9.897618273325655e-05,0,2.6546396076569593e-05,0
40,76,0,0.035090335582932126,0,0.00032302349995962207,0,0.008443708216645925,0,5.0179705174776545e-05,0
40,77,0,0.11402720628007355,0,0.00032302349995962207,0,0.00013572875374900955,0,6.562815626709027e-05,0
40,78,0,0.03440001826811312,0,0.00032302349995962207,0,0.0003527706708053186,0,7.936059914896872e-05,0
40,79,0,0.008006375551667671,0,0.00032302349995962207,0,0.00037044538364783687,0,5.534793403135233e-05,0
40,80,0,0.005037509234146824,0,0.00032302349995962207,0,0.0003607920415678036,0,5.485359300669299e-05,0
40,81,0,0.015876528117751722,0,0.00032302349995962207,0,0.001997338226306759,0,3.762634834636412e-05,0
40,82,0,0.013478711485933744,0,0.00032302349995962207,0,0.002044731591235669,0,5.330183423172237e-05,0
40,83,0,0.012146038984012592,0,0.00032302349995962207,0,0.0018172360527375288,0,5.604476467479802e-05,0
40,84,0,0.0183673516092623,0,0.01674641148325359,0,0.010105663209867326,0,0.00014568140960074014,0
40,85,0,0.01527889213709742,0,0.01674641148325359,0,0.016320424795170565,0,7.165883291390745e-05,0
40,86,0,0.013609527495522087,0,0.00032302349995962207,0,0.011911106464018743,0,0.00014036619331747507,0
40,87,0,0.011926884917473032,0,0.00032302349995962207,0,0.01909292152584418,0,0.000271845995400998,0
40,88,0,0.00837839312747944,0,0.01674641148325359,0,0.006522754691647264,0,0.00020261035803001014,0
40,89,0,0.015660269296606542,0,0.01674641148325359,0,0.006198379295940419,0,0.00031492027199537344,0
40,90,0,0.018139342232782026,0,0.01674641148325359,0,0.004531712629273752,0,0.00015573416742170986,0
40,91,0,0.020631070535240336,0,0.01674641148325359,0,0.012426263876290818,0,0.00010360939044658623,0
40,92,0,0.006700169183674724,0,0.01674641148325359,0,0.014303866482071903,0,0.0003421284741082631,0
40,93,0,0.012757468681151693,0,0.00032302349995962207,0,0.015288389108986737,0,0.00023451710369107139,0
40,94,0,0.005074888911607661,0,0.00032302349995962207,0,0.0035653852548403753,0,0.00014759979924778153,0
40,95,0,0.009655487632662102,0,0.00032302349995962207,0,0.026688103612875495,0,0.00032179699471693703,0
40,96,0,0.01735076722924033,0,0.00032302349995962207,0,0.013404406722579665,0,0.00010984636951801751,0
40,97,0,0.03229410064163892,0,0.00032302349995962207,0,0.012226314054743719,0,0.00041392894156526677,0
40,98,0,0.048113978147599566,0,0.00032302349995962207,0,0.03370976864992334,0,0.00020347801834001084,0
40,99,0,0.06303006289049237,0,0.00032302349995962207,0,0.005765844348523853,0,0.00011650185848887655,0
40,100,0,0.08892742177167454,0,0.00032302349995962207,0,0.021720244553957994,0,0.0003106704908975894,0
40,101,0,0.017287675909341656,0,0.00032302349995962207,0,0.0038650914700913723,0,0.00013662911415681942,0
40,102,0,0.049166837623891145,0,0.00032302349995962207,0,0.004749474961405385,0,0.00022685702992024926,0
40,103,0,0.010716748834438634,0,0.00032302349995962207,0,0.007780331461704806,0,0.00034741697698990767,0
40,104,0,0.029229833772734862,0,0.00032302349995962207,0,0.008958586022568554,0,0.00012044898779724416,0
40,105,0,0.017753485675898517,0,0.00032302349995962207,0,0.0005019166136647226,0,0.00021663434882438761,0
40,106,0,0.016007373598878844,0,0.00032302349995962207,0,0.02825921874270939,0,0.0006485553318503847,0
40,107,0,0.00898594947805013,0,0.00032302349995962207,0,0.017172237531111315,0,0.0002453592204474812,0
40,108,0,0.00718632952018975,0,0.5,1,0.02917397301734588,0,0.0003112404404783604,0
40,109,0,0.007895466309379326,0,0.5,1,0.0353976905063805,0,0.0002200846645774888,0
40,110,0,0.0035300884062882177,0,0.0,0,0.0576346901491437,0,0.0002004663720135378,0
40,111,0,0.0024047516478287855,0,0.0,0,0.018949868208637463,0,0.0003957186124428522,0
40,112,0,0.002559852556817216,0,0.0,0,0.034058738789724846,0,0.00014651816303324665,0
40,113,0,0.0025128288763098137,0,0.00032302349995962207,0,0.017251249796214393,0,0.00015319618848145175,0
40,114,0,0.0021006496197643124,0,0.00032302349995962207,0,0.019482306819996225,0,0.00018781419490076451,0
40,115,0,0.001531791064045363,0,0.00032302349995962207,0,0.02138108522494214,0,0.0001293687968749493,0
40,116,0,0.003422106049401779,0,0.00032302349995962207,0,0.018131860737699665,0,0.00017089465552264156,0
40,117,0,0.0020164406076951364,0,0.00032302349995962207,0,0.01446688511010517,0,0.00032381848320728264,0
40,118,0,0.005156578050752758,0,0.00032302349995962207,0,0.002852390107567063,0,8.876611801224468e-05,0
40,119,0,0.006722570081073816,0,0.00032302349995962207,0,0.0350646093591405,0,0.00018286396689745277,0
40,120,0,0.017654030542918024,0,0.0,0,0.04263921289289161,0,0.0002815793394672401,0
40,121,0,0.00675015831651371,0,0.0,0,0.03221628026301944,0,0.0005855720548944495,0
40,122,0,0.01759992135201306,0,0.0,0,0.046997010202278144,0,0.0008618447385464293,0
40,123,0,0.05097997157758169,0,0.0,0,0.039902049912681356,0,0.00023478745544040097,0
40,124,0,0.041192097301862476,0,0.5,1,0.05949353218315481,0,0.00043989978270642154,0
40,125,0,0.06038840447097744,0,0.00032302349995962207,0,0.06026818309572762,0,0.0002537098363012257,0
40,126,0,0.07634555159488207,0,0.0,0,0.08219567152609113,0,0.001000793129947645,0
40,127,0,0.029303974538428288,0,0.00032302349995962207,0,0.03746463439003617,0,0.0003699810452082197,0
40,128,0,0.017936105980813476,0,0.00032302349995962207,0,0.05805745340006453,0,0.0011446420487781985,0
40,129,0,0.015056380066601809,0,0.00032302349995962207,0,0.0700676900489454,0,0.004864833067942052,0
40,130,0,0.007070826305247386,0,0.0,0,0.03261189679497349,0,0.0010130071646928334,0
40,131,0,0.004950632433783357,0,0.01674641148325359,0,0.04739994396795313,0,0.0004081050598424021,0
40,132,0,0.013112573814991573,0,0.0,0,0.07580818018539977,0,0.002697462175633266,0
40,133,0,0.062050974523349574,0,0.0,0,0.09811440664710372,0,0.0017722195573659214,0
40,134,0,0.029487119032946395,0,0.0,0,0.1013183916425199,0,0.0007147429637224335,0
40,135,0,0.03707930476553586,0,0.0,0,0.14813822633881416,0,0.033133652680693904,0
40,136,0,0.032861505855330216,0,0.5,1,0.08169169862931465,0,0.0038924626000938476,0
40,137,0,0.0106991046707025,0,0.01674641148325359,0,0.07494548577871622,0,0.0027277460937105316,0
40,138,0,0.01250222465759692,0,0.01674641148325359,0,0.12108747621359316,0,0.0013004251536496182,0
40,139,0,0.011560576146135839,0,0.01674641148325359,0,0.09768311891952917,0,0.0004546056579012267,0
40,140,0,0.037474366386465556,0,0.01674641148325359,0,0.06501627559114613,0,0.0026114024233512426,0
40,141,0,0.05173380266183092,0,0.01674641148325359,0,0.07281919870947412,0,0.007185226013340731,0
40,142,0,0.07610388284882681,0,0.01674641148325359,0,0.061978837068629174,0,0.008830310446376093,0
40,143,0,0.03125914837366519,0,0.0,0,0.06998177297734379,0,0.005996830340302957,0
40,144,0,0.09057016080662632,0,0.0,0,0.1022235272510465,0,0.009496969860536355,0
40,145,0,0.06283407321049662,0,0.0,0,0.1593885845248187,0,0.06226872107136385,0
40,146,0,0.043801897640049756,0,0.0,0,0.10388475277377399,0,0.0019634775314322874,0
40,147,0,0.018052096949358904,0,0.0,0,0.16554648616279086,0,0.0009872198598618689,0
40,148,0,0.02000483219725475,0,0.0,0,0.1400571057451795,0,0.0052288501050057595,0
40,149,0,0.05522850017026626,0,0.0,0,0.19877223407338043,0,0.00802694748131328,0
40,150,0,0.05035834110002092,0,0.0,0,0.2281938945269879,0,0.03037052721880904,0
40,151,0,0.08196852196341142,0,0.0,0,0.1981139462957319,0,0.005669931018944477,0
40,152,0,0.1604620736142872,0,0.0,0,0.33376204526123493,0,0.031050372938590587,0
40,153,0,0.26319002594980045,0,0.0,0,0.26043785414717663,0,0.009961673754017058,0
40,154,0,0.3233861298985762,0,0.6,1,0.4455031229989503,0,0.30911833117283916,0
40,155,0,0.46619570998285403,0,0.01674641148325359,0,0.4411680857044125,0,0.23982006970631958,0
40,156,0,0.684750070302218,1,0.16666666666666666,0,0.5042338022290233,1,0.5318009680734221,1
40,157,0,0.7660100572548117,1,0.4,0,0.4985992962223118,0,0.30203722076666395,0
40,158,1,0.5647122005391515,1,0.0,0,0.5598075275169332,1,0.813980785883452,1
40,159,1,0.6311772186276842,1,0.0,0,0.6690821664469376,1,0.5465632310826348,1
40,160,1,0.6481631020010907,1,0.0,0,0.7025890043814645,1,0.785431821385988,1
40,161,1,0.7873266315732433,1,1.0,1,0.7027689758168084,1,0.7770343306244395,1
40,162,1,0.7976574940458558,1,1.0,1,0.7372852889692542,1,0.9461127453170923,1
40,163,1,0.7887836190157052,1,0.9230769230769231,1,0.6244719561185034,1,0.6215745060704854,1
40,164,1,0.7522533850348149,1,0.9230769230769231,1,0.6447235643595647,1,0.8972874071453102,1
40,165,1,0.8544277898663609,1,0.0,0,0.6989714119112537,1,0.9535093990701878,1
40,166,1,0.637091347647788,1,0.9230769230769231,1,0.745567401157445,1,0.9907294175681935,1
40,167,1,0.6919574141090239,1,1.0,1,0.7895611170701667,1,0.9931968635646566,1
40,168,1,0.7342898365049043,1,0.8,1,0.8243677389811129,1,0.9935173230306595,1
40,169,1,0.902547691693698,1,1.0,1,0.8475106217371129,1,0.9958864075617012,1
40,170,1,0.7616151252990174,1,1.0,1,0.8561791289250061,1,0.9893183012071205,1
40,171,1,0.7582072486422986,1,0.9892367906066536,1,0.88082871094043,1,0.990697559976646,1
40,172,1,0.9546006898129257,1,0.9892367906066536,1,0.8980328677097614,1,0.9979836277371416,1
40,173,1,0.9458296243985342,1,0.9892367906066536,1,0.9420630452713573,1,0.9956253042848289,1
40,174,1,0.9548142542708138,1,0.9892367906066536,1,0.964200033709565,1,0.9980710885481504,1
40,175,1,0.9762643632558694,1,0.9892367906066536,1,0.9757648821912841,1,0.9988068471858312,1
40,176,1,0.9850791969656613,1,0.9892367906066536,1,0.951444764586549,1,0.9993823372167164,1
40,177,1,0.9895232268319951,1,0.9892367906066536,1,0.9602397498285646,1,0.9982526327088029,1
40,178,1,0.987951329283986,1,0.9892367906066536,1,0.9532758120557052,1,0.9982423448044936,1
40,179,1,0.9813970483153621,1,0.9892367906066536,1,0.941824831195599,1,0.9990145598159732,1
40,180,1,0.9870918296756032,1,0.9892367906066536,1,0.9202344514617454,1,0.9991805820163763,1
40,181,1,0.9909331060767782,1,0.9892367906066536,1,0.9540599054827484,1,0.9980522515562205,1
40,182,1,0.9975272389105908,1,0.0,0,0.8846572712246186,1,0.9920724501267014,1
40,183,1,0.9963830141359398,1,0.0,0,0.8528330130220598,1,0.9789545483909764,1
40,184,1,0.9948355406977711,1,0.0,0,0.8551475082049411,1,0.9870801992473014,1
40,185,1,0.9976687735629421,1,0.0,0,0.7711292613843451,1,0.8405554923173395,1
40,186,1,0.9987456565785687,1,0.0,0,0.7399610788551577,1,0.8089349170307897,1
40,187,1,0.9977185233996222,1,0.9892367906066536,1,0.7850700427571299,1,0.8486184575926164,1
40,188,0,0.9989920828845261,1,0.0,0,0.729945759790987,1,0.6180202894536968,1
45,1,0,0.0010348747641171338,0,0.00032302349995962207,0,5.494985846062932e-05,0,1.3153906099581179e-05,0
45,2,0,1.7903319206565322e-05,0,0.00032302349995962207,0,5.8355153845590326e-05,0,1.3153906099581179e-05,0
45,3,0,2.22032601620674e-05,0,0.00032302349995962207,0,0.00205835515384559,0,1.3224762408692447e-05,0
45,4,0,9.025039206295584e-05,0,0.00032302349995962207,0,0.00205835515384559,0,1.3094772753202009e-05,0
45,5,0,2.6871724419406634e-05,0,0.00032302349995962207,0,0.00205835515384559,0,1.3962467559548862e-05,0
45,6,0,1.3631229587415789e-05,0,0.00032302349995962207,0,0.00205835515384559,0,1.4841555347820231e-05,0
45,7,0,2.0188083268009584e-05,0,0.00032302349995962207,0,5.8355153845590326e-05,0,1.3731015085746948e-05,0
45,8,0,7.839518413462547e-05,0,0.00032302349995962207,0,0.00014790739265156048,0,1.5327335833968556e-05,0
45,9,0,5.830573566738946e-06,0,0.00032302349995962207,0,5.8355153845590326e-05,0,1.3094772753202009e-05,0
45,10,0,1.7962574148140588e-06,0,0.00032302349995962207,0,5.8355153845590326e-05,0,1.3094772753202009e-05,0
45,11,0,3.14430468492669e-06,0,0.00032302349995962207,0,5.8355153845590326e-05,0,1.5829499124844175e-05,0
45,12,0,1.868052928473147e-06,0,0.00032302349995962207,0,5.8355153845590326e-05,0,1.341566477068218e-05,0
45,13,0,1.561381834795091e-06,0,0.00032302349995962207,0,5.589714483289062e-05,0,1.3804980072074473e-05,0
45,14,0,5.904335382558073e-07,0,0.00032302349995962207,0,5.8355153845590326e-05,0,1.3487931079454713e-05,0
45,15,0,3.4144013779059514e-06,0,0.00032302349995962207,0,5.8355153845590326e-05,0,1.345683107370047e-05,0
45,16,0,4.276520228876491e-06,0,0.00032302349995962207,0,5.8355153845590326e-05,0,1.3224731244514282e-05,0
45,17,0,4.955641267754963e-07,0,0.00032302349995962207,0,5.8355153845590326e-05,0,1.5500525897651846e-05,0
45,18,0,1.4350168162840024e-06,0,0.00032302349995962207,0,5.8355153845590326e-05,0,1.3224731244514282e-05,0
45,19,0,4.0838554442240696e-06,0,0.00032302349995962207,0,5.8355153845590326e-05,0,1.4644611779568845e-05,0
45,20,0,3.394611520768353e-06,0,0.00032302349995962207,0,5.8355153845590326e-05,0,1.386890314805939e-05,0
45,21,0,3.871274124617622e-06,0,0.00032302349995962207,0,5.8355153845590326e-05,0,1.3609753469481961e-05,0
45,22,0,3.968769307535382e-07,0,0.00032302349995962207,0,5.8355153845590326e-05,0,1.504976429249206e-05,0
45,23,0,4.2316601849717806e-07,0,0.00032302349995962207,0,5.8355153845590326e-05,0,1.3402580240962057e-05,0
45,24,0,1.028536476667891e-06,0,0.00032302349995962207,0,5.8355153845590326e-05,0,1.4430287529959237e-05,0
45,25,0,1.5553274565855164e-06,0,0.00032302349995962207,0,5.8355153845590326e-05,0,1.316674785952916e-05,0
45,26,0,2.020887700336312e-06,0,0.00032302349995962207,0,5.8355153845590326e-05,0,1.2851809659814438e-05,0
45,27,0,4.546985071464254e-06,0,0.00032302349995962207,0,5.8355153845590326e-05,0,1.4566182564807656e-05,0
45,28,0,3.9430988178262936e-07,0,0.00032302349995962207,0,5.8355153845590326e-05,0,1.3237673342592269e-05,0
45,29,0,3.631270971013759e-07,0,0.00032302349995962207,0,5.8355153845590326e-05,0,1.4231651833891421e-05,0
45,30,0,1.4993731125539973e-06,0,0.00032302349995962207,0,5.8355153845590326e-05,0,1.316674785952916e-05,0
45,31,0,5.406386923751016e-06,0,0.00032302349995962207,0,5.8355153845590326e-05,0,1.3224762408692447e-05,0
45,32,0,1.1209591875120349e-05,0,0.00032302349995962207,0,5.8355153845590326e-05,0,1.2851809659814438e-05,0
45,33,0,2.3263150342514812e-05,0,0.00032302349995962207,0,5.8355153845590326e-05,0,1.3476247181008988e-05,0
45,34,0,1.838137738757693e-05,0,0.00032302349995962207,0,5.8355153845590326e-05,0,1.3476247181008988e-05,0
45,35,0,2.244608654297974e-05,0,0.00032302349995962207,0,0.00022068969352446611,0,1.8336162870537077e-05,0
45,36,0,2.4108840839375046e-05,0,0.00032302349995962207,0,5.8355153845590326e-05,0,1.3153906099581179e-05,0
45,37,0,0.0010184379340035822,0,0.00032302349995962207,0,5.7537626049645266e-05,0,1.52678394308441e-05,0
45,38,0,0.0008934076724374351,0,0.00032302349995962207,0,5.8355153845590326e-05,0,1.3476247181008988e-05,0
45,39,0,0.001405107559961981,0,0.00032302349995962207,0,5.8355153845590326e-05,0,1.3224762408692447e-05,0
45,40,0,0.0005769138527681188,0,0.00032302349995962207,0,5.8355153845590326e-05,0,1.4566182564807656e-05,0
45,41,0,0.0005277340576511734,0,0.00032302349995962207,0,5.8355153845590326e-05,0,1.3476247181008988e-05,0
45,42,0,0.00026591745729713674,0,0.00032302349995962207,0,5.8355153845590326e-05,0,1.6658041262731878e-05,0
45,43,0,0.00010753069523613354,0,0.00032302349995962207,0,5.8355153845590326e-05,0,1.5599584353343086e-05,0
45,44,0,0.0002210252865551102,0,0.00032302349995962207,0,5.8355153845590326e-05,0,1.2921038683314014e-05,0
45,45,0,0.00022331151979921942,0,0.00032302349995962207,0,5.8355153845590326e-05,0,1.4685534437946015e-05,0
45,46,0,0.0001788000542657342,0,0.00032302349995962207,0,5.8355153845590326e-05,0,1.3077364637344943e-05,0
45,47,0,0.00016729322939244658,0,0.00032302349995962207,0,5.8355153845590326e-05,0,1.5966269339043065e-05,0
45,48,0,0.00012273843525449098,0,0.00032302349995962207,0,5.8355153845590326e-05,0,1.3492504862843999e-05,0
45,49,0,0.00018994823806996351,0,0.00032302349995962207,0,5.8355153845590326e-05,0,1.3153906099581179e-05,0
45,50,0,0.0002858167856175048,0,0.00032302349995962207,0,5.8355153845590326e-05,0,1.2755093307766863e-05,0
45,51,0,0.0009476762200058393,0,0.00032302349995962207,0,5.8355153845590326e-05,0,1.482431232833413e-05,0
45,52,0,0.0005941094601613605,0,0.00032302349995962207,0,5.8355153845590326e-05,0,1.702979768678462e-05,0
45,53,0,0.0007384545468690643,0,0.00032302349995962207,0,5.8355153845590326e-05,0,1.3404985194375969e-05,0
45,54,0,0.00047851483679890136,0,0.00032302349995962207,0,5.8355153845590326e-05,0,1.4905793666010991e-05,0
45,55,0,0.0005068496140358893,0,0.00032302349995962207,0,5.8355153845590326e-05,0,1.4986086748177631e-05,0
45,56,0,0.00010443795634499524,0,0.00032302349995962207,0,5.8355153845590326e-05,0,1.6142791440471606e-05,0
45,57,0,0.00019004201327008424,0,0.00032302349995962207,0,5.8355153845590326e-05,0,1.4917433729318411e-05,0
45,58,0,0.0002931434040938306,0,0.00032302349995962207,0,5.8355153845590326e-05,0,1.6368101083928713e-05,0
45,59,0,0.00020181194903046406,0,0.00032302349995962207,0,5.8355153845590326e-05,0,1.3224731244514282e-05,0
45,60,0,0.00014822273285304774,0,0.00032302349995962207,0,5.8355153845590326e-05,0,1.3684866244164959e-05,0
45,61,0,0.000664730104221408,0,0.00032302349995962207,0,5.8355153845590326e-05,0,1.3841887436269983e-05,0
45,62,0,0.00037682475953705505,0,0.00032302349995962207,0,5.8355153845590326e-05,0,1.3536834463477655e-05,0
45,63,0,0.00019863635963251217,0,0.00032302349995962207,0,5.8355153845590326e-05,0,1.3731015085746948e-05,0
45,64,0,0.0004580222389646954,0,0.00032302349995962207,0,5.8355153845590326e-05,0,1.3237673342592269e-05,0
45,65,0,0.00039356890121359286,0,0.00032302349995962207,0,0.00021900121737419173,0,1.6513296698255587e-05,0
45,66,0,0.00037885174069813443,0,0.00032302349995962207,0,5.8355153845590326e-05,0,1.3540451784622866e-05,0
45,67,0,0.0002741580569736533,0,0.00032302349995962207,0,5.8355153845590326e-05,0,1.5966269339043065e-05,0
45,68,0,0.00030688072014490523,0,0.00032302349995962207,0,5.7537626049645266e-05,0,1.4346534291877501e-05,0
45,69,0,0.00022479704437653242,0,0.00032302349995962207,0,5.8355153845590326e-05,0,1.2980546861354246e-05,0
45,70,0,0.0003742857873051249,0,0.00032302349995962207,0,5.8355153845590326e-05,0,1.381678408622297e-05,0
45,71,0,0.0006473610903664667,0,0.00032302349995962207,0,5.8355153845590326e-05,0,1.469139025007602e-05,0
45,72,0,0.0010912643242483354,0,0.00032302349995962207,0,5.8355153845590326e-05,0,1.2851809659814438e-05,0
45,73,0,0.0008493167940527885,0,0.00032302349995962207,0,5.8355153845590326e-05,0,1.421773948667815e-05,0
45,74,0,0.0012477246903277671,0,0.00032302349995962207,0,5.8355153845590326e-05,0,1.4141563029377538e-05,0
45,75,0,0.0008494679078778463,0,0.00032302349995962207,0,5.8355153845590326e-05,0,1.3424545636319578e-05,0
45,76,0,0.0005893023263420252,0,0.00032302349995962207,0,5.8355153845590326e-05,0,1.3153906099581179e-05,0
45,77,0,0.0004686028368018387,0,0.00032302349995962207,0,5.8355153845590326e-05,0,1.4430287529959237e-05,0
45,78,0,0.00014774308615726542,0,0.00032302349995962207,0,5.8355153845590326e-05,0,1.3153906099581179e-05,0
45,79,0,0.0006974898704210619,0,0.00032302349995962207,0,5.8355153845590326e-05,0,1.3285669375625655e-05,0
45,80,0,0.00038719033668433025,0,0.00032302349995962207,0,5.8355153845590326e-05,0,1.4044052652423731e-05,0
45,81,0,0.00047591882513870127,0,0.00032302349995962207,0,5.8355153845590326e-05,0,1.3285669375625655e-05,0
45,82,0,0.0002722429948587699,0,0.00032302349995962207,0,5.8355153845590326e-05,0,1.3529473646490214e-05,0
45,83,0,0.0001700279237391788,0,0.00032302349995962207,0,5.8355153845590326e-05,0,1.8034734779438957e-05,0
45,84,0,5.0460353082037154e-05,0,0.00032302349995962207,0,5.8355153845590326e-05,0,1.6283218436239054e-05,0
45,85,0,1.0654140837988095e-05,0,0.00032302349995962207,0,5.8355153845590326e-05,0,1.4141563029377538e-05,0
45,86,0,2.581490487946936e-05,0,0.00032302349995962207,0,5.8355153845590326e-05,0,1.532879475620187e-05,0
45,87,0,6.469325968236539e-05,0,0.00032302349995962207,0,5.8355153845590326e-05,0,1.3224762408692447e-05,0
45,88,0,2.850530127280662e-05,0,0.00032302349995962207,0,0.0002966901311046182,0,1.5046018376478148e-05,0
45,89,0,3.560841692800016e-05,0,0.00032302349995962207,0,5.8355153845590326e-05,0,1.3721144541674727e-05,0
45,90,0,0.00024319185479284753,0,0.00032302349995962207,0,5.8355153845590326e-05,0,1.35634119012764e-05,0
45,91,0,0.000235399454810905,0,0.0,0,0.00021171492510354845,0,1.7474035388211678e-05,0
45,92,0,0.00014553314856696742,0,0.00032302349995962207,0,5.8355153845590326e-05,0,1.5051407352642109e-05,0
45,93,0,0.00016607892857461345,0,0.00032302349995962207,0,5.8355153845590326e-05,0,1.3456862784816283e-05,0
45,94,0,0.001632323625851534,0,0.00032302349995962207,0,5.8355153845590326e-05,0,1.3658241204929799e-05,0
45,95,0,0.0015294127097318672,0,0.00032302349995962207,0,5.8355153845590326e-05,0,1.4769487343841003e-05,0
45,96,0,0.0018906004883482716,0,0.00032302349995962207,0,5.8355153845590326e-05,0,1.5641982379504494e-05,0
45,97,0,0.004714395897615366,0,0.00032302349995962207,0,0.011471760829053776,0,3.737586913768969e-05,0
45,98,0,0.003464498275551239,0,0.00032302349995962207,0,5.8355153845590326e-05,0,2.2647287430686662e-05,0
45,99,0,0.00666014035078852,0,0.00032302349995962207,0,5.8355153845590326e-05,0,2.1019641651308753e-05,0
45,100,0,0.012856105657254837,0,0.00032302349995962207,0,5.584099346872158e-05,0,2.1005243011687565e-05,0
45,101,0,0.016312089286006675,0,0.00032302349995962207,0,5.6668671005553225e-05,0,3.227610996667125e-05,0
45,102,0,0.007595315482698467,0,0.00032302349995962207,0,5.8355153845590326e-05,0,1.5992408465253502e-05,0
45,103,0,0.002723633348696318,0,0.00032302349995962207,0,5.7537626049645266e-05,0,2.1843376009542527e-05,0
45,104,0,0.0009206688345867051,0,0.0,0,5.751495892036768e-05,0,2.6504046126389118e-05,0
45,105,0,0.0006240946214817434,0,0.00032302349995962207,0,5.666667769531595e-05,0,2.1156918502804236e-05,0
45,106,0,0.0007382076019296323,0,0.00032302349995962207,0,9.000515851717775e-05,0,2.7208323343456405e-05,0
45,107,0,0.00025187400353127854,0,0.00032302349995962207,0,5.8355153845590326e-05,0,1.9272984059753614e-05,0
45,108,0,0.002013944870609166,0,0.00032302349995962207,0,5.8355153845590326e-05,0,3.692307557776928e-05,0
45,109,0,0.0017380831702351286,0,0.00032302349995962207,0,5.8355153845590326e-05,0,2.644469662345974e-05,0
45,110,0,0.001883377915355465,0,0.00032302349995962207,0,0.002064645238372759,0,2.2218195576553846e-05,0
45,111,0,0.000615531745803605,0,0.00032302349995962207,0,9.082268631312281e-05,0,2.360596171249744e-05,0
45,112,0,0.0010572619285882912,0,0.00032302349995962207,0,9.082268631312281e-05,0,4.265501083082424e-05,0
45,113,0,0.00714755427950683,0,0.00032302349995962207,0,0.0002744746246727339,0,2.628188313213273e-05,0
45,114,0,0.004768574251308703,0,0.00032302349995962207,0,5.4219779543498855e-05,0,6.243539379063121e-05,0
45,115,0,0.00441779038744412,0,0.0,0,0.009960785761520204,0,4.853199473641286e-05,0
45,116,0,0.015694370686703242,0,0.00032302349995962207,0,0.0017193014936591916,0,5.6937567881991344e-05,0
45,117,0,0.018052854404158197,0,0.00032302349995962207,0,0.007294230197522939,0,0.00012168919101297663,0
45,118,0,0.04241193102339314,0,0.00032302349995962207,0,0.020086802852847373,0,0.00044850949908984626,0
45,119,0,0.039354676408982214,0,0.00032302349995962207,0,0.0104716717985991,0,0.00047814119864015,0
45,120,0,0.13744693543884792,0,0.00032302349995962207,0,0.014039440319992897,0,0.000588746869747607,0
45,121,0,0.3578599007037836,0,0.00032302349995962207,0,0.02023858372095875,0,6.941123022003443e-05,0
45,122,0,0.5228685722067526,1,0.0,0,0.023875844452628105,0,0.00039914151947708835,0
45,123,0,0.6519212007339822,1,0.00032302349995962207,0,0.01596352955769684,0,0.00027352649974931827,0
45,124,0,0.36856774832881906,0,0.00032302349995962207,0,0.024035614200086264,0,0.00012838634666987908,0
45,125,0,0.5762872021627146,1,0.0,0,0.008053327850924042,0,0.0009865444743368563,0
45,126,0,0.39239302853806796,0,0.00032302349995962207,0,0.00606954092955903,0,0.0022114312815890115,0
45,127,0,0.2696041757010516,0,0.0,0,0.045212651073564765,0,0.0014264702640758363,0
45,128,1,0.375411939141847,0,0.0,0,0.04260173316279446,0,0.010056873208105955,0
45,129,1,0.6771316484578899,1,0.00032302349995962207,0,0.06305965192549758,0,0.04304472838213498,0
45,130,1,0.8341915101652184,1,0.0,0,0.10076830190832357,0,0.04066905048572037,0
45,131,1,0.7706173512110757,1,0.6,1,0.09834169730055203,0,0.5043170695648957,1
45,132,1,0.8077353119526312,1,0.0,0,0.13887548132773261,0,0.5394412060394767,1
45,133,1,0.7092550468490123,1,0.2,0,0.20205833119752337,0,0.8236216852560715,1
45,134,1,0.5944289202979158,1,0.9642857142857143,1,0.25364327711144957,0,0.7542808219002833,1
45,135,1,0.22412625170027345,0,0.9642857142857143,1,0.30073318383288017,0,0.7865711184492629,1
45,136,1,0.33095970663626373,0,0.9642857142857143,1,0.3619717736601984,0,0.9697568153880224,1
45,137,1,0.4993269930998065,0,0.9642857142857143,1,0.4067761598100581,0,0.9233210813644693,1
45,138,1,0.5773613228277106,1,1.0,1,0.4198106894871602,0,0.9774222282883324,1
45,139,1,0.48502736806562075,0,1.0,1,0.6601024058444502,1,0.9898621436787102,1
45,140,1,0.7003667676689453,1,1.0,1,0.7559999660741501,1,0.9979382834677637,1
45,141,1,0.7445025238105664,1,1.0,1,0.8435465690272642,1,0.9943540701546288,1
45,142,1,0.708930199447314,1,1.0,1,0.8370735246673161,1,0.9985592577902523,1
45,143,1,0.8510051450892977,1,1.0,1,0.818490340552364,1,0.99794335218904,1
45,144,1,0.8863376168897462,1,1.0,1,0.8666882602006736,1,0.9982358181827945,1
45,145,1,0.9225288597747446,1,1.0,1,0.885607509769169,1,0.998061707190074,1
45,146,1,0.9799238976119881,1,0.975609756097561,1,0.9073931106882774,1,0.9975044634470821,1
45,147,1,0.9888710700107904,1,0.975609756097561,1,0.9600133416148746,1,0.9910291783194997,1
45,148,1,0.9968485633085098,1,0.975609756097561,1,0.9435538682358817,1,0.9944495174021519,1
45,149,1,0.9980235568912603,1,0.975609756097561,1,0.9830431216535384,1,0.9979085724060103,1
45,150,1,0.9987069867721372,1,0.975609756097561,1,0.9794316277392862,1,0.9957482293781506,1
45,151,1,0.9986673199427478,1,0.975609756097561,1,0.988163734545396,1,0.993349004556457,1
45,152,1,0.9999479602730094,1,0.9892367906066536,1,0.9533904781379455,1,0.9990832581939325,1
45,153,1,0.9999820581650898,1,0.9892367906066536,1,0.9489187554432504,1,0.9980829618871694,1
45,154,1,0.9999737460625309,1,0.9892367906066536,1,0.9329346923414558,1,0.9981902108480935,1
45,155,1,0.9999940130131562,1,0.9892367906066536,1,0.9149410808855979,1,0.9958063185250243,1
45,156,1,0.9999966087217997,1,0.9787234042553191,1,0.8894746756168999,1,0.9951778593903554,1
45,157,1,0.9999935167224182,1,0.9787234042553191,1,0.8028828715030164,1,0.8822677188866451,1
45,158,0,0.9999890421724416,1,0.4,0,0.6473803938159683,1,0.11035937887612157,0
46,1,0,3.5300434369650465e-12,0,0.00032302349995962207,0,0.028434125099518953,0,4.077799951140184e-05,0
46,2,0,1.1689222881257967e-11,0,0.00032302349995962207,0,5.8355153845590326e-05,0,1.6908597084149794e-05,0
46,3,0,5.082641879568939e-10,0,0.00032302349995962207,0,5.8355153845590326e-05,0,1.55826366833015e-05,0
46,4,0,5.243842791834475e-08,0,0.00032302349995962207,0,5.8355153845590326e-05,0,2.2867283321663934e-05,0
46,5,0,9.997121717386632e-08,0,0.00032302349995962207,0,5.8355153845590326e-05,0,1.9763060232007953e-05,0
46,6,0,8.636165434452674e-08,0,0.00032302349995962207,0,5.8355153845590326e-05,0,1.4231651833891421e-05,0
46,7,0,2.254210595438011e-07,0,0.00032302349995962207,0,5.8355153845590326e-05,0,1.3153906099581179e-05,0
46,8,0,5.577303411983487e-07,0,0.00032302349995962207,0,5.8355153845590326e-05,0,1.2921038683314014e-05,0
46,9,0,3.19642588794934e-07,0,0.00032302349995962207,0,5.8355153845590326e-05,0,1.5599584353343086e-05,0
46,10,0,1.3855875594944443e-06,0,0.00032302349995962207,0,5.8355153845590326e-05,0,1.2921038683314014e-05,0
46,11,0,5.608178940055235e-06,0,0.00032302349995962207,0,5.8355153845590326e-05,0,1.2851809659814438e-05,0
46,12,0,8.552902258253006e-06,0,0.00032302349995962207,0,5.8355153845590326e-05,0,1.2772389299483782e-05,0
46,13,0,1.6350862782976988e-05,0,0.00032302349995962207,0,5.8355153845590326e-05,0,1.3476247181008988e-05,0
46,14,0,1.2789658193508164e-05,0,0.00032302349995962207,0,5.8355153845590326e-05,0,1.3085381300284662e-05,0
46,15,0,1.968995230307073e-05,0,0.00032302349995962207,0,5.8355153845590326e-05,0,1.6386041702661444e-05,0
46,16,0,0.00020088588805438793,0,0.00032302349995962207,0,5.8355153845590326e-05,0,1.3224762408692447e-05,0
46,17,0,0.00010705560240792354,0,0.00032302349995962207,0,5.8355153845590326e-05,0,1.3476247181008988e-05,0
46,18,0,0.00014980915331421223,0,0.00032302349995962207,0,5.8355153845590326e-05,0,1.4783906323485846e-05,0
46,19,0,0.00014496913480355553,0,0.00032302349995962207,0,5.8355153845590326e-05,0,1.8011554111485246e-05,0
46,20,0,9.631548959386479e-05,0,0.00032302349995962207,0,5.8355153845590326e-05,0,1.2851809659814438e-05,0
46,21,0,0.00010026611630253286,0,0.00032302349995962207,0,5.8355153845590326e-05,0,1.4491984940280804e-05,0
46,22,0,1.2981913975650032e-05,0,0.00032302349995962207,0,5.8355153845590326e-05,0,1.5226455514058391e-05,0
46,23,0,9.110214422529607e-07,0,0.00032302349995962207,0,5.8355153845590326e-05,0,1.3548839825295053e-05,0
46,24,0,1.875643454564295e-06,0,0.00032302349995962207,0,5.8355153845590326e-05,0,1.4430287529959237e-05,0
46,25,0,3.647342826928889e-06,0,0.00032302349995962207,0,5.8355153845590326e-05,0,1.316674785952916e-05,0
46,26,0,1.990536061401691e-06,0,0.00032302349995962207,0,5.8355153845590326e-05,0,1.3153906099581179e-05,0
46,27,0,3.3157910261200463e-07,0,0.00032302349995962207,0,5.8355153845590326e-05,0,1.469139025007602e-05,0
46,28,0,2.595534597940679e-07,0,0.00032302349995962207,0,5.8355153845590326e-05,0,1.3224762408692447e-05,0
46,29,0,2.5487621887302845e-07,0,0.00032302349995962207,0,5.8355153845590326e-05,0,1.5428770045963733e-05,0
46,30,0,5.486311931644465e-07,0,0.00032302349995962207,0,5.8355153845590326e-05,0,1.3224762408692447e-05,0
46,31,0,1.292292033309885e-07,0,0.00032302349995962207,0,5.8355153845590326e-05,0,1.3224762408692447e-05,0
46,32,0,1.904238475910303e-07,0,0.00032302349995962207,0,5.8355153845590326e-05,0,1.3474776068104381e-05,0
46,33,0,5.955885502853746e-07,0,0.00032302349995962207,0,5.8355153845590326e-05,0,1.4969130041223209e-05,0
46,34,0,6.260572486768548e-07,0,0.00032302349995962207,0,5.8355153845590326e-05,0,1.3474776068104381e-05,0
46,35,0,4.3061232277433896e-07,0,0.00032302349995962207,0,5.8355153845590326e-05,0,1.3731015085746948e-05,0
46,36,0,7.673150035770592e-07,0,0.00032302349995962207,0,5.8355153845590326e-05,0,1.3402580240962057e-05,0
46,37,0,1.1914685714429614e-06,0,0.00032302349995962207,0,5.8355153845590326e-05,0,1.504976429249206e-05,0
46,38,0,1.7270197433154189e-06,0,0.00032302349995962207,0,5.8355153845590326e-05,0,1.5029093218140665e-05,0
46,39,0,1.1501901219333054e-06,0,0.00032302349995962207,0,5.8355153845590326e-05,0,1.3804980072074473e-05,0
46,40,0,1.2846478279447517e-06,0,0.00032302349995962207,0,5.8355153845590326e-05,0,1.520525223701221e-05,0
46,41,0,1.557188534746245e-05,0,0.00032302349995962207,0,5.8355153845590326e-05,0,1.3747580114170272e-05,0
46,42,0,3.6761692424931685e-05,0,0.00032302349995962207,0,5.8355153845590326e-05,0,1.6268110245572024e-05,0
46,43,0,3.352095458754932e-05,0,0.00032302349995962207,0,5.8355153845590326e-05,0,1.3747580114170272e-05,0
46,44,0,5.807717331397915e-05,0,0.00032302349995962207,0,5.8355153845590326e-05,0,1.4226427309992688e-05,0
46,45,0,4.658204072519596e-05,0,0.00032302349995962207,0,5.8355153845590326e-05,0,1.4841555347820231e-05,0
46,46,0,6.603790119532834e-05,0,0.00032302349995962207,0,0.00022068969352446611,0,1.4075273913293384e-05,0
46,47,0,6.680904237694915e-05,0,0.00032302349995962207,0,5.8355153845590326e-05,0,1.3094772753202009e-05,0
46,48,0,4.160035867493818e-05,0,0.00032302349995962207,0,5.8355153845590326e-05,0,1.3402580240962057e-05,0
46,49,0,3.391670866753467e-05,0,0.00032302349995962207,0,5.8355153845590326e-05,0,1.341566477068218e-05,0
46,50,0,0.0001307275839157687,0,0.00032302349995962207,0,5.8355153845590326e-05,0,1.3428738552541199e-05,0
46,51,0,5.725900981387133e-05,0,0.00032302349995962207,0,5.8355153845590326e-05,0,1.5226455514058391e-05,0
46,52,0,2.6052461856671757e-05,0,0.00032302349995962207,0,5.8355153845590326e-05,0,1.3153906099581179e-05,0
46,53,0,5.111417678076863e-05,0,0.00032302349995962207,0,5.8355153845590326e-05,0,1.317957907103762e-05,0
46,54,0,8.392495223242169e-05,0,0.00032302349995962207,0,5.8355153845590326e-05,0,1.3364977783529222e-05,0
46,55,0,9.32805198009983e-05,0,0.00032302349995962207,0,5.8355153845590326e-05,0,1.3153906099581179e-05,0
46,56,0,0.00019778963173330564,0,0.00032302349995962207,0,5.8355153845590326e-05,0,1.3153906099581179e-05,0
46,57,0,0.0001340877068777847,0,0.00032302349995962207,0,5.8355153845590326e-05,0,1.458040306737201e-05,0
46,58,0,0.00018174428191926648,0,0.00032302349995962207,0,5.8355153845590326e-05,0,1.458040306737201e-05,0
46,59,0,5.341628723208577e-05,0,0.00032302349995962207,0,5.8355153845590326e-05,0,1.4764641066605228e-05,0
46,60,0,2.20091136027408e-05,0,0.00032302349995962207,0,5.8355153845590326e-05,0,1.5051407352642109e-05,0
46,61,0,2.095346624724772e-05,0,0.00032302349995962207,0,5.8355153845590326e-05,0,1.2851809659814438e-05,0
46,62,0,2.1913779921699314e-05,0,0.00032302349995962207,0,5.8355153845590326e-05,0,1.2851809659814438e-05,0
46,63,0,2.4170590760398212e-05,0,0.00032302349995962207,0,5.8355153845590326e-05,0,1.3548839825295053e-05,0
46,64,0,2.877046211343665e-05,0,0.00032302349995962207,0,5.8355153845590326e-05,0,1.5659878171155704e-05,0
46,65,0,1.8273989847064736e-05,0,0.00032302349995962207,0,5.8355153845590326e-05,0,1.421773948667815e-05,0
46,66,0,2.7837927191396578e-05,0,0.00032302349995962207,0,5.8355153845590326e-05,0,1.3384762933071771e-05,0
46,67,0,0.00026960178862641115,0,0.00032302349995962207,0,5.8355153845590326e-05,0,1.5513779673865128e-05,0
46,68,0,0.0002827106514578024,0,0.00032302349995962207,0,5.8355153845590326e-05,0,1.4566182564807656e-05,0
46,69,0,0.00033553215706727654,0,0.00032302349995962207,0,5.8355153845590326e-05,0,1.3153906099581179e-05,0
46,70,0,0.0002590970137328378,0,0.00032302349995962207,0,5.8355153845590326e-05,0,1.8458857658826088e-05,0
46,71,0,0.00013226220402161944,0,0.00032302349995962207,0,5.8355153845590326e-05,0,1.3159673179672539e-05,0
46,72,0,0.00010334456084921267,0,0.00032302349995962207,0,5.8355153845590326e-05,0,1.346900620502925e-05,0
46,73,0,3.705109000860865e-05,0,0.00032302349995962207,0,5.8355153845590326e-05,0,1.4508019238999033e-05,0
46,74,0,7.458504670567932e-06,0,0.00032302349995962207,0,0.00022068969352446611,0,1.6231730869736176e-05,0
46,75,0,9.319637609685158e-07,0,0.00032302349995962207,0,5.8355153845590326e-05,0,1.3541559844801046e-05,0
46,76,0,8.422638249418722e-08,0,0.00032302349995962207,0,5.8355153845590326e-05,0,1.3658241204929799e-05,0
46,77,0,8.002259369711385e-08,0,0.00032302349995962207,0,5.8355153845590326e-05,0,1.330446592908018e-05,0
46,78,0,6.782341037185514e-08,0,0.00032302349995962207,0,5.8355153845590326e-05,0,1.3153906099581179e-05,0
46,79,0,6.704372195753211e-08,0,0.00032302349995962207,0,5.8355153845590326e-05,0,1.2851809659814438e-05,0
46,80,0,8.366648551511834e-08,0,0.00032302349995962207,0,5.8355153845590326e-05,0,1.2851809659814438e-05,0
46,81,0,4.122608574736222e-08,0,0.00032302349995962207,0,5.8355153845590326e-05,0,1.4374811296861551e-05,0
46,82,0,1.3338745504091774e-07,0,0.00032302349995962207,0,5.8355153845590326e-05,0,1.381678408622297e-05,0
46,83,0,1.0514762992855364e-06,0,0.00032302349995962207,0,5.8355153845590326e-05,0,1.2851809659814438e-05,0
46,84,0,4.4377643262350884e-07,0,0.00032302349995962207,0,5.8355153845590326e-05,0,1.3823486124164472e-05,0
46,85,0,1.6252381753833688e-07,0,0.00032302349995962207,0,5.8355153845590326e-05,0,1.2921038683314014e-05,0
46,86,0,6.11556070097714e-07,0,0.00032302349995962207,0,5.8355153845590326e-05,0,1.2921038683314014e-05,0
46,87,0,1.6423164679011747e-06,0,0.00032302349995962207,0,5.8355153845590326e-05,0,1.3224762408692447e-05,0
46,88,0,2.7031768348577037e-06,0,0.00032302349995962207,0,5.8355153845590326e-05,0,1.4231651833891421e-05,0
46,89,0,2.3237422405104777e-06,0,0.00032302349995962207,0,5.8355153845590326e-05,0,1.3492504862843999e-05,0
46,90,0,1.905985654964878e-05,0,0.00032302349995962207,0,5.8355153845590326e-05,0,1.2851809659814438e-05,0
46,91,0,1.1350529769813636e-05,0,0.00032302349995962207,0,5.8355153845590326e-05,0,1.5897806258877896e-05,0
46,92,0,9.162858680222163e-06,0,0.00032302349995962207,0,0.00022068969352446611,0,1.2851809659814438e-05,0
46,93,0,2.6681120862417084e-06,0,0.00032302349995962207,0,5.8355153845590326e-05,0,1.2921038683314014e-05,0
46,94,0,2.7261359503626764e-06,0,0.00032302349995962207,0,5.8355153845590326e-05,0,1.3805074619199706e-05,0
46,95,0,1.658357045216963e-06,0,0.00032302349995962207,0,5.8355153845590326e-05,0,1.3891211078802924e-05,0
46,96,0,1.6281794259746657e-06,0,0.00032302349995962207,0,5.8355153845590326e-05,0,1.4141563029377538e-05,0
46,97,0,3.043543791019986e-07,0,0.00032302349995962207,0,5.8355153845590326e-05,0,1.542077774672972e-05,0
46,98,0,1.0071547751561836e-07,0,0.00032302349995962207,0,5.8355153845590326e-05,0,1.469139025007602e-05,0
46,99,0,1.1939807333973837e-07,0,0.00032302349995962207,0,5.8355153845590326e-05,0,1.3153906099581179e-05,0
46,100,0,1.283039305061218e-07,0,0.00032302349995962207,0,5.8355153845590326e-05,0,1.3891211078802924e-05,0
46,101,0,5.930570541021883e-07,0,0.00032302349995962207,0,5.8355153845590326e-05,0,1.317957907103762e-05,0
46,102,0,2.616424987219225e-06,0,0.00032302349995962207,0,5.8355153845590326e-05,0,1.421773948667815e-05,0
46,103,0,2.5170434227571754e-06,0,0.00032302349995962207,0,5.8355153845590326e-05,0,1.2876893025921281e-05,0
46,104,0,1.6815281243968915e-06,0,0.00032302349995962207,0,5.8355153845590326e-05,0,1.561478636685287e-05,0
46,105,0,1.2849691588601538e-06,0,0.00032302349995962207,0,5.8355153845590326e-05,0,1.3250573671230123e-05,0
46,106,0,3.819667559116817e-05,0,0.00032302349995962207,0,5.8355153845590326e-05,0,1.2980546861354246e-05,0
46,107,0,8.349841275413676e-05,0,0.00032302349995962207,0,5.8355153845590326e-05,0,1.2969821344124397e-05,0
46,108,0,0.00030362293138993477,0,0.00032302349995962207,0,5.8355153845590326e-05,0,1.316674785952916e-05,0
46,109,0,0.00018504083056290697,0,0.00032302349995962207,0,5.8355153845590326e-05,0,1.3962467559548862e-05,0
46,110,0,0.00021368376126287115,0,0.00032302349995962207,0,5.8355153845590326e-05,0,1.2921038683314014e-05,0
46,111,0,0.00015541828871407944,0,0.00032302349995962207,0,5.8355153845590326e-05,0,1.7837635172296475e-05,0
46,112,0,0.00029099735164155234,0,0.00032302349995962207,0,5.8355153845590326e-05,0,1.878549458565335e-05,0
46,113,0,0.00031818058864013646,0,0.00032302349995962207,0,5.8355153845590326e-05,0,1.5051407352642109e-05,0
46,114,0,0.0004361433616132237,0,0.00032302349995962207,0,5.8355153845590326e-05,0,1.5087326827835411e-05,0
46,115,0,0.0003355881444894248,0,0.00032302349995962207,0,5.342312207188121e-05,0,1.410233011831423e-05,0
46,116,0,9.04540025087421e-05,0,0.00032302349995962207,0,0.0027067471782868187,0,1.3844216909905849e-05,0
46,117,0,0.00011563571380383189,0,0.00032302349995962207,0,5.8355153845590326e-05,0,1.3529473646490214e-05,0
46,118,0,0.0003068166391146846,0,0.00032302349995962207,0,5.8355153845590326e-05,0,1.6506159412232557e-05,0
46,119,0,0.00021242603905686198,0,0.00032302349995962207,0,5.8355153845590326e-05,0,1.3153906099581179e-05,0
46,120,0,0.0003636962913984242,0,0.00032302349995962207,0,5.8355153845590326e-05,0,1.3476247181008988e-05,0
46,121,0,5.568933452347977e-05,0,0.00032302349995962207,0,5.6709948512813616e-05,0,1.4627632037101576e-05,0
46,122,0,4.3884473824977886e-05,0,0.00032302349995962207,0,0.0029120927156034856,0,1.5045276462434135e-05,0
46,123,0,3.4610707881479226e-05,0,0.00032302349995962207,0,5.8355153845590326e-05,0,1.539655082863546e-05,0
46,124,0,2.54604211806262e-05,0,0.00032302349995962207,0,5.8355153845590326e-05,0,1.3548839825295053e-05,0
46,125,0,1.4083511281091236e-05,0,0.00032302349995962207,0,5.8355153845590326e-05,0,1.3602353002444983e-05,0
46,126,0,3.5066648799660765e-05,0,0.00032302349995962207,0,5.8355153845590326e-05,0,1.4905793666010991e-05,0
46,127,0,3.245463159880103e-05,0,0.00032302349995962207,0,5.8355153845590326e-05,0,1.4923131459763466e-05,0
46,128,0,4.837235654159759e-05,0,0.00032302349995962207,0,5.8355153845590326e-05,0,1.4680867836196047e-05,0
46,129,0,6.806305565173169e-05,0,0.00032302349995962207,0,9.082268631312281e-05,0,1.40230696833047e-05,0
46,130,0,0.0001077950943789135,0,0.00032302349995962207,0,5.7537626049645266e-05,0,1.2980546861354246e-05,0
46,131,0,2.366720073678506e-05,0,0.00032302349995962207,0,5.8355153845590326e-05,0,1.693221821741688e-05,0
46,132,0,1.5512422685677732e-05,0,0.00032302349995962207,0,5.8355153845590326e-05,0,1.4822956162120793e-05,0
46,133,0,2.3402627311332763e-05,0,0.00032302349995962207,0,5.8355153845590326e-05,0,1.3476247181008988e-05,0
46,134,0,2.213525083146368e-05,0,0.00032302349995962207,0,5.8355153845590326e-05,0,1.2980546861354246e-05,0
46,135,0,1.677305339794002e-05,0,0.00032302349995962207,0,5.8355153845590326e-05,0,1.539655082863546e-05,0
46,136,0,4.678892819915238e-06,0,0.00032302349995962207,0,5.8355153845590326e-05,0,1.3384762933071771e-05,0
46,137,0,1.1658102566203463e-05,0,0.00032302349995962207,0,5.8355153845590326e-05,0,1.3153906099581179e-05,0
46,138,0,1.7643786886538364e-05,0,0.00032302349995962207,0,5.8355153845590326e-05,0,1.4892868540723484e-05,0
46,139,0,5.022409949337263e-05,0,0.00032302349995962207,0,5.8355153845590326e-05,0,1.3476247181008988e-05,0
46,140,0,3.125346535522954e-05,0,0.00032302349995962207,0,5.8355153845590326e-05,0,1.3492504862843999e-05,0
46,141,0,0.00012990637032205161,0,0.00032302349995962207,0,0.0002125551200287711,0,1.3384762933071771e-05,0
46,142,0,0.00047028756530055144,0,0.00032302349995962207,0,5.8355153845590326e-05,0,1.7398994147476e-05,0
46,143,0,0.0002703762588139697,0,0.00032302349995962207,0,5.8355153845590326e-05,0,1.7384672542706847e-05,0
46,144,0,0.0002092989160587383,0,0.00032302349995962207,0,5.8355153845590326e-05,0,1.5520975094246464e-05,0
46,145,0,0.0003019873356902956,0,0.00032302349995962207,0,5.8355153845590326e-05,0,1.6353899439584638e-05,0
46,146,0,0.00031870899411315335,0,0.00032302349995962207,0,5.8355153845590326e-05,0,1.468759464132821e-05,0
46,147,0,0.000782183027511586,0,0.00032302349995962207,0,5.8355153845590326e-05,0,1.7711923897571394e-05,0
46,148,0,0.0003072278210846554,0,0.00032302349995962207,0,5.8355153845590326e-05,0,1.341566477068218e-05,0
46,149,0,0.0002342128328383684,0,0.00032302349995962207,0,0.005236926582417019,0,1.6331067752225037e-05,0
46,150,0,0.0009335732719027375,0,0.0,0,5.751495892036768e-05,0,1.7952808745111672e-05,0
46,151,0,0.0015880017425369626,0,0.00032302349995962207,0,5.8355153845590326e-05,0,1.3390093121518918e-05,0
46,152,0,0.001909469635372194,0,0.0,0,5.751495892036768e-05,0,1.9232337858380363e-05,0
46,153,0,0.0005813811813117681,0,0.0,0,5.751495892036768e-05,0,2.1104554533256875e-05,0
46,154,0,0.0006193583628356438,0,0.00032302349995962207,0,5.8355153845590326e-05,0,1.546672246093448e-05,0
46,155,0,0.0003553021657672161,0,0.00032302349995962207,0,0.00036805776930021156,0,1.3102322966726961e-05,0
46,156,0,0.0006225125392898668,0,0.00032302349995962207,0,5.8355153845590326e-05,0,1.6937705354942678e-05,0
46,157,0,0.0005088787733311371,0,0.00032302349995962207,0,5.8355153845590326e-05,0,1.2987705021473637e-05,0
46,158,0,0.000977549609961888,0,0.00032302349995962207,0,5.8355153845590326e-05,0,1.7063176761409572e-05,0
46,159,0,0.0008173990857573377,0,0.00032302349995962207,0,5.8355153845590326e-05,0,1.4676503407524137e-05,0
46,160,0,0.0005676827060633183,0,0.00032302349995962207,0,5.8355153845590326e-05,0,1.4663317373514817e-05,0
46,161,0,0.0011657584360615619,0,0.00032302349995962207,0,5.8355153845590326e-05,0,1.3857808715431308e-05,0
46,162,0,0.0010645896078189008,0,0.00032302349995962207,0,5.8355153845590326e-05,0,1.5943151932560177e-05,0
46,163,0,0.002235237774163954,0,0.00032302349995962207,0,5.8355153845590326e-05,0,1.3891211078802924e-05,0
46,164,0,0.0005826506707636282,0,0.00032302349995962207,0,0.00036805776930021156,0,1.4856987496539609e-05,0
46,165,0,0.0004891399736568964,0,0.00032302349995962207,0,5.8355153845590326e-05,0,1.612054218832695e-05,0
46,166,0,0.000524502090385443,0,0.00032302349995962207,0,5.8355153845590326e-05,0,1.6474596486989777e-05,0
46,167,0,0.0003119820500635973,0,0.00032302349995962207,0,5.8355153845590326e-05,0,1.3181840755789017e-05,0
46,168,0,0.00023133521298869666,0,0.00032302349995962207,0,5.8355153845590326e-05,0,1.3842116625161028e-05,0
46,169,0,0.00028768097356157463,0,0.00032302349995962207,0,9.000515851717775e-05,0,1.8584011790102525e-05,0
46,170,0,0.0011994855139987341,0,0.00032302349995962207,0,5.751495892036768e-05,0,1.774297766656383e-05,0
46,171,0,0.00029298617916070457,0,0.00032302349995962207,0,5.8355153845590326e-05,0,1.685181472466715e-05,0
46,172,0,0.0001830484476240871,0,0.00032302349995962207,0,0.00041447465565655245,0,1.4289645261957327e-05,0
46,173,0,0.0002607849250477126,0,0.0,0,0.00027363442974751126,0,1.6718895000649105e-05,0
46,174,0,0.0009839166450824736,0,0.0,0,0.002273967979004711,0,1.8466598966410605e-05,0
46,175,0,0.0014715080217734206,0,0.00032302349995962207,0,5.667778855619857e-05,0,1.4019661253658393e-05,0
46,176,0,0.0021979720253779422,0,0.00032302349995962207,0,0.00021171794966460197,0,1.7059683816785823e-05,0
46,177,0,0.0009980691687371337,0,0.00032302349995962207,0,5.8355153845590326e-05,0,1.7559382872505685e-05,0
46,178,0,0.0012435436586842902,0,0.00032302349995962207,0,0.00013945144963296765,0,2.6443869942024387e-05,0
46,179,0,0.0015039393625645016,0,0.0,0,0.000292054990614114,0,2.6546064824783656e-05,0
46,180,0,0.0004972534293855174,0,0.00032302349995962207,0,0.012428123948832389,0,5.223204399736664e-05,0
46,181,0,0.0014938605569558001,0,0.00032302349995962207,0,0.010592782866525551,0,4.3109491007464684e-05,0
46,182,0,0.0027549990731390965,0,0.0,0,0.0035051988641880668,0,4.618573723844481e-05,0
46,183,0,0.003032045378737612,0,0.00032302349995962207,0,0.0033900302313397564,0,3.9945323016837526e-05,0
46,184,0,0.0027596326002576103,0,0.00032302349995962207,0,5.8355153845590326e-05,0,4.161695592699606e-05,0
46,185,0,0.0019001507477840202,0,0.00032302349995962207,0,0.0002067471782868188,0,1.6912346861670588e-05,0
46,186,0,0.002595847455202993,0,0.00032302349995962207,0,5.8355153845590326e-05,0,2.0761425429737913e-05,0
46,187,0,0.0030494653435085843,0,0.00032302349995962207,0,5.584914989937089e-05,0,3.2515211682934754e-05,0
46,188,0,0.006326610995097952,0,0.0,0,0.00015508893556529104,0,2.6490385540852677e-05,0
46,189,0,0.0031378119796334506,0,0.00032302349995962207,0,0.019185387221162826,0,6.403101165786841e-05,0
46,190,0,0.0044867469700745,0,0.0,0,0.020614974778881568,0,4.169135403304246e-05,0
46,191,0,0.010246681168796366,0,0.00032302349995962207,0,0.00803691686183944,0,6.449641904010948e-05,0
46,192,0,0.02508250678346841,0,0.00032302349995962207,0,0.0115339039955516,0,4.667929193219488e-05,0
46,193,0,0.09871452228322342,0,0.2,0,0.008544875476262637,0,0.00014927425916164694,0
46,194,0,0.058016792963327145,0,0.00032302349995962207,0,0.026442556045369013,0,0.0002683186802979806,0
46,195,0,0.018829453535390957,0,0.0,0,0.03323541182613628,0,0.00039693807064847616,0
46,196,0,0.019824790032850422,0,0.0,0,0.029696864337266607,0,0.00022856091802159575,0
46,197,0,0.0142431374695442,0,0.0,0,0.036843404470472144,0,0.00021529160897147803,0
46,198,0,0.010980646567718818,0,0.00032302349995962207,0,0.025093000318086506,0,0.000932042194307743,0
46,199,0,0.0367395691899648,0,0.00032302349995962207,0,0.06054898141019992,0,0.006737427101554992,0
46,200,0,0.020608553214547475,0,0.0,0,0.04777751364701729,0,0.007161595689639203,0
46,201,0,0.06951553172013518,0,0.0,0,0.023449865940442995,0,0.013653944588099058,0
46,202,0,0.06892266172272117,0,0.0,0,0.04693216066127857,0,0.002134338374076233,0
46,203,0,0.10989194337789292,0,0.0,0,0.1127581873958706,0,0.010707761243700913,0
46,204,0,0.16845954414787634,0,0.0,0,0.030886596467784688,0,0.007081732556803112,0
46,205,0,0.09726904876556168,0,0.0,0,0.031165035769557634,0,0.0034535229998554546,0
46,206,0,0.17598033403292693,0,0.0,0,0.04949082464422159,0,0.005487642512465137,0
46,207,0,0.14202759302721632,0,0.0,0,0.06861528540601008,0,0.002790893657717027,0
46,208,0,0.09460797323257512,0,0.625,1,0.10745579381446597,0,0.00046843881175145756,0
46,209,0,0.27471837826992174,0,0.0,0,0.258475441998427,0,0.0014167721548849605,0
46,210,0,0.3109528711455244,0,0.0,0,0.2806458857419806,0,0.0064255519776558944,0
46,211,0,0.3399402134930406,0,0.0,0,0.27144713025308376,0,0.011931054813628944,0
46,212,0,0.2706742774342344,0,0.3333333333333333,0,0.244636557656333,0,0.011153282785960636,0
46,213,0,0.7868060474387009,1,0.0,0,0.3971581377612503,0,0.008396524795468423,0
46,214,0,0.29464473717219997,0,0.3333333333333333,0,0.3351126496893943,0,0.0015830349017639,0
46,215,0,0.11803975785614985,0,0.0,0,0.3489552897526583,0,0.02460930930230465,0
46,216,0,0.1234863566115504,0,0.0,0,0.4178311951764387,0,0.027850928330434076,0
46,217,0,0.17469624140846818,0,0.6666666666666666,1,0.5439498126517591,1,0.09276237161750123,0
46,218,0,0.2742224448975135,0,1.0,1,0.6782626380803625,1,0.6085435428271202,1
46,219,0,0.12440950000923409,0,1.0,1,0.734663961038961,1,0.5094804039615238,1
46,220,0,0.2010984552800313,0,1.0,1,0.7064076479076479,1,0.46850323772553987,0
46,221,0,0.30947150720788097,0,1.0,1,0.7838142135642137,1,0.6631205583145563,1
46,222,0,0.27821476880364837,0,1.0,1,0.7394007418909593,1,0.39982329743976275,0
46,223,0,0.18456598809416436,0,0.0,0,0.7155180375180378,1,0.5082592013186606,1
46,224,0,0.4593899273379107,0,0.0,0,0.7224144642620254,1,0.3555844672085315,0
46,225,0,0.5939222664403363,1,0.0,0,0.777931637806638,1,0.2627269313844241,0
46,226,1,0.45570888236723056,0,0.0,0,0.7285035048285049,1,0.22423801706577598,0
46,227,1,0.5535066188974768,1,0.0,0,0.7692086940836941,1,0.506372596039208,1
46,228,1,0.7314398592030732,1,0.0,0,0.7581899073149073,1,0.19697876445957632,0
46,229,1,0.7158277556064201,1,1.0,1,0.6707347504347502,1,0.16012990210335637,0
46,230,1,0.7884531056635328,1,1.0,1,0.7607002164502166,1,0.2671011650285612,0
46,231,1,0.9110379687384531,1,1.0,1,0.804316339524673,1,0.5003342643907847,1
46,232,1,0.8029270658437537,1,1.0,1,0.7347574941173762,1,0.7768852243242028,1
46,233,1,0.9372345156026191,1,1.0,1,0.7707265598732453,1,0.6330723135567039,1
46,234,1,0.9442922678536253,1,1.0,1,0.847876750803475,1,0.6985284390279607,1
46,235,1,0.9495388435672653,1,1.0,1,0.8757482980742062,1,0.7282373671362992,1
46,236,1,0.9756566026286058,1,1.0,1,0.8113359270115867,1,0.9402881857321053,1
46,237,1,0.9271247675265177,1,1.0,1,0.806206187967494,1,0.9756667695722412,1
46,238,1,0.9435328473305687,1,1.0,1,0.8668167804287101,1,0.9893154708736773,1
46,239,1,0.9225117923046475,1,1.0,1,0.9118340755813256,1,0.9955949650662628,1
46,240,1,0.9688977435824228,1,0.6,1,0.9254108241620241,1,0.9972060261971591,1
46,241,1,0.9754493204162064,1,0.9892367906066536,1,0.8998896707862072,1,0.9966016395587207,1
46,242,1,0.9903102259658614,1,0.9892367906066536,1,0.9272230305937054,1,0.998349198778957,1
46,243,1,0.9925255754759071,1,0.9892367906066536,1,0.9334810567802418,1,0.9981074932398051,1
46,244,1,0.9773739649214358,1,0.9892367906066536,1,0.9574540124438756,1,0.9976180852209579,1
46,245,1,0.973530128493778,1,0.9892367906066536,1,0.9621799501863135,1,0.9975036439774395,1
46,246,1,0.9790661946033103,1,0.9892367906066536,1,0.9667336478180847,1,0.9966297624838757,1
46,247,1,0.9829382670838104,1,0.9892367906066536,1,0.9829302459746724,1,0.9974105672000012,1
46,248,1,0.9951464998623019,1,0.9892367906066536,1,0.9702493333944789,1,0.9977031038552733,1
46,249,1,0.9984413042759859,1,0.9892367906066536,1,0.9596699077147651,1,0.9966265794108425,1
46,250,1,0.9996682392030128,1,0.9892367906066536,1,0.9749756260025125,1,0.9964925036874006,1
46,251,1,0.9997142656775525,1,0.9892367906066536,1,0.9459709518283245,1,0.9894535483576931,1
46,252,1,0.9999708818531728,1,0.9892367906066536,1,0.9028025470790135,1,0.992428804568114,1
46,253,1,0.9999893070691265,1,0.9892367906066536,1,0.8126941905809807,1,0.9424327981505394,1
46,254,1,0.9999882684280449,1,0.9892367906066536,1,0.72731949414106,1,0.8742689627524756,1
46,255,1,0.999990838647313,1,0.9892367906066536,1,0.7169097519415124,1,0.7386543680725554,1
46,256,0,0.9999943803609181,1,0.9787234042553191,1,0.5780382342475583,1,0.45077023253632786,0
54,1,0,0.001099293385048542,0,0.00032302349995962207,0,6.542106264911099e-05,0,1.320607712577907e-05,0
54,2,0,5.833621514911076e-06,0,0.00032302349995962207,0,0.02131031212801193,0,1.4896380055542153e-05,0
54,3,0,1.3969176339260658e-06,0,0.00032302349995962207,0,5.8355153845590326e-05,0,1.577212591580886e-05,0
54,4,0,6.191303079763911e-06,0,0.00032302349995962207,0,5.8355153845590326e-05,0,1.4627632037101576e-05,0
54,5,0,2.099663113013938e-05,0,0.00032302349995962207,0,5.8355153845590326e-05,0,1.539655082863546e-05,0
54,6,0,1.1319286135266578e-06,0,0.00032302349995962207,0,5.8355153845590326e-05,0,1.6288615193039486e-05,0
54,7,0,1.599875488522613e-06,0,0.00032302349995962207,0,5.8355153845590326e-05,0,1.4549259470630478e-05,0
54,8,0,8.066693471910246e-07,0,0.00032302349995962207,0,5.8355153845590326e-05,0,1.4566182564807656e-05,0
54,9,0,2.9956586719536135e-06,0,0.00032302349995962207,0,5.8355153845590326e-05,0,1.3476247181008988e-05,0
54,10,0,3.9178491410041075e-06,0,0.00032302349995962207,0,5.8355153845590326e-05,0,1.4627632037101576e-05,0
54,11,0,1.8860436930715635e-06,0,0.00032302349995962207,0,5.8355153845590326e-05,0,1.4986086748177631e-05,0
54,12,0,7.54637875416596e-06,0,0.00032302349995962207,0,5.8355153845590326e-05,0,1.4627632037101576e-05,0
54,13,0,4.5170656493582015e-06,0,0.00032302349995962207,0,5.8355153845590326e-05,0,1.3476247181008988e-05,0
54,14,0,3.3680508078857554e-06,0,0.00032302349995962207,0,5.8355153845590326e-05,0,1.3476247181008988e-05,0
54,15,0,2.985378959423052e-06,0,0.00032302349995962207,0,5.8355153845590326e-05,0,1.2946257164591889e-05,0
54,16,0,0.00015962923488290888,0,0.00032302349995962207,0,5.8355153845590326e-05,0,1.3153906099581179e-05,0
54,17,0,8.46678519137806e-05,0,0.00032302349995962207,0,5.8355153845590326e-05,0,1.4923131459763466e-05,0
54,18,0,0.0001346320927100944,0,0.00032302349995962207,0,5.8355153845590326e-05,0,1.2876893025921281e-05,0
54,19,0,0.00014544672020299322,0,0.00032302349995962207,0,5.8355153845590326e-05,0,1.3476247181008988e-05,0
54,20,0,0.00017759391772680544,0,0.00032302349995962207,0,5.8355153845590326e-05,0,1.317957907103762e-05,0
54,21,0,0.00041778960733574876,0,0.00032302349995962207,0,5.8355153845590326e-05,0,1.2851809659814438e-05,0
54,22,0,0.0006788870597363415,0,0.00032302349995962207,0,5.7537626049645266e-05,0,1.316674785952916e-05,0
54,23,0,0.0009883626478862273,0,0.00032302349995962207,0,5.8355153845590326e-05,0,1.2851809659814438e-05,0
54,24,0,3.0671616379208055e-05,0,0.00032302349995962207,0,5.8355153845590326e-05,0,1.469139025007602e-05,0
54,25,0,2.633898124906626e-05,0,0.00032302349995962207,0,5.8355153845590326e-05,0,1.3237673342592269e-05,0
54,26,0,1.46214136773349e-05,0,0.00032302349995962207,0,5.8355153845590326e-05,0,1.2851809659814438e-05,0
54,27,0,8.724503977278902e-06,0,0.00032302349995962207,0,5.8355153845590326e-05,0,1.600966396039335e-05,0
54,28,0,2.981991928128881e-05,0,0.00032302349995962207,0,5.8355153845590326e-05,0,1.3476247181008988e-05,0
54,29,0,3.126078044523227e-05,0,0.00032302349995962207,0,0.00022068969352446611,0,1.4259428252089568e-05,0
54,30,0,4.2195063768176623e-05,0,0.00032302349995962207,0,5.8355153845590326e-05,0,1.2851809659814438e-05,0
54,31,0,5.9178318944411593e-05,0,0.00032302349995962207,0,5.8355153845590326e-05,0,1.2876893025921281e-05,0
54,32,0,5.9943793050073696e-06,0,0.00032302349995962207,0,5.8355153845590326e-05,0,1.4770528421796557e-05,0
54,33,0,3.904480183375483e-06,0,0.00032302349995962207,0,5.8355153845590326e-05,0,1.3548839825295053e-05,0
54,34,0,3.2081721872274474e-05,0,0.00032302349995962207,0,5.8355153845590326e-05,0,1.3153906099581179e-05,0
54,35,0,2.5493879519831312e-05,0,0.00032302349995962207,0,5.8355153845590326e-05,0,1.791518284150441e-05,0
54,36,0,4.917847935468577e-05,0,0.00032302349995962207,0,5.8355153845590326e-05,0,1.8336162870537077e-05,0
54,37,0,7.875865912733825e-05,0,0.00032302349995962207,0,5.8355153845590326e-05,0,1.5599584353343086e-05,0
54,38,0,5.517414494601075e-05,0,0.00032302349995962207,0,5.8355153845590326e-05,0,1.3153906099581179e-05,0
54,39,0,9.594743704596872e-05,0,0.00032302349995962207,0,5.8355153845590326e-05,0,1.821899245980966e-05,0
54,40,0,9.173062037126059e-05,0,0.00032302349995962207,0,5.8355153845590326e-05,0,1.591857470517762e-05,0
54,41,0,0.00012111965590442194,0,0.00032302349995962207,0,5.8355153845590326e-05,0,1.887206891247668e-05,0
54,42,0,0.0002441899797052404,0,0.00032302349995962207,0,5.8355153845590326e-05,0,1.5932276928066666e-05,0
54,43,0,0.00044463353443100173,0,0.00032302349995962207,0,5.8355153845590326e-05,0,1.5552985068288095e-05,0
54,44,0,0.00012135522594390847,0,0.00032302349995962207,0,5.8355153845590326e-05,0,1.6308663855312075e-05,0
54,45,0,0.00015057913276631343,0,0.00032302349995962207,0,0.0014861090546210735,0,1.6396513658506734e-05,0
54,46,0,0.00028578794617621476,0,0.00032302349995962207,0,5.8355153845590326e-05,0,1.3159673179672539e-05,0
54,47,0,0.00014735069510138127,0,0.00032302349995962207,0,5.8355153845590326e-05,0,1.7371926924877667e-05,0
54,48,0,0.00011627611375837202,0,0.00032302349995962207,0,5.8355153845590326e-05,0,2.0142681788042958e-05,0
54,49,0,0.00019573931706469162,0,0.00032302349995962207,0,5.8355153845590326e-05,0,1.5129766416840278e-05,0
54,50,0,0.000218311495156077,0,0.00032302349995962207,0,5.8355153845590326e-05,0,1.577212591580886e-05,0
54,51,0,9.892207368001254e-05,0,0.00032302349995962207,0,5.8355153845590326e-05,0,1.3165310532176669e-05,0
54,52,0,2.4790330215196036e-05,0,0.00032302349995962207,0,5.8355153845590326e-05,0,1.3731015085746948e-05,0
54,53,0,1.2465168680626589e-05,0,0.00032302349995962207,0,5.8355153845590326e-05,0,1.5048703533322307e-05,0
54,54,0,1.9374246112698046e-05,0,0.00032302349995962207,0,5.8355153845590326e-05,0,1.3094772753202009e-05,0
54,55,0,1.802594597788563e-05,0,0.00032302349995962207,0,5.8355153845590326e-05,0,1.3731979779748281e-05,0
54,56,0,1.237933528897098e-05,0,0.00032302349995962207,0,5.8355153845590326e-05,0,1.5703646140110924e-05,0
54,57,0,2.9837707102550665e-05,0,0.00032302349995962207,0,5.8355153845590326e-05,0,1.4841555347820231e-05,0
54,58,0,4.032044217787158e-05,0,0.00032302349995962207,0,5.8355153845590326e-05,0,1.4605257112267217e-05,0
54,59,0,2.0132383625517586e-05,0,0.00032302349995962207,0,5.8355153845590326e-05,0,1.3094772753202009e-05,0
54,60,0,2.3185497028318445e-05,0,0.00032302349995962207,0,5.8355153845590326e-05,0,1.4486525070217455e-05,0
54,61,0,6.722552715303823e-05,0,0.00032302349995962207,0,5.8355153845590326e-05,0,1.5048703533322307e-05,0
54,62,0,9.512624723603374e-05,0,0.00032302349995962207,0,5.8355153845590326e-05,0,1.4408908521929229e-05,0
54,63,0,6.420193157340697e-05,0,0.00032302349995962207,0,5.8355153845590326e-05,0,1.3094772753202009e-05,0
54,64,0,0.00013240414092405915,0,0.00032302349995962207,0,5.8355153845590326e-05,0,1.494856971755563e-05,0
54,65,0,5.913163457304813e-05,0,0.00032302349995962207,0,5.8355153845590326e-05,0,1.4683931317076425e-05,0
54,66,0,3.290452413785326e-05,0,0.00032302349995962207,0,5.8355153845590326e-05,0,1.5287818569829698e-05,0
54,67,0,0.0001155181628911222,0,0.00032302349995962207,0,5.8355153845590326e-05,0,1.3094772753202009e-05,0
54,68,0,0.00014822813764207144,0,0.00032302349995962207,0,5.8355153845590326e-05,0,1.3094772753202009e-05,0
54,69,0,6.0462470427577614e-05,0,0.00032302349995962207,0,5.8355153845590326e-05,0,1.3474776068104381e-05,0
54,70,0,0.00014526876787867703,0,0.00032302349995962207,0,0.00022068969352446611,0,1.350420285650002e-05,0
54,71,0,0.00022943644683174203,0,0.00032302349995962207,0,5.8355153845590326e-05,0,1.6157545711889652e-05,0
54,72,0,0.00023747564469093127,0,0.00032302349995962207,0,5.8355153845590326e-05,0,1.3165310532176669e-05,0
54,73,0,0.0001668818500233584,0,0.00032302349995962207,0,5.8355153845590326e-05,0,1.3402580240962057e-05,0
54,74,0,1.4082021771993703e-05,0,0.0,0,5.416093883134943e-05,0,1.4701825219505367e-05,0
54,75,0,6.009165707974394e-06,0,0.00032302349995962207,0,5.8355153845590326e-05,0,1.494856971755563e-05,0
54,76,0,3.201150592306292e-06,0,0.00032302349995962207,0,5.8355153845590326e-05,0,1.4408908521929229e-05,0
54,77,0,6.995388467956338e-06,0,0.00032302349995962207,0,5.8355153845590326e-05,0,1.3474776068104381e-05,0
54,78,0,1.1238950461212533e-05,0,0.00032302349995962207,0,5.8355153845590326e-05,0,2.5540014127086907e-05,0
54,79,0,5.072268622914248e-06,0,0.00032302349995962207,0,5.8355153845590326e-05,0,1.337303628933356e-05,0
54,80,0,2.352951741214196e-05,0,0.00032302349995962207,0,5.8355153845590326e-05,0,1.3094772753202009e-05,0
54,81,0,6.974978400599481e-06,0,0.00032302349995962207,0,5.8355153845590326e-05,0,1.4841555347820231e-05,0
54,82,0,9.211748929401e-06,0,0.00032302349995962207,0,5.8355153845590326e-05,0,1.3687384587632622e-05,0
54,83,0,2.764372066638796e-06,0,0.00032302349995962207,0,5.8355153845590326e-05,0,1.3797562465754489e-05,0
54,84,0,2.4020802987699556e-06,0,0.00032302349995962207,0,5.8355153845590326e-05,0,1.3402580240962057e-05,0
54,85,0,2.806575749586623e-06,0,0.00032302349995962207,0,5.8355153845590326e-05,0,1.3731015085746948e-05,0
54,86,0,5.193081198155438e-07,0,0.00032302349995962207,0,5.8355153845590326e-05,0,1.4985652040325217e-05,0
54,87,0,3.8273038337679287e-07,0,0.00032302349995962207,0,5.8355153845590326e-05,0,1.3804980072074473e-05,0
54,88,0,5.412496861874749e-07,0,0.00032302349995962207,0,5.8355153845590326e-05,0,1.6784570371287006e-05,0
54,89,0,4.5022593049078024e-07,0,0.00032302349995962207,0,5.8355153845590326e-05,0,1.5314888986705975e-05,0
54,90,0,2.175585694251273e-07,0,0.00032302349995962207,0,5.8355153845590326e-05,0,1.3474776068104381e-05,0
54,91,0,8.083588988979968e-07,0,0.00032302349995962207,0,5.8355153845590326e-05,0,1.3402580240962057e-05,0
54,92,0,9.395246966913761e-07,0,0.00032302349995962207,0,5.8355153845590326e-05,0,1.3731015085746948e-05,0
54,93,0,1.6524860921091723e-05,0,0.00032302349995962207,0,5.8355153845590326e-05,0,1.3402580240962057e-05,0
54,94,0,2.591917349620515e-05,0,0.00032302349995962207,0,5.8355153845590326e-05,0,1.3153906099581179e-05,0
54,95,0,1.0777602374287914e-05,0,0.00032302349995962207,0,5.8355153845590326e-05,0,1.4841555347820231e-05,0
54,96,0,8.075909846379612e-06,0,0.00032302349995962207,0,5.8355153845590326e-05,0,1.4769487343841003e-05,0
54,97,0,1.0396056135817376e-05,0,0.00032302349995962207,0,5.8355153845590326e-05,0,1.3153906099581179e-05,0
54,98,0,1.2122309657798069e-05,0,0.00032302349995962207,0,5.8355153845590326e-05,0,1.3224762408692447e-05,0
54,99,0,9.285310875175248e-05,0,0.00032302349995962207,0,5.8355153845590326e-05,0,1.4476528219335918e-05,0
54,100,0,0.0002895851305680521,0,0.00032302349995962207,0,5.8355153845590326e-05,0,1.3153906099581179e-05,0
54,101,0,0.00023713472218080952,0,0.00032302349995962207,0,5.8355153845590326e-05,0,1.6111346415105764e-05,0
54,102,0,0.00055521772149692,0,0.00032302349995962207,0,5.8355153845590326e-05,0,1.3492504862843999e-05,0
54,103,0,0.00013132683454276464,0,0.00032302349995962207,0,5.8355153845590326e-05,0,1.3153906099581179e-05,0
54,104,0,5.182800242371983e-05,0,0.00032302349995962207,0,5.8355153845590326e-05,0,1.2851809659814438e-05,0
54,105,0,5.3813538888352576e-05,0,0.00032302349995962207,0,5.8355153845590326e-05,0,1.3153906099581179e-05,0
54,106,0,4.283842202519953e-05,0,0.00032302349995962207,0,5.8355153845590326e-05,0,1.2921038683314014e-05,0
54,107,0,3.072361664526073e-05,0,0.00032302349995962207,0,5.8355153845590326e-05,0,1.3153906099581179e-05,0
54,108,0,6.300291339751896e-05,0,0.00032302349995962207,0,5.8355153845590326e-05,0,1.4798313459090711e-05,0
54,109,0,6.184911949436216e-05,0,0.00032302349995962207,0,5.8355153845590326e-05,0,1.3224762408692447e-05,0
54,110,0,4.920048491856088e-06,0,0.00032302349995962207,0,5.8355153845590326e-05,0,1.2851809659814438e-05,0
54,111,0,3.305578629237892e-06,0,0.00032302349995962207,0,5.8355153845590326e-05,0,1.3721144541674727e-05,0
54,112,0,2.2866362574568455e-06,0,0.00032302349995962207,0,5.8355153845590326e-05,0,1.6368101083928713e-05,0
54,113,0,4.051255934466267e-06,0,0.00032302349995962207,0,5.8355153845590326e-05,0,1.5966269339043065e-05,0
54,114,0,2.972634871550874e-06,0,0.00032302349995962207,0,5.8355153845590326e-05,0,1.3153906099581179e-05,0
54,115,0,3.1144887193773666e-06,0,0.00032302349995962207,0,5.8355153845590326e-05,0,1.3992941022021073e-05,0
54,116,0,2.6372862108156994e-06,0,0.00032302349995962207,0,5.8355153845590326e-05,0,1.2851809659814438e-05,0
54,117,0,3.7284260318721668e-06,0,0.00032302349995962207,0,5.8355153845590326e-05,0,1.3153906099581179e-05,0
54,118,0,8.48977147104826e-06,0,0.00032302349995962207,0,5.8355153845590326e-05,0,1.3153906099581179e-05,0
54,119,0,9.957360665739024e-06,0,0.00032302349995962207,0,5.8355153845590326e-05,0,1.593607723696467e-05,0
54,120,0,9.591572647640764e-05,0,0.00032302349995962207,0,5.8355153845590326e-05,0,1.3153906099581179e-05,0
54,121,0,9.879207817595563e-05,0,0.00032302349995962207,0,5.8355153845590326e-05,0,1.4141563029377538e-05,0
54,122,0,6.122854311385722e-05,0,0.00032302349995962207,0,5.8355153845590326e-05,0,1.4750240876395549e-05,0
54,123,0,4.493135143472641e-05,0,0.00032302349995962207,0,5.8355153845590326e-05,0,1.4141563029377538e-05,0
54,124,0,0.00021156633524885578,0,0.00032302349995962207,0,5.8355153845590326e-05,0,1.3285669375625655e-05,0
54,125,0,0.0002002393482688793,0,0.00032302349995962207,0,5.8355153845590326e-05,0,1.381678408622297e-05,0
54,126,0,0.00012215356509664242,0,0.00032302349995962207,0,5.8355153845590326e-05,0,1.3357235446129318e-05,0
54,127,0,0.0002791760921095553,0,0.00032302349995962207,0,5.8355153845590326e-05,0,1.7830534678378887e-05,0
54,128,0,0.00017112224873722375,0,0.00032302349995962207,0,5.8355153845590326e-05,0,1.815040953229025e-05,0
54,129,0,0.00014452987097712038,0,0.00032302349995962207,0,5.8355153845590326e-05,0,1.4420710489953592e-05,0
54,130,0,2.417617816463266e-05,0,0.00032302349995962207,0,5.8355153845590326e-05,0,1.3504201896741255e-05,0
54,131,0,9.15278119561393e-06,0,0.00032302349995962207,0,0.0002744746246727339,0,1.4699845710101136e-05,0
54,132,0,1.2099729142638647e-05,0,0.00032302349995962207,0,5.8355153845590326e-05,0,1.381678408622297e-05,0
54,133,0,1.3464337388680835e-05,0,0.00032302349995962207,0,5.8355153845590326e-05,0,1.2946257164591889e-05,0
54,134,0,3.490239245756548e-05,0,0.00032302349995962207,0,5.8355153845590326e-05,0,1.2851809659814438e-05,0
54,135,0,9.034502866303437e-05,0,0.00032302349995962207,0,5.8355153845590326e-05,0,1.3153906099581179e-05,0
54,136,0,0.00011600358965603741,0,0.00032302349995962207,0,5.8355153845590326e-05,0,1.3476247181008988e-05,0
54,137,0,4.2349135123441005e-05,0,0.00032302349995962207,0,5.8355153845590326e-05,0,1.653475355769887e-05,0
54,138,0,9.610279552054947e-05,0,0.00032302349995962207,0,5.8355153845590326e-05,0,1.460783404601945e-05,0
54,139,0,0.0003022096218512598,0,0.00032302349995962207,0,5.8355153845590326e-05,0,1.3711264233357479e-05,0
54,140,0,0.00045510132404307456,0,0.00032302349995962207,0,5.8355153845590326e-05,0,1.3731015085746948e-05,0
54,141,0,0.0002599217519554081,0,0.00032302349995962207,0,5.8355153845590326e-05,0,1.3476247181008988e-05,0
54,142,0,0.00044229886288148814,0,0.00032302349995962207,0,5.8355153845590326e-05,0,1.3237673342592269e-05,0
54,143,0,0.0005671039497149517,0,0.00032302349995962207,0,5.667778855619857e-05,0,1.9720325286738393e-05,0
54,144,0,0.0004744671716960092,0,0.00032302349995962207,0,5.8355153845590326e-05,0,1.7212942132109673e-05,0
54,145,0,0.0008643776121288602,0,0.00032302349995962207,0,5.8355153845590326e-05,0,1.8693461186865144e-05,0
54,146,0,0.0010032569704768411,0,0.00032302349995962207,0,5.8355153845590326e-05,0,1.5376959362027692e-05,0
54,147,0,0.0010693009025331064,0,0.00032302349995962207,0,5.8355153845590326e-05,0,1.5367177571967896e-05,0
54,148,0,0.00031267307587134796,0,0.00032302349995962207,0,5.8355153845590326e-05,0,1.3302742631723972e-05,0
54,149,0,0.00014263647106142895,0,0.00032302349995962207,0,5.8355153845590326e-05,0,1.3285669375625655e-05,0
54,150,0,2.139815043206095e-05,0,0.00032302349995962207,0,5.8355153845590326e-05,0,1.2980546861354246e-05,0
54,151,0,2.075413644901472e-05,0,0.00032302349995962207,0,5.589714483289062e-05,0,1.3094772753202009e-05,0
54,152,0,1.852926057975514e-05,0,0.00032302349995962207,0,5.8355153845590326e-05,0,1.3390538741777937e-05,0
54,153,0,1.727511175826757e-05,0,0.00032302349995962207,0,5.8355153845590326e-05,0,1.3431849367161203e-05,0
54,154,0,1.1906664637390472e-05,0,0.00032302349995962207,0,5.8355153845590326e-05,0,1.5893312477833636e-05,0
54,155,0,2.3472987850827833e-05,0,0.00032302349995962207,0,5.8355153845590326e-05,0,1.3536834463477655e-05,0
54,156,0,3.361510027770923e-05,0,0.00032302349995962207,0,5.8355153845590326e-05,0,1.6183769378650525e-05,0
54,157,0,2.7745374249968157e-05,0,0.00032302349995962207,0,0.00027280458896347995,0,1.377326605799197e-05,0
54,158,0,4.507557561712097e-05,0,0.00032302349995962207,0,5.8355153845590326e-05,0,1.940932680836279e-05,0
54,159,0,6.756744382809434e-05,0,0.00032302349995962207,0,5.8355153845590326e-05,0,1.964270646575567e-05,0
54,160,0,0.0022906233088040447,0,0.0,0,5.751495892036768e-05,0,1.94241324058511e-05,0
54,161,0,0.0012359274596884676,0,0.00032302349995962207,0,5.8355153845590326e-05,0,1.4842844724203602e-05,0
54,162,0,0.0002944495960468276,0,0.00032302349995962207,0,6.998306082233453e-05,0,1.9784275631605545e-05,0
54,163,0,0.0003084059114194651,0,0.00032302349995962207,0,5.8355153845590326e-05,0,1.574419611734612e-05,0
54,164,0,0.0009409744975056967,0,0.00032302349995962207,0,5.8355153845590326e-05,0,1.4814713255856394e-05,0
54,165,0,0.0011715589823553725,0,0.00032302349995962207,0,5.8355153845590326e-05,0,1.9079231235847945e-05,0
54,166,0,0.0006293658314930327,0,0.00032302349995962207,0,0.0003076751724947469,0,1.6235088317320064e-05,0
54,167,0,0.0004513929492621204,0,0.00032302349995962207,0,5.8355153845590326e-05,0,2.36256822655829e-05,0
54,168,0,0.00033461256436582716,0,0.00032302349995962207,0,0.0030628378616792042,0,4.344135006463065e-05,0
54,169,0,0.0005403327831730603,0,0.00032302349995962207,0,5.8355153845590326e-05,0,4.107803687013957e-05,0
54,170,0,0.00035602663987355763,0,0.00032302349995962207,0,5.8355153845590326e-05,0,3.4544130434647566e-05,0
54,171,0,0.00021974194160734412,0,0.00032302349995962207,0,5.8355153845590326e-05,0,3.70968396265711e-05,0
54,172,0,0.0002695188084401053,0,0.00032302349995962207,0,5.8355153845590326e-05,0,1.871100034436212e-05,0
54,173,0,0.00035015713213999483,0,0.00032302349995962207,0,5.8355153845590326e-05,0,2.1460611212941724e-05,0
54,174,0,0.0006942994008290442,0,0.00032302349995962207,0,5.8355153845590326e-05,0,3.373231375712933e-05,0
54,175,0,0.000736163237108572,0,0.0,0,0.003944161627051917,0,5.0447792990278924e-05,0
54,176,0,0.0008514717165818397,0,0.00032302349995962207,0,0.0005345456300360666,0,2.5274309099384664e-05,0
54,177,0,0.0015140245668378426,0,0.00032302349995962207,0,0.0005670131625035991,0,2.424721440097161e-05,0
54,178,0,0.0011656213348484128,0,0.00032302349995962207,0,0.0005345456300360666,0,2.0394214210210793e-05,0
54,179,0,0.0002400267564010464,0,0.00032302349995962207,0,0.0005345456300360666,0,1.6127951156243712e-05,0
54,180,0,5.468437551393848e-05,0,0.00032302349995962207,0,9.082268631312281e-05,0,2.2628758333521237e-05,0
54,181,0,3.492611795938394e-05,0,0.00032302349995962207,0,0.007306823601345976,0,2.2237328240802866e-05,0
54,182,0,3.548162815490339e-05,0,0.0,0,5.751495892036768e-05,0,3.059435967431543e-05,0
54,183,0,3.657536290140628e-05,0,0.0,0,0.02161177338336037,0,2.9735498746192545e-05,0
54,184,0,0.00014211025000971544,0,0.0,0,5.751495892036768e-05,0,2.933113067554198e-05,0
54,185,0,2.674241666851119e-05,0,0.00032302349995962207,0,5.8355153845590326e-05,0,1.9816983493535948e-05,0
54,186,0,0.0002879681947774777,0,0.00032302349995962207,0,0.011459530951115753,0,0.0001366359072647975,0
54,187,0,0.0001414823585961829,0,0.00032302349995962207,0,0.013470249735721822,0,0.00021386307714777966,0
54,188,0,0.00021137006285644583,0,0.00032302349995962207,0,0.013531416233791928,0,5.096388626708028e-05,0
54,189,0,0.00023844286514366526,0,0.00032302349995962207,0,0.013478504364080483,0,0.00012444868665435567,0
54,190,0,0.013432089659151094,0,0.0,0,0.003477664169155257,0,0.0004193549951826315,0
54,191,0,0.019836955040622686,0,0.00032302349995962207,0,5.66633877715982e-05,0,0.00014916296075700533,0
54,192,0,0.012397223293670365,0,0.00032302349995962207,0,5.8355153845590326e-05,0,0.0003356309080544759,0
54,193,0,0.016578947103154124,0,0.00032302349995962207,0,5.346250452935698e-05,0,0.00011374922126263717,0
54,194,0,0.029763832404021768,0,0.00032302349995962207,0,5.8355153845590326e-05,0,0.00022572651735609843,0
54,195,0,0.015931339394262414,0,0.00032302349995962207,0,0.0062959874019078025,0,0.00033018380309043216,0
54,196,0,0.013020150543760454,0,0.00032302349995962207,0,8.914532102373104e-05,0,5.10913239870708e-05,0
54,197,0,0.016177263165964868,0,0.00032302349995962207,0,0.010225738298283374,0,4.8615543742121486e-05,0
54,198,0,0.01998544897095313,0,0.00032302349995962207,0,0.0017241941429754252,0,4.7821515254350066e-05,0
54,199,0,0.037663551463553796,0,0.00032302349995962207,0,0.007139178660190988,0,4.909481037187274e-05,0
54,200,0,0.013358534485959297,0,0.00032302349995962207,0,0.0796275367279577,0,9.764559073492752e-05,0
54,201,0,0.026482671238261594,0,0.0,0,0.08125388804478739,0,0.0009306393154037155,0
54,202,0,0.025806521252679637,0,0.00032302349995962207,0,0.056989263097143944,0,0.0005070852053008686,0
54,203,0,0.017656489510950384,0,0.00032302349995962207,0,0.06515454939741033,0,0.0006782440594169204,0
54,204,0,0.07064778456090466,0,0.00032302349995962207,0,0.06563306924120349,0,0.00011341442846037746,0
54,205,0,0.11939148260728721,0,0.00032302349995962207,0,0.0477974631343068,0,0.0004328424244978877,0
54,206,0,0.3113326480291829,0,0.0,0,0.019377021848691223,0,0.00018680268823341705,0
54,207,0,0.11967040366742554,0,0.00032302349995962207,0,0.016004301427749425,0,0.00033847552261774273,0
54,208,0,0.13857303767386667,0,0.00032302349995962207,0,0.12424360645519135,0,0.002291106770215147,0
54,209,0,0.29526447352025786,0,0.0,0,0.04740245661794169,0,0.0006598385546589085,0
54,210,0,0.2326411819719525,0,0.0,0,0.025971474342106688,0,0.0017318796850537843,0
54,211,0,0.344021202646758,0,0.0,0,0.0668497537543086,0,0.002545944056207227,0
54,212,0,0.3473486264942294,0,0.3333333333333333,0,0.061673819864805794,0,0.0007704227601648483,0
54,213,0,0.31037372855828205,0,0.0,0,0.08974148572332942,0,0.0005750736587499738,0
54,214,0,0.28271201282951003,0,1.0,1,0.11988664049356046,0,0.007010658936955614,0
54,215,0,0.4768400850271278,0,0.0,0,0.15375740252959105,0,0.011980401971521065,0
54,216,0,0.6124006530851792,1,1.0,1,0.11622187051340854,0,0.024078358758732023,0
54,217,0,0.5786901638020266,1,0.42857142857142855,0,0.23351685899181862,0,0.031171957103398675,0
54,218,0,0.7243814930798079,1,0.0,0,0.3212813608310979,0,0.09792692777298834,0
54,219,0,0.5258611272661998,1,1.0,1,0.2682933988328973,0,0.07679799644438708,0
54,220,0,0.3430623815671208,0,1.0,1,0.30808276128349027,0,0.09317746877866272,0
54,221,0,0.33695496623016546,0,0.0,0,0.38360557166001,0,0.2359749845768551,0
54,222,0,0.5001503967041777,1,0.0,0,0.4639655512085696,0,0.0410481453146659,0
54,223,0,0.453587778349132,0,0.0,0,0.48908392710730975,0,0.3380141632235543,0
54,224,0,0.30648972585214834,0,0.0,0,0.5069360234719384,1,0.09694258390424851,0
54,225,0,0.7032479116480916,1,0.0,0,0.6041430151769136,1,0.34952811964337466,0
54,226,0,0.7054524409049167,1,0.42857142857142855,0,0.5902884361309798,1,0.3303863394483285,0
54,227,1,0.7385945899202707,1,0.42857142857142855,0,0.715025543900544,1,0.7461942859114109,1
54,228,1,0.7395339318251003,1,1.0,1,0.6732848540348542,1,0.5693277423408115,1
54,229,1,0.8249063845320187,1,1.0,1,0.7089736929736931,1,0.5911652190736174,1
54,230,1,0.8365996384351351,1,1.0,1,0.7670402930402931,1,0.6978001534296244,1
54,231,1,0.8846570753182295,1,1.0,1,0.8583464035964036,1,0.9109942699210155,1
54,232,1,0.9220809255950891,1,1.0,1,0.7507862121538593,1,0.8842931103083673,1
54,233,1,0.8076370592195482,1,0.625,1,0.8243253690753691,1,0.8350005602404311,1
54,234,1,0.6682480961163045,1,0.42857142857142855,0,0.8667622377622378,1,0.9365077655389967,1
54,235,1,0.8903458178092986,1,1.0,1,0.8658751526251526,1,0.8898318531571899,1
54,236,1,0.8001885301695083,1,1.0,1,0.8811794161910441,1,0.9191695121178312,1
54,237,1,0.7262496353127151,1,1.0,1,0.8709426129426129,1,0.9508089201583554,1
54,238,1,0.9225082313464759,1,1.0,1,0.9389164622792664,1,0.9758729360598866,1
54,239,1,0.984176943714901,1,1.0,1,0.9446949892332865,1,0.9873799103256419,1
54,240,1,0.9804263726883166,1,0.42857142857142855,0,0.943910579066356,1,0.9896911652752225,1
54,241,1,0.988316054007125,1,0.42857142857142855,0,0.9426057478167142,1,0.9971209056480252,1
54,242,1,0.9896463213479979,1,0.42857142857142855,0,0.9454193365094095,1,0.9963208006382536,1
54,243,1,0.9949845239964639,1,0.42857142857142855,0,0.973764807560039,1,0.9964887359080685,1
54,244,1,0.9975261525730306,1,0.975609756097561,1,0.9613997144339917,1,0.9962793580126608,1
54,245,1,0.9966659757163073,1,0.975609756097561,1,0.9619175050216419,1,0.9980591783707374,1
54,246,1,0.9966440500743983,1,0.9892367906066536,1,0.9814580952568303,1,0.9966970282602271,1
54,247,1,0.9971944604664307,1,0.9892367906066536,1,0.9874674533867999,1,0.9978174016338492,1
54,248,1,0.9968924164332152,1,0.9892367906066536,1,0.9821282180019562,1,0.9965749416958118,1
54,249,1,0.9991821853396744,1,0.9892367906066536,1,0.9896843296605602,1,0.9960133113662953,1
54,250,1,0.9986134809580574,1,0.9892367906066536,1,0.9847126247812408,1,0.9979422613968104,1
54,251,1,0.9997637005172448,1,0.9892367906066536,1,0.9897716585944694,1,0.9991715792113501,1
54,252,1,0.9997370389863747,1,0.9892367906066536,1,0.9784548370316624,1,0.9989228197314334,1
54,253,1,0.999825471113298,1,0.9892367906066536,1,0.9611667622126574,1,0.9988636577411804,1
54,254,1,0.9999150367618447,1,0.9892367906066536,1,0.9677415242480842,1,0.9981685848035645,1
54,255,1,0.9998448813342703,1,0.9892367906066536,1,0.9308615991315632,1,0.9639955954534487,1
54,256,1,0.9999644276606979,1,0.9892367906066536,1,0.8942965116236644,1,0.9827298166934747,1
54,257,0,0.9999895641299564,1,0.0,0,0.7343871212926664,1,0.6573622452522067,1
71,1,0,0.04056785333768832,0,0.00032302349995962207,0,0.0069439705159084816,0,2.523541587731075e-05,0
71,2,0,9.108898335922442e-05,0,0.00032302349995962207,0,0.00019260407977530382,0,1.6760016920070466e-05,0
71,3,0,0.0006950781991631269,0,0.00032302349995962207,0,5.8355153845590326e-05,0,1.4839473807179875e-05,0
71,4,0,0.00034644217859150197,0,0.00032302349995962207,0,5.8355153845590326e-05,0,1.5878256332379604e-05,0
71,5,0,0.0005479593402036918,0,0.00032302349995962207,0,5.8355153845590326e-05,0,1.4089520661407455e-05,0
71,6,0,0.00046729467043390315,0,0.00032302349995962207,0,5.8355153845590326e-05,0,1.5740208177703647e-05,0
71,7,0,0.0002993410823289569,0,0.00032302349995962207,0,5.8355153845590326e-05,0,1.575584053119042e-05,0
71,8,0,0.001562455332141365,0,0.00032302349995962207,0,5.8355153845590326e-05,0,1.4902221301202971e-05,0
71,9,0,0.0004156719726762763,0,0.00032302349995962207,0,5.8355153845590326e-05,0,1.418293823909981e-05,0
71,10,0,0.0011143262441752966,0,0.00032302349995962207,0,5.8355153845590326e-05,0,1.5198534300172188e-05,0
71,11,0,0.0006190196831687648,0,0.00032302349995962207,0,5.8355153845590326e-05,0,1.3989587431007513e-05,0
71,12,0,0.0008523455244406062,0,0.00032302349995962207,0,8.474037811999664e-05,0,1.3851582116083672e-05,0
71,13,0,0.0008584020964035826,0,0.00032302349995962207,0,0.00011126702355703592,0,1.9020424387198283e-05,0
71,14,0,0.0017554750772431908,0,0.00032302349995962207,0,0.0025527276918309587,0,1.3163592273887579e-05,0
71,15,0,0.005477955825261012,0,0.00032302349995962207,0,5.8355153845590326e-05,0,1.5083710956931e-05,0
71,16,0,0.0028399566767008644,0,0.00032302349995962207,0,5.8355153845590326e-05,0,1.9239265929950437e-05,0
71,17,0,0.0035727637623730493,0,0.00032302349995962207,0,0.00021816677703300199,0,1.4083156017627097e-05,0
71,18,0,0.0043528688327264305,0,0.00032302349995962207,0,5.8355153845590326e-05,0,1.3033798278871383e-05,0
71,19,0,0.005261025277706876,0,0.00032302349995962207,0,5.8355153845590326e-05,0,1.5659878171155704e-05,0
71,20,0,0.005610532718028956,0,0.00032302349995962207,0,5.8355153845590326e-05,0,1.5079220209295544e-05,0
71,21,0,0.004230627391821955,0,0.00032302349995962207,0,5.8355153845590326e-05,0,1.3585062412482842e-05,0
71,22,0,0.0007727654472135941,0,0.00032302349995962207,0,5.8355153845590326e-05,0,1.395396264111001e-05,0
71,23,0,0.000725760280415059,0,0.00032302349995962207,0,5.8355153845590326e-05,0,1.3585062412482842e-05,0
71,24,0,0.0004911008360472033,0,0.00032302349995962207,0,5.8355153845590326e-05,0,1.613531272272954e-05,0
71,25,0,0.000680280492573851,0,0.00032302349995962207,0,5.8355153845590326e-05,0,1.3324546189081124e-05,0
71,26,0,0.0006336580962593878,0,0.00032302349995962207,0,5.8355153845590326e-05,0,1.4021430476388873e-05,0
71,27,0,0.0016970992147293785,0,0.00032302349995962207,0,5.8355153845590326e-05,0,1.880189280311832e-05,0
71,28,0,0.0040047539589663055,0,0.00032302349995962207,0,5.8355153845590326e-05,0,1.4517604230323861e-05,0
71,29,0,0.0018593402736995527,0,0.00032302349995962207,0,5.8355153845590326e-05,0,1.6423924018705502e-05,0
71,30,0,0.0025440629129058786,0,0.00032302349995962207,0,5.8355153845590326e-05,0,1.4520383762805469e-05,0
71,31,0,0.0038579166829681892,0,0.00032302349995962207,0,5.8355153845590326e-05,0,1.6769201001855037e-05,0
71,32,0,0.009195889321795674,0,0.00032302349995962207,0,5.8355153845590326e-05,0,1.5917075538882085e-05,0
71,33,0,0.008812555348167873,0,0.00032302349995962207,0,5.8355153845590326e-05,0,1.3574251924600383e-05,0
71,34,0,0.010190014898974014,0,0.00032302349995962207,0,5.8355153845590326e-05,0,1.8838898498806686e-05,0
71,35,0,0.011384256347935946,0,0.00032302349995962207,0,5.8355153845590326e-05,0,1.611558540091193e-05,0
71,36,0,0.004827400460048061,0,0.00032302349995962207,0,5.8355153845590326e-05,0,1.4838480842270876e-05,0
71,37,0,0.0032694935655902656,0,0.00032302349995962207,0,0.0014869265824170182,0,1.4767491607071038e-05,0
71,38,0,0.0005810601733601559,0,0.00032302349995962207,0,5.8355153845590326e-05,0,1.5952621522502246e-05,0
71,39,0,0.0023291866149133277,0,0.00032302349995962207,0,5.8355153845590326e-05,0,1.3222043398637794e-05,0
71,40,0,0.0009033614554843056,0,0.00032302349995962207,0,5.8355153845590326e-05,0,1.6583419454371353e-05,0
71,41,0,0.0011804600140109883,0,0.00032302349995962207,0,5.8355153845590326e-05,0,1.6718614948134642e-05,0
71,42,0,0.001479087907488418,0,0.00032302349995962207,0,5.8355153845590326e-05,0,1.4893389265555529e-05,0
71,43,0,0.000887048895659264,0,0.00032302349995962207,0,5.8355153845590326e-05,0,1.535072750529084e-05,0
71,44,0,0.0004161252230896623,0,0.00032302349995962207,0,5.8355153845590326e-05,0,1.4482182624248384e-05,0
71,45,0,0.0015880560338261398,0,0.00032302349995962207,0,5.8355153845590326e-05,0,1.548892058811715e-05,0
71,46,0,0.002773267876027605,0,0.00032302349995962207,0,5.8355153845590326e-05,0,1.2805463972819696e-05,0
71,47,0,0.0025713059205733314,0,0.00032302349995962207,0,5.8355153845590326e-05,0,1.4302151966637944e-05,0
71,48,0,0.010424243858951335,0,0.00032302349995962207,0,5.8355153845590326e-05,0,1.5118225237829249e-05,0
71,49,0,0.005373725336471651,0,0.00032302349995962207,0,5.8355153845590326e-05,0,1.3546054185853008e-05,0
71,50,0,0.004577713791857591,0,0.00032302349995962207,0,5.8355153845590326e-05,0,1.4572031218201634e-05,0
71,51,0,0.0027350878490541423,0,0.00032302349995962207,0,5.8355153845590326e-05,0,1.3292472477465805e-05,0
71,52,0,0.006391667206515307,0,0.00032302349995962207,0,5.8355153845590326e-05,0,1.2803531904177087e-05,0
71,53,0,0.00979336899409748,0,0.00032302349995962207,0,5.8355153845590326e-05,0,1.4522931086904634e-05,0
71,54,0,0.004557334283585992,0,0.00032302349995962207,0,5.8355153845590326e-05,0,1.429257583731682e-05,0
71,55,0,0.0055617686085366975,0,0.00032302349995962207,0,5.8355153845590326e-05,0,1.4973615529902632e-05,0
71,56,0,0.0063878755427591504,0,0.00032302349995962207,0,5.58322373541262e-05,0,1.5628821406149567e-05,0
71,57,0,0.003262200494400292,0,0.00032302349995962207,0,5.8355153845590326e-05,0,1.7807322887740336e-05,0
71,58,0,0.003391358862360962,0,0.00032302349995962207,0,5.8355153845590326e-05,0,1.6085099015841397e-05,0
71,59,0,0.0012357524739764136,0,0.00032302349995962207,0,5.8355153845590326e-05,0,1.3195987580143662e-05,0
71,60,0,0.0014159138841072629,0,0.00032302349995962207,0,5.8355153845590326e-05,0,1.337027130980757e-05,0
71,61,0,0.0003009255304460022,0,0.00032302349995962207,0,5.8355153845590326e-05,0,1.3516199348751588e-05,0
71,62,0,0.0001298000857247578,0,0.00032302349995962207,0,5.8355153845590326e-05,0,1.5172941170802876e-05,0
71,63,0,0.00033974943597777236,0,0.00032302349995962207,0,5.8355153845590326e-05,0,1.4420710489953592e-05,0
71,64,0,4.236079870113731e-05,0,0.00032302349995962207,0,5.8355153845590326e-05,0,1.636032065968335e-05,0
71,65,0,7.319495271456317e-05,0,0.00032302349995962207,0,5.8355153845590326e-05,0,1.3016049462848141e-05,0
71,66,0,7.633992839270217e-05,0,0.00032302349995962207,0,5.8355153845590326e-05,0,1.3917968983490452e-05,0
71,67,0,3.6961666911886224e-05,0,0.00032302349995962207,0,5.8355153845590326e-05,0,1.5754462982992383e-05,0
71,68,0,1.5998235378012056e-05,0,0.00032302349995962207,0,5.8355153845590326e-05,0,1.4566182564807656e-05,0
71,69,0,2.6130567989000643e-05,0,0.00032302349995962207,0,5.8355153845590326e-05,0,1.3153906099581179e-05,0
71,70,0,2.5929625899039542e-05,0,0.00032302349995962207,0,5.8355153845590326e-05,0,1.6858589062362877e-05,0
71,71,0,6.877043361294344e-05,0,0.00032302349995962207,0,5.8355153845590326e-05,0,1.5297816360169263e-05,0
71,72,0,0.00019782161107415928,0,0.00032302349995962207,0,5.8355153845590326e-05,0,1.662592473827488e-05,0
71,73,0,0.00017740351894872424,0,0.00032302349995962207,0,5.8355153845590326e-05,0,1.7291808329821068e-05,0
71,74,0,0.0005390057625616956,0,0.00032302349995962207,0,5.8355153845590326e-05,0,1.7379840464107497e-05,0
71,75,0,0.0005307966402812857,0,0.00032302349995962207,0,5.8355153845590326e-05,0,1.83674714196922e-05,0
71,76,0,0.0004820444877730254,0,0.00032302349995962207,0,5.8355153845590326e-05,0,2.3646027108106216e-05,0
71,77,0,0.00030444733629477757,0,0.00032302349995962207,0,5.8355153845590326e-05,0,1.8475894958997083e-05,0
71,78,0,0.00083227049621201,0,0.00032302349995962207,0,5.8355153845590326e-05,0,1.504597401739802e-05,0
71,79,0,0.0017774306568545946,0,0.00032302349995962207,0,5.8355153845590326e-05,0,1.554774992666159e-05,0
71,80,0,0.0013791997456439149,0,0.00032302349995962207,0,0.0001855958708750398,0,1.550158811971105e-05,0
71,81,0,0.0023559328319350628,0,0.00032302349995962207,0,0.0001855958708750398,0,2.1853749310099895e-05,0
71,82,0,0.0031608275757478836,0,0.00032302349995962207,0,0.0001855958708750398,0,1.7956254426206596e-05,0
71,83,0,0.0010182283044125428,0,0.00032302349995962207,0,0.0001855958708750398,0,1.883085389885253e-05,0
71,84,0,0.0015014189284931223,0,0.00032302349995962207,0,0.00011126702355703592,0,2.242887843702965e-05,0
71,85,0,0.0022300539036199363,0,0.00032302349995962207,0,5.8355153845590326e-05,0,2.057277982958955e-05,0
71,86,0,0.0007869131994520053,0,0.00032302349995962207,0,5.8355153845590326e-05,0,2.5639178062814866e-05,0
71,87,0,0.000949400480389183,0,0.00032302349995962207,0,5.8355153845590326e-05,0,2.3259920189318988e-05,0
71,88,0,0.0014136305289500662,0,0.00032302349995962207,0,5.8355153845590326e-05,0,2.6891840058360538e-05,0
71,89,0,0.0024089927756481143,0,0.00032302349995962207,0,5.8355153845590326e-05,0,2.4014779301046482e-05,0
71,90,0,0.0022925018711031035,0,0.00032302349995962207,0,5.8355153845590326e-05,0,1.828610101381615e-05,0
71,91,0,0.015340307563988532,0,0.00032302349995962207,0,5.8355153845590326e-05,0,1.8836942137011934e-05,0
71,92,0,0.009093876860727726,0,0.00032302349995962207,0,5.8355153845590326e-05,0,1.9538687047814147e-05,0
71,93,0,0.007822350421176117,0,0.00032302349995962207,0,5.8355153845590326e-05,0,2.1571455637187292e-05,0
71,94,0,0.018751061336796864,0,0.00032302349995962207,0,5.8355153845590326e-05,0,2.1618958472001018e-05,0
71,95,0,0.01588462290922133,0,0.00032302349995962207,0,5.8355153845590326e-05,0,1.8782383796183562e-05,0
71,96,0,0.02090943445985954,0,0.00032302349995962207,0,0.0017250218205122566,0,2.284603980996045e-05,0
71,97,0,0.009786904465345452,0,0.00032302349995962207,0,5.8355153845590326e-05,0,1.4385969622163331e-05,0
71,98,0,0.007729152630126071,0,0.00032302349995962207,0,5.8355153845590326e-05,0,1.5981670377398343e-05,0
71,99,0,0.004148794643772195,0,0.00032302349995962207,0,5.8355153845590326e-05,0,1.4600425889312505e-05,0
71,100,0,0.0013744510639500695,0,0.00032302349995962207,0,5.8355153845590326e-05,0,1.764110944013828e-05,0
71,101,0,0.0008715119299658866,0,0.00032302349995962207,0,5.8355153845590326e-05,0,1.501219778225264e-05,0
71,102,0,0.00042596406789641503,0,0.00032302349995962207,0,5.8355153845590326e-05,0,1.5640385867931814e-05,0
71,103,0,0.0007014331016077364,0,0.00032302349995962207,0,5.8355153845590326e-05,0,1.6183971028639492e-05,0
71,104,0,0.0006918248510392916,0,0.00032302349995962207,0,5.8355153845590326e-05,0,1.64753540626949e-05,0
71,105,0,0.0010139947193294075,0,0.00032302349995962207,0,6.8826358034072e-05,0,2.089779994492892e-05,0
71,106,0,0.0008574520296622929,0,0.00032302349995962207,0,6.8826358034072e-05,0,1.7052734226303652e-05,0
71,107,0,0.0008523505855702651,0,0.00032302349995962207,0,6.8826358034072e-05,0,1.9952963387468424e-05,0
71,108,0,0.00113221147031209,0,0.00032302349995962207,0,6.8826358034072e-05,0,1.796752838116717e-05,0
71,109,0,0.001439141277328361,0,0.00032302349995962207,0,6.8826358034072e-05,0,1.6884420826977523e-05,0
71,110,0,0.0035444846923812067,0,0.00032302349995962207,0,0.00012173822774551759,0,1.63165206909942e-05,0
71,111,0,0.0023241753938699214,0,0.00032302349995962207,0,6.8826358034072e-05,0,1.7525401808044833e-05,0
71,112,0,0.0015065504727459237,0,0.00032302349995962207,0,5.8355153845590326e-05,0,1.3662557581174619e-05,0
71,113,0,0.0026535594315865363,0,0.00032302349995962207,0,5.8355153845590326e-05,0,1.323773535681966e-05,0
71,114,0,0.006815495583626994,0,0.00032302349995962207,0,5.8355153845590326e-05,0,1.7894781683066188e-05,0
71,115,0,0.0035036297166065114,0,0.00032302349995962207,0,5.8355153845590326e-05,0,1.5355961592131524e-05,0
71,116,0,0.006067378894588727,0,0.00032302349995962207,0,5.8355153845590326e-05,0,1.9780074168642755e-05,0
71,117,0,0.009363693355565663,0,0.00032302349995962207,0,5.8355153845590326e-05,0,1.8209006769313454e-05,0
71,118,0,0.004679565713515601,0,0.00032302349995962207,0,5.6668671005553225e-05,0,2.0323608986689325e-05,0
71,119,0,0.007569521542610969,0,0.00032302349995962207,0,0.0017618330502095173,0,2.019212035788762e-05,0
71,120,0,0.0046218881732797805,0,0.00032302349995962207,0,5.8355153845590326e-05,0,1.8893750596784668e-05,0
71,121,0,0.0021502886396399835,0,0.00032302349995962207,0,5.8355153845590326e-05,0,1.9424980863748753e-05,0
71,122,0,0.006356995756604427,0,0.00032302349995962207,0,5.8355153845590326e-05,0,1.592795875964086e-05,0
71,123,0,0.00493646278615765,0,0.00032302349995962207,0,0.0005065784568099898,0,2.988882931986822e-05,0
71,124,0,0.0039452601150920035,0,0.00032302349995962207,0,0.0002426481987863291,0,4.248700283930591e-05,0
71,125,0,0.0017412353074210038,0,0.00032302349995962207,0,0.00023761755012066115,0,2.94705898027746e-05,0
71,126,0,0.0010655847918064566,0,0.00032302349995962207,0,5.8355153845590326e-05,0,5.1799066727864245e-05,0
71,127,0,0.0017150525031142888,0,0.00032302349995962207,0,0.0008268702272641309,0,4.3300194400865016e-05,0
71,128,0,0.0016726546647828227,0,0.00032302349995962207,0,0.0004685750392427906,0,4.794559997645158e-05,0
71,129,0,0.002430658071809738,0,0.00032302349995962207,0,0.0026487057311884864,0,4.8798699526137187e-05,0
71,130,0,0.0013802644566640362,0,0.00032302349995962207,0,0.001849672506876108,0,4.281053361120828e-05,0
71,131,0,0.00029838981756455184,0,0.00032302349995962207,0,0.00014189644915159154,0,5.4710877368104414e-05,0
71,132,0,0.0004574255732093297,0,0.00032302349995962207,0,0.00012371463096977334,0,4.110102730057686e-05,0
71,133,0,0.0009747005013439759,0,0.00032302349995962207,0,5.494009710967977e-05,0,7.998431043915183e-05,0
71,134,0,0.0006366802221803688,0,0.00032302349995962207,0,5.3331612197837124e-05,0,7.416308711572582e-05,0
71,135,0,0.0006994776627785595,0,0.00032302349995962207,0,5.334217629000471e-05,0,6.418395080348167e-05,0
71,136,0,0.002900564823207614,0,0.00032302349995962207,0,5.8355153845590326e-05,0,6.505463932000037e-05,0
71,137,0,0.002632140077061534,0,0.00032302349995962207,0,5.8355153845590326e-05,0,5.075582418902219e-05,0
71,138,0,0.002254345907582842,0,0.00032302349995962207,0,0.0026092263675300243,0,8.358427886191107e-05,0
71,139,0,0.004734920062419312,0,0.00032302349995962207,0,0.002593223205968677,0,0.00011247907074471063,0
71,140,0,0.001923045033369929,0,0.00032302349995962207,0,8.765777366485266e-05,0,0.0003130635873711162,0
71,141,0,0.0020262049314760163,0,0.00032302349995962207,0,0.008157854102545986,0,6.623961692144305e-05,0
71,142,0,0.0026368218187218647,0,0.00032302349995962207,0,0.003418404476462891,0,6.791413274397135e-05,0
71,143,0,0.0021628448652628645,0,0.00032302349995962207,0,0.011156340006862045,0,0.00010709717552927912,0
71,144,0,0.002375881454518796,0,0.0,0,0.011805669050284445,0,7.387983290228162e-05,0
71,145,0,0.002949139713038498,0,0.00032302349995962207,0,0.01287664513784036,0,4.322445584477517e-05,0
71,146,0,0.001898987814039301,0,0.00032302349995962207,0,0.0004998508011068202,0,6.74688253146962e-05,0
71,147,0,0.002475100650510421,0,0.00032302349995962207,0,0.01026674031719049,0,7.699154579393062e-05,0
71,148,0,0.0012482582777876329,0,0.00032302349995962207,0,0.02532637658588678,0,8.251154568917237e-05,0
71,149,0,0.00048003373908534104,0,0.00032302349995962207,0,0.010343136606514368,0,4.450289050953927e-05,0
71,150,0,0.0007203252030572848,0,0.00032302349995962207,0,0.004449330335545546,0,0.0001199494188694832,0
71,151,0,0.0011976511786229277,0,0.00032302349995962207,0,0.015537609623701012,0,0.00010502712135652255,0
71,152,0,0.0051432809700033165,0,0.00032302349995962207,0,0.0028711732058635487,0,0.00011298779818559164,0
71,153,0,0.005296134512289966,0,0.00032302349995962207,0,0.009967956487531038,0,4.966399608465405e-05,0
71,154,0,0.004456063553885785,0,0.00032302349995962207,0,0.00038874518255425515,0,0.00038855534478941784,0
71,155,0,0.020573253176437142,0,0.00032302349995962207,0,0.004995418596541856,0,0.0005489950132401327,0
71,156,0,0.014779926160944019,0,0.01674641148325359,0,0.009240733510737658,0,0.00023570501954144337,0
71,157,0,0.003664559757050131,0,0.01674641148325359,0,0.006890328707018036,0,0.0002169962032584932,0
71,158,0,0.010059100434426095,0,0.01674641148325359,0,0.007913007018992746,0,0.00022657882777837884,0
71,159,0,0.0058487069066551515,0,0.01674641148325359,0,0.0027060110739276495,0,0.0004271694289771236,0
71,160,0,0.010713102897948789,0,0.01674641148325359,0,0.11743907810165387,0,0.004462659358691561,0
71,161,0,0.005088719347091002,0,0.01674641148325359,0,0.06445581347102144,0,0.0016077224533902926,0
71,162,0,0.009126079914946015,0,0.0,0,0.06640694253672247,0,0.001381504190725692,0
71,163,0,0.020049660696145746,0,0.0,0,0.13805828892650576,0,0.004650418951507562,0
71,164,0,0.01641361061309486,0,0.0,0,0.055048046762434744,0,0.0005497682726902844,0
71,165,0,0.019686854747453752,0,0.01674641148325359,0,0.09846105742759131,0,0.002793606154677829,0
71,166,0,0.01701292382736674,0,0.01674641148325359,0,0.08251915577726911,0,0.0018789473055550935,0
71,167,0,0.07286429608746478,0,0.01674641148325359,0,0.12889789450962824,0,0.0017078676683676614,0
71,168,0,0.14947342253546328,0,0.01674641148325359,0,0.07475480158115473,0,0.009499979969188438,0
71,169,0,0.26586437541184615,0,0.0,0,0.0798546694483096,0,0.007397626650590018,0
71,170,0,0.06931431063606083,0,0.0,0,0.05088792693758411,0,0.002481446120961403,0
71,171,0,0.11496966066950207,0,0.0,0,0.18225129170667656,0,0.012223043847730894,0
71,172,0,0.15014938564286623,0,0.00032302349995962207,0,0.14269145127314714,0,0.015156921849264622,0
71,173,0,0.20365995496425635,0,0.2,0,0.1984523772780822,0,0.023759389869561037,0
71,174,0,0.12954739699183543,0,0.01674641148325359,0,0.1737123013369854,0,0.021411252519857128,0
71,175,0,0.17613128126859368,0,0.0,0,0.31779116592496404,0,0.2331480373807606,0
71,176,0,0.3610627718533217,0,0.01674641148325359,0,0.3377486155268015,0,0.082459121429406,0
71,177,0,0.1915806285240944,0,0.6,1,0.3921284602318956,0,0.13517324593001925,0
71,178,1,0.1911289636667745,0,1.0,1,0.39719339317249763,0,0.4031846776980344,0
71,179,1,0.1411218200986304,0,1.0,1,0.544036768554389,1,0.6094049635458704,1
71,180,1,0.2997876939557957,0,1.0,1,0.6213192277982524,1,0.8340277807417017,1
71,181,1,0.22592984675449568,0,1.0,1,0.661331811145041,1,0.7856705803086779,1
71,182,1,0.1636259553591509,0,1.0,1,0.6999274183617057,1,0.807337500250827,1
71,183,1,0.7051892049209315,1,1.0,1,0.8597350626698984,1,0.9947604873361091,1
71,184,1,0.8508561773497241,1,1.0,1,0.861424326279958,1,0.9953961202010957,1
71,185,1,0.82090666539456,1,1.0,1,0.8645136280052561,1,0.9928308905830827,1
71,186,1,0.5446143562530344,1,1.0,1,0.8801500261679626,1,0.9919974397026458,1
71,187,1,0.6333324862059395,1,1.0,1,0.8060770603430301,1,0.9908640034398708,1
71,188,1,0.7390337073224303,1,0.0,0,0.8552800220174684,1,0.9975410742320254,1
71,189,1,0.5006988999902726,1,0.9892367906066536,1,0.8655698106680307,1,0.9948897362141582,1
71,190,1,0.5879659998408425,1,1.0,1,0.788851136534625,1,0.9972095399962172,1
71,191,1,0.8907442634970738,1,1.0,1,0.8799299440913192,1,0.9973504385345939,1
71,192,1,0.6980235795285558,1,0.9892367906066536,1,0.9000018801320756,1,0.9990541836121206,1
71,193,1,0.725941840366445,1,1.0,1,0.8685001660584066,1,0.999157091422372,1
71,194,1,0.7898013660450448,1,1.0,1,0.923757310824667,1,0.9991911341480106,1
71,195,1,0.8591008969429983,1,1.0,1,0.8753500754307558,1,0.9992043004164824,1
71,196,1,0.8493384486211842,1,0.9892367906066536,1,0.9447482225433851,1,0.9991401496995619,1
71,197,1,0.9778331829262458,1,1.0,1,0.9304893749415686,1,0.9994301919010025,1
71,198,1,0.9907671764514772,1,0.9892367906066536,1,0.9622651443611592,1,0.9990744013476955,1
71,199,1,0.994707906561659,1,0.9892367906066536,1,0.9817424673170835,1,0.9994494823877507,1
71,200,1,0.9882882935064777,1,0.9892367906066536,1,0.9812793662761008,1,0.9978695648818426,1
71,201,1,0.9925484293170214,1,0.9892367906066536,1,0.95610833450389,1,0.9989721310869563,1
71,202,1,0.9935652624571668,1,0.9892367906066536,1,0.9704735464559926,1,0.9989581882801949,1
71,203,1,0.9980310532588166,1,0.9787234042553191,1,0.9595486358456035,1,0.9991912725621916,1
71,204,1,0.9977904077158667,1,0.9787234042553191,1,0.9190342185154026,1,0.9984599291913931,1
71,205,1,0.9953266688089116,1,0.9787234042553191,1,0.9373288779852659,1,0.9977203417454025,1
71,206,1,0.9983413918205812,1,0.9787234042553191,1,0.8559866792453137,1,0.9699753261905861,1
71,207,1,0.999785516557095,1,0.9787234042553191,1,0.8316097485026149,1,0.9800229931725678,1
71,208,0,0.9998935904566847,1,0.0,0,0.7327751648902935,1,0.7791673127497206,1
74,1,0,0.0011686585843911957,0,0.00032302349995962207,0,5.494985846062932e-05,0,1.3153906099581179e-05,0
74,2,0,2.5210568880101527e-06,0,0.00032302349995962207,0,5.8355153845590326e-05,0,1.4677733844030197e-05,0
74,3,0,8.409119981034206e-06,0,0.00032302349995962207,0,5.8355153845590326e-05,0,1.3224762408692447e-05,0
74,4,0,1.3852439666207754e-05,0,0.00032302349995962207,0,5.8355153845590326e-05,0,1.3153906099581179e-05,0
74,5,0,3.253157933961627e-05,0,0.00032302349995962207,0,5.8355153845590326e-05,0,1.316674785952916e-05,0
74,6,0,4.007063659404842e-05,0,0.00032302349995962207,0,5.8355153845590326e-05,0,1.4231651833891421e-05,0
74,7,0,0.00015054619804416114,0,0.00032302349995962207,0,5.8355153845590326e-05,0,1.503073402155711e-05,0
74,8,0,4.351631006410599e-05,0,0.00032302349995962207,0,5.8355153845590326e-05,0,1.3476247181008988e-05,0
74,9,0,9.0477095190892e-05,0,0.00032302349995962207,0,5.8355153845590326e-05,0,1.3153906099581179e-05,0
74,10,0,0.00020342038445720647,0,0.00032302349995962207,0,5.8355153845590326e-05,0,1.3153906099581179e-05,0
74,11,0,0.0003178902306276499,0,0.00032302349995962207,0,5.8355153845590326e-05,0,1.2841190513707238e-05,0
74,12,0,0.0004928516974233702,0,0.00032302349995962207,0,5.8355153845590326e-05,0,1.469139025007602e-05,0
74,13,0,0.0013570265363921717,0,0.00032302349995962207,0,5.8355153845590326e-05,0,1.4430287529959237e-05,0
74,14,0,0.00042501650913889355,0,0.00032302349995962207,0,5.8355153845590326e-05,0,1.316674785952916e-05,0
74,15,0,0.00019251767942285203,0,0.00032302349995962207,0,5.8355153845590326e-05,0,1.6816490425973113e-05,0
74,16,0,0.00011229162635410679,0,0.00032302349995962207,0,5.8355153845590326e-05,0,1.6058485238881324e-05,0
74,17,0,0.00013618660749327715,0,0.00032302349995962207,0,5.8355153845590326e-05,0,1.2851809659814438e-05,0
74,18,0,4.077879700819883e-06,0,0.00032302349995962207,0,5.8355153845590326e-05,0,1.3153906099581179e-05,0
74,19,0,7.334055752552714e-07,0,0.00032302349995962207,0,5.8355153845590326e-05,0,1.558436984230366e-05,0
74,20,0,8.9674472870661e-07,0,0.00032302349995962207,0,5.8355153845590326e-05,0,1.3237673342592269e-05,0
74,21,0,2.4676783957560466e-06,0,0.00032302349995962207,0,5.8355153845590326e-05,0,1.3153906099581179e-05,0
74,22,0,1.5444096253196305e-06,0,0.00032302349995962207,0,5.8355153845590326e-05,0,1.3224762408692447e-05,0
74,23,0,8.780019275289516e-07,0,0.00032302349995962207,0,5.8355153845590326e-05,0,1.316674785952916e-05,0
74,24,0,2.769235426111943e-06,0,0.00032302349995962207,0,5.8355153845590326e-05,0,1.3548839825295053e-05,0
74,25,0,1.3607300957656642e-05,0,0.00032302349995962207,0,5.8355153845590326e-05,0,1.4549259470630478e-05,0
74,26,0,8.924504715100708e-06,0,0.00032302349995962207,0,5.8355153845590326e-05,0,1.3492504862843999e-05,0
74,27,0,1.0868368040918262e-06,0,0.00032302349995962207,0,5.8355153845590326e-05,0,1.3565185081370046e-05,0
74,28,0,5.010054430996865e-06,0,0.00032302349995962207,0,5.8355153845590326e-05,0,1.3476247181008988e-05,0
74,29,0,3.576188710580725e-06,0,0.00032302349995962207,0,5.8355153845590326e-05,0,1.5043629519330857e-05,0
74,30,0,4.482575644554461e-06,0,0.00032302349995962207,0,5.8355153845590326e-05,0,1.5493685937128866e-05,0
74,31,0,3.3401206616321185e-06,0,0.00032302349995962207,0,5.8355153845590326e-05,0,1.3476247181008988e-05,0
74,32,0,9.70022089201427e-06,0,0.00032302349995962207,0,5.8355153845590326e-05,0,1.3007752683208974e-05,0
74,33,0,1.9555550238280596e-05,0,0.00032302349995962207,0,5.8355153845590326e-05,0,1.5051407352642109e-05,0
74,34,0,1.4104643224490937e-05,0,0.00032302349995962207,0,5.8355153845590326e-05,0,1.3285669375625655e-05,0
74,35,0,3.2854603692818656e-05,0,0.00032302349995962207,0,5.8355153845590326e-05,0,1.2851809659814438e-05,0
74,36,0,0.0002383097881097668,0,0.00032302349995962207,0,5.8355153845590326e-05,0,1.458040306737201e-05,0
74,37,0,0.0008701988353100348,0,0.00032302349995962207,0,5.8355153845590326e-05,0,1.634960045135152e-05,0
74,38,0,0.0006897670244922155,0,0.00032302349995962207,0,5.8355153845590326e-05,0,1.5322050154176937e-05,0
74,39,0,0.0012230689908124498,0,0.00032302349995962207,0,5.8355153845590326e-05,0,1.2772389299483782e-05,0
74,40,0,0.0006103542641197622,0,0.00032302349995962207,0,5.8355153845590326e-05,0,1.3585062412482842e-05,0
74,41,0,0.0002340496124058128,0,0.00032302349995962207,0,5.8355153845590326e-05,0,1.2841190513707238e-05,0
74,42,0,0.0004252015278024757,0,0.00032302349995962207,0,5.8355153845590326e-05,0,1.4141563029377538e-05,0
74,43,0,0.0003330955266844474,0,0.00032302349995962207,0,5.8355153845590326e-05,0,1.3891211078802924e-05,0
74,44,0,0.0014532834406311903,0,0.00032302349995962207,0,5.8355153845590326e-05,0,1.3224762408692447e-05,0
74,45,0,0.0019602074143050207,0,0.00032302349995962207,0,5.8355153845590326e-05,0,1.2851809659814438e-05,0
74,46,0,0.0025418248171918665,0,0.00032302349995962207,0,5.8355153845590326e-05,0,1.4566182564807656e-05,0
74,47,0,0.0011529632898919762,0,0.00032302349995962207,0,5.8355153845590326e-05,0,1.3202549045443277e-05,0
74,48,0,0.00035945543191513203,0,0.00032302349995962207,0,5.8355153845590326e-05,0,1.3224762408692447e-05,0
74,49,0,0.00024701265239773996,0,0.00032302349995962207,0,5.8355153845590326e-05,0,1.4141563029377538e-05,0
74,50,0,0.00011958549440958941,0,0.00032302349995962207,0,5.8355153845590326e-05,0,1.3565185081370046e-05,0
74,51,0,0.0002787736467553498,0,0.00032302349995962207,0,5.6709948512813616e-05,0,1.3891211078802924e-05,0
74,52,0,9.810921063306587e-05,0,0.00032302349995962207,0,5.8355153845590326e-05,0,1.2792558126776152e-05,0
74,53,0,0.0002265666781041388,0,0.00032302349995962207,0,5.8355153845590326e-05,0,1.2851809659814438e-05,0
74,54,0,0.0003149711242049429,0,0.00032302349995962207,0,5.8355153845590326e-05,0,1.4270291952062761e-05,0
74,55,0,7.846219390415773e-05,0,0.00032302349995962207,0,5.8355153845590326e-05,0,1.3224762408692447e-05,0
74,56,0,0.00044543523389187456,0,0.00032302349995962207,0,5.8355153845590326e-05,0,1.3999860753895503e-05,0
74,57,0,0.0016183256627369763,0,0.00032302349995962207,0,5.8355153845590326e-05,0,1.4861585415375402e-05,0
74,58,0,0.0008635959664347534,0,0.00032302349995962207,0,5.8355153845590326e-05,0,1.4408908521929229e-05,0
74,59,0,0.00016317803762342373,0,0.00032302349995962207,0,5.8355153845590326e-05,0,1.4050975945611136e-05,0
74,60,0,0.0002702529507280633,0,0.00032302349995962207,0,5.8355153845590326e-05,0,1.5514310522795002e-05,0
74,61,0,0.00012678771430237992,0,0.00032302349995962207,0,5.8355153845590326e-05,0,1.3821634330256724e-05,0
74,62,0,0.00010138457730352034,0,0.00032302349995962207,0,5.8355153845590326e-05,0,1.3821634330256724e-05,0
74,63,0,6.005424815496005e-05,0,0.00032302349995962207,0,5.8355153845590326e-05,0,1.3747580114170272e-05,0
74,64,0,6.514068027041644e-05,0,0.00032302349995962207,0,5.8355153845590326e-05,0,1.3476247181008988e-05,0
74,65,0,3.095387531734585e-05,0,0.00032302349995962207,0,5.8355153845590326e-05,0,1.3731015085746948e-05,0
74,66,0,0.00010583353615308429,0,0.00032302349995962207,0,5.8355153845590326e-05,0,1.5666443888688266e-05,0
74,67,0,7.250069235979816e-05,0,0.00032302349995962207,0,5.8355153845590326e-05,0,1.3609753469481961e-05,0
74,68,0,0.00019079761578141903,0,0.00032302349995962207,0,5.8355153845590326e-05,0,1.3094772753202009e-05,0
74,69,0,0.000279752557544376,0,0.00032302349995962207,0,5.8355153845590326e-05,0,1.4685520289306878e-05,0
74,70,0,0.0009219928187593125,0,0.00032302349995962207,0,5.8355153845590326e-05,0,1.5328028269217553e-05,0
74,71,0,0.0020467674052712845,0,0.00032302349995962207,0,5.8355153845590326e-05,0,1.6982502323767862e-05,0
74,72,0,0.0006242714351987021,0,0.00032302349995962207,0,5.8355153845590326e-05,0,1.4660247962229856e-05,0
74,73,0,0.0022625676442834123,0,0.00032302349995962207,0,5.8355153845590326e-05,0,1.6303560409499405e-05,0
74,74,0,0.0012855281979728128,0,0.00032302349995962207,0,5.8355153845590326e-05,0,1.3804980072074473e-05,0
74,75,0,0.0007026479570421943,0,0.00032302349995962207,0,5.8355153845590326e-05,0,1.577212591580886e-05,0
74,76,0,0.0006502983855801471,0,0.00032302349995962207,0,5.8355153845590326e-05,0,1.3153906099581179e-05,0
74,77,0,0.0002752544314305249,0,0.00032302349995962207,0,5.8355153845590326e-05,0,1.3476247181008988e-05,0
74,78,0,0.00028109329846493983,0,0.00032302349995962207,0,0.002557514958920367,0,1.3307537503338038e-05,0
74,79,0,0.0002567094056452699,0,0.00032302349995962207,0,5.8355153845590326e-05,0,1.3361451916983811e-05,0
74,80,0,0.0002452503923674612,0,0.00032302349995962207,0,5.8355153845590326e-05,0,1.3210201722187808e-05,0
74,81,0,0.0005488991711286844,0,0.00032302349995962207,0,5.8355153845590326e-05,0,1.3482489940319635e-05,0
74,82,0,0.0008533117375020423,0,0.00032302349995962207,0,5.8355153845590326e-05,0,1.8558376656800592e-05,0
74,83,0,0.0005198065620909502,0,0.00032302349995962207,0,5.7537626049645266e-05,0,1.5615909216936846e-05,0
74,84,0,0.00011383848030221406,0,0.00032302349995962207,0,5.8355153845590326e-05,0,1.4998722217122204e-05,0
74,85,0,0.00027610240530826836,0,0.00032302349995962207,0,5.8355153845590326e-05,0,1.4558179691522162e-05,0
74,86,0,0.000303423160533581,0,0.00032302349995962207,0,5.8355153845590326e-05,0,1.468652213180553e-05,0
74,87,0,0.0005482022809286421,0,0.00032302349995962207,0,5.8355153845590326e-05,0,1.5191818180009628e-05,0
74,88,0,0.0008475635784442462,0,0.00032302349995962207,0,5.8355153845590326e-05,0,1.6207862899452005e-05,0
74,89,0,0.002636667994405358,0,0.00032302349995962207,0,5.8355153845590326e-05,0,1.346900620502925e-05,0
74,90,0,0.0021318177497823645,0,0.00032302349995962207,0,5.8355153845590326e-05,0,1.505022510026504e-05,0
74,91,0,0.0020223048804689464,0,0.00032302349995962207,0,5.8355153845590326e-05,0,1.3153906099581179e-05,0
74,92,0,0.000956951630799027,0,0.00032302349995962207,0,5.8355153845590326e-05,0,1.4841555347820231e-05,0
74,93,0,0.00251347960370517,0,0.00032302349995962207,0,5.8355153845590326e-05,0,1.3094772753202009e-05,0
74,94,0,0.005138948702852099,0,0.00032302349995962207,0,5.8355153845590326e-05,0,1.5513779673865128e-05,0
74,95,0,0.006816196204634206,0,0.00032302349995962207,0,5.8355153845590326e-05,0,1.3996395515279429e-05,0
74,96,0,0.006072645879156349,0,0.00032302349995962207,0,5.8355153845590326e-05,0,1.4325286268953007e-05,0
74,97,0,0.0034947720475434294,0,0.00032302349995962207,0,5.4299674893526084e-05,0,1.76356924173264e-05,0
74,98,0,0.00574178023720516,0,0.00032302349995962207,0,5.8355153845590326e-05,0,2.0874540763175385e-05,0
74,99,0,0.015075129239351176,0,0.00032302349995962207,0,5.8355153845590326e-05,0,1.5698047520965466e-05,0
74,100,0,0.003954599736784747,0,0.00032302349995962207,0,5.8355153845590326e-05,0,1.4486525070217455e-05,0
74,101,0,0.0029359011340334626,0,0.00032302349995962207,0,0.0038987283944017866,0,1.5769296945604063e-05,0
74,102,0,0.0055266834567293385,0,0.00032302349995962207,0,5.8355153845590326e-05,0,1.3323175737863619e-05,0
74,103,0,0.008636036170869029,0,0.00032302349995962207,0,5.8355153845590326e-05,0,1.2772389299483782e-05,0
74,104,0,0.0065829773720066905,0,0.00032302349995962207,0,5.8355153845590326e-05,0,1.652568376480988e-05,0
74,105,0,0.006727484096543577,0,0.00032302349995962207,0,5.8355153845590326e-05,0,1.2797317659834006e-05,0
74,106,0,0.0036007261985758925,0,0.00032302349995962207,0,5.8355153845590326e-05,0,1.692007261800269e-05,0
74,107,0,0.0020599714562204124,0,0.00032302349995962207,0,5.8355153845590326e-05,0,1.3894260213557527e-05,0
74,108,0,0.002288040548800079,0,0.00032302349995962207,0,5.8355153845590326e-05,0,2.3576112328707983e-05,0
74,109,0,0.002870029333493,0,0.00032302349995962207,0,5.8355153845590326e-05,0,2.3980196918746755e-05,0
74,110,0,0.00940733905819495,0,0.00032302349995962207,0,5.8355153845590326e-05,0,3.271977234173746e-05,0
74,111,0,0.007957804536448896,0,0.00032302349995962207,0,0.0036228205654548666,0,8.410800199282053e-05,0
74,112,0,0.0033185036308832185,0,0.00032302349995962207,0,9.7317084199381e-05,0,3.3173028851451775e-05,0
74,113,0,0.004565150108036985,0,0.00032302349995962207,0,0.007138392035469878,0,3.638718467335635e-05,0
74,114,0,0.0026624522396726503,0,0.0,0,0.0038066686710055532,0,6.417333636950495e-05,0
74,115,0,0.0149922712917759,0,0.00032302349995962207,0,5.8355153845590326e-05,0,3.260345236674543e-05,0
74,116,0,0.013768919538835356,0,0.00032302349995962207,0,5.58264827700933e-05,0,2.3326936732260156e-05,0
74,117,0,0.01018926721836226,0,0.00032302349995962207,0,0.0003076751724947469,0,4.147455311786912e-05,0
74,118,0,0.012602395534529472,0,0.00032302349995962207,0,5.8355153845590326e-05,0,3.572595531992264e-05,0
74,119,0,0.010457008732061547,0,0.00032302349995962207,0,6.389432626036288e-05,0,6.0816025481549706e-05,0
74,120,0,0.013571854481626714,0,0.0,0,5.751495892036768e-05,0,2.3231076798185258e-05,0
74,121,0,0.03501186288677299,0,0.00032302349995962207,0,5.8355153845590326e-05,0,2.69305058234646e-05,0
74,122,0,0.027965827264853294,0,0.00032302349995962207,0,0.00010296350146792167,0,4.933015869120721e-05,0
74,123,0,0.027392858201904312,0,0.00032302349995962207,0,0.001037186489079514,0,2.7087187220523705e-05,0
74,124,0,0.014716777955485679,0,0.00032302349995962207,0,0.019339183244535933,0,0.00020020657813045315,0
74,125,0,0.021399941664085737,0,0.0,0,0.018033393875180517,0,0.0006726289911858402,0
74,126,0,0.025459928151034615,0,0.00032302349995962207,0,0.024276004332176263,0,0.0006583107950596485,0
74,127,0,0.017686366453277733,0,0.0,0,0.033608260609317105,0,0.0007943503590730543,0
74,128,0,0.056808121976480386,0,0.0,0,0.05480076482361109,0,0.004403655097863854,0
74,129,0,0.07603348307441607,0,0.00032302349995962207,0,0.014104231219204648,0,0.0001483310855963292,0
74,130,0,0.05222600203553329,0,0.00032302349995962207,0,0.03701998146302333,0,0.0014526139423938621,0
74,131,0,0.031145685791999434,0,0.0,0,0.012701434006769848,0,0.0030211957229206426,0
74,132,0,0.06489151697233314,0,0.0,0,0.07455146907990019,0,0.004366214711260015,0
74,133,0,0.028444003488022288,0,0.00032302349995962207,0,0.05793860436737655,0,0.02648478852041816,0
74,134,0,0.05956544955644783,0,0.6,1,0.20528671715678587,0,0.07659061398789391,0
74,135,0,0.05176641177453885,0,0.16666666666666666,0,0.166727590092774,0,0.09508758649342387,0
74,136,1,0.04768184829420075,0,0.00032302349995962207,0,0.2705573175876381,0,0.05709502052445461,0
74,137,1,0.09596093861113064,0,0.3333333333333333,0,0.23461377027764294,0,0.005982492150957914,0
74,138,1,0.09789459338748183,0,1.0,1,0.34101079260189515,0,0.13174556640926968,0
74,139,1,0.16782357366663272,0,1.0,1,0.3247684360997265,0,0.12232110785486516,0
74,140,1,0.26656464644471134,0,0.4,0,0.422142266273774,0,0.6412124113574712,1
74,141,1,0.6631095607682388,1,1.0,1,0.6144884052963561,1,0.9145553980901726,1
74,142,1,0.6430829889311492,1,1.0,1,0.5889384216951872,1,0.9275191041448237,1
74,143,1,0.5912042000998642,1,1.0,1,0.6632550668285963,1,0.6476522484349173,1
74,144,1,0.7416552647584961,1,1.0,1,0.6534676279504503,1,0.7835943103911992,1
74,145,1,0.5483322853369177,1,1.0,1,0.6367799612372815,1,0.6664218281900344,1
74,146,1,0.7328445519594956,1,1.0,1,0.7518314324564325,1,0.9232189776377753,1
74,147,1,0.7077621140618017,1,1.0,1,0.7257601726401788,1,0.9711536221472021,1
74,148,1,0.7939903754195407,1,1.0,1,0.7446844988344988,1,0.7923630377399086,1
74,149,1,0.8336786788056573,1,1.0,1,0.7271607276549281,1,0.9121903876530866,1
74,150,1,0.9572288653125736,1,1.0,1,0.8360852630944159,1,0.9895890461015533,1
74,151,1,0.8818447445645015,1,1.0,1,0.7354173735741629,1,0.9944312207874719,1
74,152,1,0.9362787977039458,1,1.0,1,0.7434628837007599,1,0.9932968556560305,1
74,153,1,0.9644383085929,1,1.0,1,0.8479644982235871,1,0.9846751266142614,1
74,154,1,0.9674924875067696,1,1.0,1,0.8861052398090947,1,0.9857068621463402,1
74,155,1,0.9742737273607313,1,1.0,1,0.9398849152676755,1,0.993478441801389,1
74,156,1,0.971336952424382,1,1.0,1,0.9597768610897884,1,0.9873112408500351,1
74,157,1,0.9938668788454285,1,1.0,1,0.9661493555864117,1,0.9976501260293333,1
74,158,1,0.9991401689223419,1,1.0,1,0.9712187184530469,1,0.9959897899919001,1
74,159,1,0.9986355556120361,1,0.9892367906066536,1,0.9851425209330827,1,0.9975393529518753,1
74,160,1,0.9990542054465518,1,0.9892367906066536,1,0.9840324008112582,1,0.9983165960490238,1
74,161,1,0.9993324298122062,1,0.9892367906066536,1,0.9831150385122812,1,0.9969437948720721,1
74,162,1,0.998900716623688,1,0.9787234042553191,1,0.9473663751905427,1,0.9955536657520461,1
74,163,1,0.9994103739840179,1,0.9787234042553191,1,0.9165459189999283,1,0.9981446918902784,1
74,164,1,0.9996440261944587,1,0.9787234042553191,1,0.9043850274855785,1,0.9919226788968764,1
74,165,1,0.9998159707419448,1,0.9892367906066536,1,0.9297660076306304,1,0.9782875673231523,1
74,166,0,0.9999371361972821,1,0.9892367906066536,1,0.8486032507079487,1,0.600743982183208,1
77,1,0,0.17958160418058267,0,0.00032302349995962207,0,0.04267664483098427,0,0.0001030091045492476,0
77,2,0,0.00029696928613128735,0,0.00032302349995962207,0,0.053244187198218954,0,0.0001402297144553377,0
77,3,0,0.0007745333165296299,0,0.00032302349995962207,0,0.0001989380547420081,0,3.262383164100286e-05,0
77,4,0,0.0013863315798956272,0,0.00032302349995962207,0,9.90055603496554e-05,0,2.140821038498232e-05,0
77,5,0,0.003374632363077031,0,0.00032302349995962207,0,0.0001203959346812062,0,2.8109821295596356e-05,0
77,6,0,0.005531165853835179,0,0.00032302349995962207,0,0.00019192984584174414,0,2.7196642257802576e-05,0
77,7,0,0.003663121103823701,0,0.00032302349995962207,0,0.0012268236975351717,0,4.030078695481727e-05,0
77,8,0,0.005221904058094435,0,0.00032302349995962207,0,0.0037161091645407773,0,3.2105201261084674e-05,0
77,9,0,0.012153174013381021,0,0.00032302349995962207,0,7.974552817714113e-05,0,2.7677263020024352e-05,0
77,10,0,0.0036247553419477686,0,0.00032302349995962207,0,5.8355153845590326e-05,0,5.188662941781441e-05,0
77,11,0,0.0026043389715277214,0,0.00032302349995962207,0,5.8355153845590326e-05,0,2.6951034310743276e-05,0
77,12,0,0.002248359119768611,0,0.00032302349995962207,0,0.0005658124781024906,0,2.1129416441455973e-05,0
77,13,0,0.0010662805268073184,0,0.00032302349995962207,0,5.8355153845590326e-05,0,1.7815252772146135e-05,0
77,14,0,0.000738872042211029,0,0.00032302349995962207,0,0.000512900608391045,0,2.4039642033018826e-05,0
77,15,0,0.0003556715388392416,0,0.00032302349995962207,0,5.8355153845590326e-05,0,1.7027534235607248e-05,0
77,16,0,0.0004360609952204516,0,0.00032302349995962207,0,5.8355153845590326e-05,0,1.9085966845936924e-05,0
77,17,0,0.00013574714127074928,0,0.00032302349995962207,0,5.8355153845590326e-05,0,2.0790621765866064e-05,0
77,18,0,0.00034410603497457337,0,0.00032302349995962207,0,5.8355153845590326e-05,0,2.4261110102664423e-05,0
77,19,0,0.0006011968387864472,0,0.00032302349995962207,0,5.8355153845590326e-05,0,1.987512978772963e-05,0
77,20,0,0.002312053571045426,0,0.00032302349995962207,0,5.8355153845590326e-05,0,2.3819770422091317e-05,0
77,21,0,0.002756932981439652,0,0.00032302349995962207,0,5.8355153845590326e-05,0,3.097124907232855e-05,0
77,22,0,0.0023788304243308866,0,0.00032302349995962207,0,5.8355153845590326e-05,0,2.024159308066141e-05,0
77,23,0,0.00037465986912500347,0,0.00032302349995962207,0,5.8355153845590326e-05,0,2.7585133720561365e-05,0
77,24,0,3.347181977932975e-05,0,0.00032302349995962207,0,5.8355153845590326e-05,0,2.2549805878648458e-05,0
77,25,0,1.7394722305369047e-05,0,0.00032302349995962207,0,5.8355153845590326e-05,0,2.3960225231847605e-05,0
77,26,0,2.486182809459221e-05,0,0.00032302349995962207,0,5.8355153845590326e-05,0,1.7715165125663853e-05,0
77,27,0,0.0001113957134877446,0,0.00032302349995962207,0,5.8355153845590326e-05,0,1.6159060222271003e-05,0
77,28,0,9.498444535268279e-05,0,0.00032302349995962207,0,0.00011126702355703592,0,1.6916736173227293e-05,0
77,29,0,0.00024556252211696387,0,0.0,0,8.3900183194774e-05,0,2.0874954011016223e-05,0
77,30,0,0.0003262943653965855,0,0.00032302349995962207,0,0.0014869265824170182,0,1.632421655133959e-05,0
77,31,0,0.0025220959283331203,0,0.00032302349995962207,0,5.8355153845590326e-05,0,1.6624457152706853e-05,0
77,32,0,0.010507807071105178,0,0.00032302349995962207,0,0.002997923648875054,0,1.956674830949524e-05,0
77,33,0,0.03410728223023011,0,0.00032302349995962207,0,5.589714483289062e-05,0,1.5530713565680365e-05,0
77,34,0,0.027391551006836448,0,0.00032302349995962207,0,0.0017250218205122566,0,1.4440384525678792e-05,0
77,35,0,0.02438023986222398,0,0.00032302349995962207,0,5.8355153845590326e-05,0,1.61355858848826e-05,0
77,36,0,0.028680052131693227,0,0.00032302349995962207,0,0.0014869265824170187,0,1.830910651648444e-05,0
77,37,0,0.007314469900008354,0,0.00032302349995962207,0,5.8355153845590326e-05,0,1.6161542604830465e-05,0
77,38,0,0.006459776025997768,0,0.00032302349995962207,0,5.8355153845590326e-05,0,1.808574334927478e-05,0
77,39,0,0.0014843661468920946,0,0.00032302349995962207,0,0.0001855958708750398,0,1.5485267592374516e-05,0
77,40,0,0.0004937950952334562,0,0.00032302349995962207,0,6.998306082233453e-05,0,1.6086097757386575e-05,0
77,41,0,0.002383979868864184,0,0.00032302349995962207,0,5.8355153845590326e-05,0,1.5123328114873068e-05,0
77,42,0,0.0020368186042791204,0,0.00032302349995962207,0,5.8355153845590326e-05,0,1.5671521800129465e-05,0
77,43,0,0.00034331970923300275,0,0.00032302349995962207,0,5.8355153845590326e-05,0,1.6980544544222035e-05,0
77,44,0,0.00029508961231797405,0,0.00032302349995962207,0,5.8355153845590326e-05,0,1.4936650176936062e-05,0
77,45,0,5.892292863956085e-05,0,0.00032302349995962207,0,5.8355153845590326e-05,0,1.6558007675334946e-05,0
77,46,0,0.00010509065766789899,0,0.00032302349995962207,0,5.8355153845590326e-05,0,1.457937793022159e-05,0
77,47,0,0.00014205714873109234,0,0.00032302349995962207,0,5.8355153845590326e-05,0,1.8552889019390735e-05,0
77,48,0,0.0012789897459516385,0,0.00032302349995962207,0,5.8355153845590326e-05,0,1.4294676779247567e-05,0
77,49,0,0.0016358405659068845,0,0.00032302349995962207,0,5.8355153845590326e-05,0,1.4526844482013e-05,0
77,50,0,0.0075322915798359215,0,0.00032302349995962207,0,5.8355153845590326e-05,0,1.3612052626751785e-05,0
77,51,0,0.0020992711140261026,0,0.00032302349995962207,0,5.8355153845590326e-05,0,1.3538191891404679e-05,0
77,52,0,0.000528954474889849,0,0.00032302349995962207,0,5.8355153845590326e-05,0,1.3065118027094543e-05,0
77,53,0,0.0010818103185656473,0,0.00032302349995962207,0,5.8355153845590326e-05,0,1.4887918062427442e-05,0
77,54,0,0.0018462665571553005,0,0.00032302349995962207,0,5.8355153845590326e-05,0,1.6153193751714264e-05,0
77,55,0,0.0047945671012629126,0,0.00032302349995962207,0,5.8355153845590326e-05,0,1.7889126148361113e-05,0
77,56,0,0.0017403626066492019,0,0.00032302349995962207,0,5.8355153845590326e-05,0,2.4500781298962087e-05,0
77,57,0,0.0008107439588099228,0,0.00032302349995962207,0,5.8355153845590326e-05,0,1.6053141360325765e-05,0
77,58,0,0.0007085082547466221,0,0.00032302349995962207,0,5.8355153845590326e-05,0,1.7419898280678564e-05,0
77,59,0,0.0007824552320150246,0,0.00032302349995962207,0,5.8355153845590326e-05,0,1.750882094997875e-05,0
77,60,0,0.002016417787840353,0,0.00032302349995962207,0,5.8355153845590326e-05,0,1.9221165244671964e-05,0
77,61,0,0.0027984912393889017,0,0.00032302349995962207,0,0.0077516086295512845,0,2.11493650473307e-05,0
77,62,0,0.005346594076674495,0,0.00032302349995962207,0,0.00040505236545765344,0,2.9110215108565638e-05,0
77,63,0,0.0039510585916029345,0,0.00032302349995962207,0,0.000964253862620244,0,2.2449790684865903e-05,0
77,64,0,0.0036439841350312412,0,0.00032302349995962207,0,0.00842773492381906,0,1.909725161997942e-05,0
77,65,0,0.0012061107128883354,0,0.00032302349995962207,0,0.0002540536290699083,0,1.776356195558386e-05,0
77,66,0,0.0006001254010595538,0,0.00032302349995962207,0,0.0014196577789869459,0,1.645079360616391e-05,0
77,67,0,0.001042560502785006,0,0.00032302349995962207,0,0.00016798941727244298,0,1.66408213911812e-05,0
77,68,0,0.002100178915417912,0,0.00032302349995962207,0,0.00017051233376390708,0,2.3736975395288547e-05,0
77,69,0,0.002962169014994233,0,0.00032302349995962207,0,0.00017051233376390708,0,2.2103463235538004e-05,0
77,70,0,0.0016195213953548028,0,0.00032302349995962207,0,0.00017051233376390708,0,2.5536137155922776e-05,0
77,71,0,0.0011782771060978667,0,0.00032302349995962207,0,0.00017051233376390708,0,2.3349934138707118e-05,0
77,72,0,0.005833547817715524,0,0.00032302349995962207,0,0.00040442644026463415,0,2.1618724742522586e-05,0
77,73,0,0.004125265773843209,0,0.00032302349995962207,0,0.00017051233376390708,0,1.7432000968541824e-05,0
77,74,0,0.00785144425107667,0,0.00032302349995962207,0,0.00017051233376390708,0,1.5253411845746166e-05,0
77,75,0,0.012174491842366233,0,0.00032302349995962207,0,0.00017051233376390708,0,2.8830510773063774e-05,0
77,76,0,0.0067136371895024855,0,0.00032302349995962207,0,0.0018371790004305735,0,2.434047405706531e-05,0
77,77,0,0.017355769373092893,0,0.00032302349995962207,0,0.00017051233376390708,0,3.122981011888357e-05,0
77,78,0,0.021055369071380396,0,0.00032302349995962207,0,0.00017051233376390708,0,2.7446012616275193e-05,0
77,79,0,0.06393022761760132,0,0.00032302349995962207,0,0.0001679337106794236,0,2.963799440110276e-05,0
77,80,0,0.06471249110526757,0,0.0,0,0.03387087254097407,0,3.2593647148883165e-05,0
77,81,0,0.017629714030186462,0,0.0,0,0.036223824979473254,0,2.1404093123182648e-05,0
77,82,0,0.009046015823940478,0,0.0,0,0.03482387360697926,0,1.9063086772225673e-05,0
77,83,0,0.023149485000538917,0,0.0,0,0.04189482065046891,0,2.0074727543307386e-05,0
77,84,0,0.042708154524512834,0,0.0,0,0.022609106364754633,0,2.1207123163924604e-05,0
77,85,0,0.03346610792548215,0,0.00032302349995962207,0,0.030936017552024384,0,1.9867371560094685e-05,0
77,86,0,0.02822317683407589,0,0.00032302349995962207,0,0.017304489682504486,0,1.9568642384582644e-05,0
77,87,0,0.0397566553400024,0,0.00032302349995962207,0,0.013064092617334004,0,1.9309048360757894e-05,0
77,88,0,0.019652685079018607,0,0.00032302349995962207,0,0.014704794206852487,0,2.4803126271092716e-05,0
77,89,0,0.03701009155677066,0,0.00032302349995962207,0,0.008977166492131695,0,3.79122535563954e-05,0
77,90,0,0.01876904885010958,0,0.00032302349995962207,0,0.012759652363231481,0,4.378672462867135e-05,0
77,91,0,0.004033276390341839,0,0.00032302349995962207,0,0.02174855170527326,0,3.2790186624628704e-05,0
77,92,0,0.0024753767134904725,0,0.00032302349995962207,0,0.010999130708212582,0,3.0311301393418362e-05,0
77,93,0,0.004061009782537012,0,0.00032302349995962207,0,0.0026510036714069013,0,7.441494682923051e-05,0
77,94,0,0.01404048322058774,0,0.00032302349995962207,0,0.00438471932148725,0,0.00012202240672578801,0
77,95,0,0.05100521496548638,0,0.0,0,0.009516323957577828,0,0.0007838906049074233,0
77,96,0,0.027234819139572645,0,0.0,0,0.03399756607086181,0,0.00012408714424782844,0
77,97,0,0.015704368188937227,0,0.0,0,0.033921151991072374,0,0.0002515434251484436,0
77,98,0,0.01214320665566055,0,0.0,0,0.04472815348390198,0,0.004557395167222177,0
77,99,0,0.007841344942988033,0,1.0,1,0.06024195190264165,0,0.004332550508989279,0
77,100,0,0.02794022939808924,0,1.0,1,0.11742196161330722,0,0.0005034758049715372,0
77,101,0,0.021653755892005452,0,0.01674641148325359,0,0.04119455754395112,0,0.0003272129688191812,0
77,102,0,0.015784756327065448,0,0.01674641148325359,0,0.041852242009310064,0,0.0002515631251105902,0
77,103,0,0.01371349192830858,0,0.00032302349995962207,0,0.017981337649672677,0,9.055648404838188e-05,0
77,104,0,0.0029592472791298056,0,0.01674641148325359,0,0.023890925038031776,0,9.233904809066498e-05,0
77,105,0,0.0019114173300332046,0,0.01674641148325359,0,0.03875420560359296,0,0.00029468604778260665,0
77,106,0,0.0009315658465625761,0,0.01674641148325359,0,0.018881545483672556,0,0.00016823964492847438,0
77,107,0,0.005996760143237135,0,0.01674641148325359,0,0.05608216229131762,0,0.0004954471564152292,0
77,108,0,0.013370897795404253,0,0.01674641148325359,0,0.026298125673230466,0,0.00035662481901814816,0
77,109,0,0.007242004091695996,0,0.01674641148325359,0,0.06086802035752025,0,0.000623711936165879,0
77,110,0,0.002051804782765647,0,0.01674641148325359,0,0.040984091384899404,0,0.000247004622760991,0
77,111,0,0.003999442746541877,0,0.01674641148325359,0,0.03741141272359743,0,0.0003117421486098352,0
77,112,0,0.0051374066384353885,0,0.01674641148325359,0,0.033961144826530905,0,0.0002612863600640719,0
77,113,0,0.0028657519428348334,0,0.0,0,0.062269015551525184,0,0.07198097444340827,0
77,114,0,0.0023681573211476207,0,0.01674641148325359,0,0.08048535064134439,0,0.0004827848393770397,0
77,115,0,0.007271720519874954,0,0.01674641148325359,0,0.020485521844917576,0,0.001090846242801391,0
77,116,0,0.018016091642054838,0,0.01674641148325359,0,0.02450277837166407,0,0.00046266982877097445,0
77,117,0,0.008104621243482206,0,0.01674641148325359,0,0.10054888681712568,0,0.0016913565342016302,0
77,118,0,0.03600236796907464,0,0.0,0,0.07549923615631665,0,0.016943021034153592,0
77,119,0,0.010220728519322772,0,0.01674641148325359,0,0.052599974603035615,0,0.0013793745893928928,0
77,120,0,0.022646868140445985,0,0.01674641148325359,0,0.07983346995172878,0,0.005379787554665024,0
77,121,0,0.05384931837914061,0,0.0,0,0.07889277357276148,0,0.015839606803882484,0
77,122,0,0.020008624831493918,0,0.01674641148325359,0,0.10893215635888875,0,0.008308669234333793,0
77,123,0,0.03064249286224856,0,0.01674641148325359,0,0.07580312438060821,0,0.003981437805107963,0
77,124,1,0.030664009587624042,0,0.0,0,0.089007389439798,0,0.0359916639952029,0
77,125,1,0.07233966894473323,0,0.01674641148325359,0,0.14273736879845644,0,0.21064348056112622,0
77,126,1,0.03867088005730373,0,0.01674641148325359,0,0.11073973591487006,0,0.01819742707277392,0
77,127,1,0.15732937494706017,0,1.0,1,0.20146146559864156,0,0.14437374375668297,0
77,128,1,0.11896727149021714,0,1.0,1,0.17595686430443028,0,0.4738403023582611,0
77,129,1,0.2334956383725089,0,1.0,1,0.22055026004293637,0,0.043026831052021174,0
77,130,1,0.3774803733453751,0,1.0,1,0.24193062064758958,0,0.2085771097459179,0
77,131,1,0.29827613840091094,0,1.0,1,0.2005855703160101,0,0.16196470301099025,0
77,132,1,0.4805570573887375,0,1.0,1,0.3739760006607817,0,0.6379916076125036,1
77,133,1,0.5428555915353157,1,1.0,1,0.31986716327966297,0,0.007692778068569682,0
77,134,1,0.616096747686039,1,0.0,0,0.2195527744137222,0,0.08889700617918402,0
77,135,1,0.5119702005744862,1,0.0,0,0.3010953543771884,0,0.2866721724584576,0
77,136,1,0.7251330840911747,1,1.0,1,0.49593878715729345,0,0.46527399810991904,0
77,137,1,0.6595361913141795,1,1.0,1,0.5026731289589895,1,0.5660888081020556,1
77,138,1,0.7199634308130162,1,0.01674641148325359,0,0.5492663085423092,1,0.6320227570079515,1
77,139,1,0.839612266329843,1,1.0,1,0.6798824831020049,1,0.8302404135669618,1
77,140,1,0.9654154860851536,1,0.6,1,0.8017208640229576,1,0.9910985627626177,1
77,141,1,0.9393378589776453,1,1.0,1,0.7956718635049573,1,0.9552199838017253,1
77,142,1,0.9739590839761523,1,1.0,1,0.8322623291507294,1,0.9912581259755937,1
77,143,1,0.9504307300215374,1,0.9892367906066536,1,0.8225144458394155,1,0.9930212467090206,1
77,144,1,0.9806193399442469,1,0.9892367906066536,1,0.924497028561234,1,0.996138804864596,1
77,145,1,0.9674860346102442,1,0.9892367906066536,1,0.911808182729322,1,0.9968024377051136,1
77,146,1,0.9528378040523875,1,0.9892367906066536,1,0.9729616707387895,1,0.9985546929950769,1
77,147,1,0.9759396533576817,1,0.9892367906066536,1,0.9724891273354088,1,0.9983203313389551,1
77,148,1,0.9868006013047355,1,0.9892367906066536,1,0.9791048335361923,1,0.998263902786004,1
77,149,1,0.9783194740081186,1,0.9892367906066536,1,0.9530359357119852,1,0.9919945363074831,1
77,150,1,0.9899213220661386,1,0.9892367906066536,1,0.9633802194496356,1,0.9946547558430248,1
77,151,1,0.9955538542923749,1,0.9892367906066536,1,0.9557800210324259,1,0.9922170713067169,1
77,152,1,0.9971834250722102,1,0.9892367906066536,1,0.9403839200716595,1,0.9731957761579086,1
77,153,1,0.9906370636597409,1,0.9892367906066536,1,0.8543550919265348,1,0.8986430169374011,1
77,154,0,0.9925153636799149,1,0.9892367906066536,1,0.86741432576966,1,0.9423620808686121,1
78,1,0,1.0346937013846158e-05,0,0.00032302349995962207,0,5.494985846062932e-05,0,1.7940869050521502e-05,0
78,2,0,2.953449444304815e-10,0,0.00032302349995962207,0,0.004499394302905073,0,1.3731015085746948e-05,0
78,3,0,4.533144437276204e-11,0,0.00032302349995962207,0,5.8355153845590326e-05,0,1.3476247181008988e-05,0
78,4,0,2.4753208152070802e-11,0,0.00032302349995962207,0,5.8355153845590326e-05,0,1.3602353002444983e-05,0
78,5,0,4.0338022170502606e-11,0,0.00032302349995962207,0,5.8355153845590326e-05,0,1.3602353002444983e-05,0
78,6,0,1.439614193124127e-10,0,0.00032302349995962207,0,5.8355153845590326e-05,0,1.3476247181008988e-05,0
78,7,0,4.2006994542590257e-10,0,0.00032302349995962207,0,5.8355153845590326e-05,0,1.4774157474828045e-05,0
78,8,0,5.743680334573128e-09,0,0.00032302349995962207,0,5.8355153845590326e-05,0,1.3548839825295053e-05,0
78,9,0,2.5604548076744115e-08,0,0.00032302349995962207,0,5.8355153845590326e-05,0,1.3476247181008988e-05,0
78,10,0,2.070675253625458e-07,0,0.00032302349995962207,0,5.8355153845590326e-05,0,1.2851809659814438e-05,0
78,11,0,3.1937637751789265e-08,0,0.00032302349995962207,0,5.8355153845590326e-05,0,1.3237673342592269e-05,0
78,12,0,4.009602796938319e-08,0,0.00032302349995962207,0,5.8355153845590326e-05,0,1.2980546861354246e-05,0
78,13,0,3.094116953913832e-07,0,0.00032302349995962207,0,5.8355153845590326e-05,0,1.3285669375625655e-05,0
78,14,0,4.2274334288497556e-07,0,0.00032302349995962207,0,5.8355153845590326e-05,0,1.3224762408692447e-05,0
78,15,0,3.39332797421949e-06,0,0.00032302349995962207,0,0.00022068969352446611,0,1.7915051344187752e-05,0
78,16,0,2.726837539752898e-06,0,0.00032302349995962207,0,5.8355153845590326e-05,0,1.3224762408692447e-05,0
78,17,0,4.907638803414252e-06,0,0.00032302349995962207,0,5.8355153845590326e-05,0,1.4923131459763466e-05,0
78,18,0,5.457950105264465e-06,0,0.00032302349995962207,0,5.8355153845590326e-05,0,1.3548839825295053e-05,0
78,19,0,3.0512337025617325e-06,0,0.00032302349995962207,0,0.0024958621920247444,0,1.3153906099581179e-05,0
78,20,0,1.7566218615539877e-07,0,0.00032302349995962207,0,5.8355153845590326e-05,0,1.3171739674432313e-05,0
78,21,0,7.717111578599251e-08,0,0.00032302349995962207,0,5.8355153845590326e-05,0,1.3101167449519374e-05,0
78,22,0,8.756035403816133e-08,0,0.00032302349995962207,0,5.8355153845590326e-05,0,1.3476247181008988e-05,0
78,23,0,8.310465572965765e-08,0,0.00032302349995962207,0,5.8355153845590326e-05,0,1.5030520325211413e-05,0
78,24,0,1.470174203855191e-07,0,0.00032302349995962207,0,5.747277495209346e-05,0,1.3384762933071771e-05,0
78,25,0,4.210730423456642e-08,0,0.00032302349995962207,0,5.8355153845590326e-05,0,1.3153906099581179e-05,0
78,26,0,2.886187801758402e-08,0,0.00032302349995962207,0,5.8355153845590326e-05,0,1.2851809659814438e-05,0
78,27,0,2.4836543628137905e-08,0,0.00032302349995962207,0,5.8355153845590326e-05,0,1.2851809659814438e-05,0
78,28,0,3.8636358930087205e-08,0,0.00032302349995962207,0,5.8355153845590326e-05,0,1.520525223701221e-05,0
78,29,0,1.0367051983007225e-08,0,0.00032302349995962207,0,5.8355153845590326e-05,0,1.7966918839533946e-05,0
78,30,0,2.7147820407403983e-08,0,0.00032302349995962207,0,5.8355153845590326e-05,0,1.3153906099581179e-05,0
78,31,0,6.865248908337366e-08,0,0.00032302349995962207,0,5.8355153845590326e-05,0,1.2851809659814438e-05,0
78,32,0,1.527142416034132e-07,0,0.00032302349995962207,0,5.8355153845590326e-05,0,1.4566182564807656e-05,0
78,33,0,2.2793748699511215e-07,0,0.00032302349995962207,0,5.8355153845590326e-05,0,1.3165310532176669e-05,0
78,34,0,3.0843694732772675e-07,0,0.00032302349995962207,0,5.8355153845590326e-05,0,1.3474776068104381e-05,0
78,35,0,3.070299494983193e-07,0,0.00032302349995962207,0,5.8355153845590326e-05,0,1.626630104810497e-05,0
78,36,0,2.0795849593368006e-07,0,0.00032302349995962207,0,5.8355153845590326e-05,0,1.319100576179793e-05,0
78,37,0,1.6386707736240427e-07,0,0.00032302349995962207,0,5.8355153845590326e-05,0,1.5599584353343086e-05,0
78,38,0,2.637728907953062e-07,0,0.00032302349995962207,0,5.8355153845590326e-05,0,1.3476247181008988e-05,0
78,39,0,8.256107029722275e-07,0,0.00032302349995962207,0,5.8355153845590326e-05,0,1.2851809659814438e-05,0
78,40,0,3.0792713137122426e-07,0,0.00032302349995962207,0,5.8355153845590326e-05,0,1.3153906099581179e-05,0
78,41,0,7.680948254434779e-07,0,0.00032302349995962207,0,5.8355153845590326e-05,0,1.4430287529959237e-05,0
78,42,0,1.8767313835833416e-06,0,0.00032302349995962207,0,5.8355153845590326e-05,0,1.3153906099581179e-05,0
78,43,0,2.7743950105274715e-06,0,0.00032302349995962207,0,5.8355153845590326e-05,0,1.4905793666010991e-05,0
78,44,0,5.404482118066331e-06,0,0.00032302349995962207,0,5.8355153845590326e-05,0,1.4905793666010991e-05,0
78,45,0,2.1981903634206157e-06,0,0.00032302349995962207,0,0.0003076751724947469,0,1.6667406702637972e-05,0
78,46,0,4.07121796658378e-06,0,0.00032302349995962207,0,5.8355153845590326e-05,0,1.4905793666010991e-05,0
78,47,0,3.4145212960044743e-06,0,0.00032302349995962207,0,5.8355153845590326e-05,0,1.4566182564807656e-05,0
78,48,0,1.39170422186866e-06,0,0.00032302349995962207,0,5.666667769531595e-05,0,1.3153906099581179e-05,0
78,49,0,1.694939112200106e-06,0,0.00032302349995962207,0,5.8355153845590326e-05,0,1.3433426200704876e-05,0
78,50,0,1.089797243782852e-06,0,0.00032302349995962207,0,5.8355153845590326e-05,0,1.4627632037101576e-05,0
78,51,0,1.2010728054101833e-06,0,0.00032302349995962207,0,5.666667769531595e-05,0,1.539655082863546e-05,0
78,52,0,1.8184161332032882e-07,0,0.00032302349995962207,0,5.8355153845590326e-05,0,1.3153906099581179e-05,0
78,53,0,4.320934852095777e-08,0,0.00032302349995962207,0,5.8355153845590326e-05,0,1.6111346415105764e-05,0
78,54,0,5.262404768206354e-09,0,0.00032302349995962207,0,5.8355153845590326e-05,0,1.3404985194375969e-05,0
78,55,0,1.7916225341724453e-08,0,0.00032302349995962207,0,5.8355153845590326e-05,0,1.3153906099581179e-05,0
78,56,0,5.6910317732440975e-09,0,0.00032302349995962207,0,5.8355153845590326e-05,0,1.4566182564807656e-05,0
78,57,0,5.4461815570252255e-09,0,0.00032302349995962207,0,5.8355153845590326e-05,0,1.4627632037101576e-05,0
78,58,0,7.473471816750086e-09,0,0.00032302349995962207,0,5.8355153845590326e-05,0,1.872091959485047e-05,0
78,59,0,1.629546578470993e-08,0,0.00032302349995962207,0,5.8355153845590326e-05,0,1.7735789401995627e-05,0
78,60,0,9.44740801109784e-09,0,0.00032302349995962207,0,5.8355153845590326e-05,0,1.4549259470630478e-05,0
78,61,0,9.326465506223599e-09,0,0.00032302349995962207,0,5.8355153845590326e-05,0,1.3585062412482842e-05,0
78,62,0,6.867793277108138e-08,0,0.0,0,5.416093883134943e-05,0,1.7952875798195593e-05,0
78,63,0,1.5116103387931724e-07,0,0.00032302349995962207,0,5.8355153845590326e-05,0,1.7477934599308154e-05,0
78,64,0,5.472072345686123e-07,0,0.00032302349995962207,0,5.8355153845590326e-05,0,1.3402580240962057e-05,0
78,65,0,3.49293179009513e-07,0,0.00032302349995962207,0,5.8355153845590326e-05,0,1.4500700425776208e-05,0
78,66,0,1.2968157472751298e-05,0,0.00032302349995962207,0,5.8355153845590326e-05,0,1.5294612928093547e-05,0
78,67,0,1.61462204381701e-05,0,0.00032302349995962207,0,5.8355153845590326e-05,0,1.3747580114170272e-05,0
78,68,0,2.5604318526404635e-05,0,0.00032302349995962207,0,5.8355153845590326e-05,0,1.3711264233357479e-05,0
78,69,0,1.5128947139489987e-05,0,0.00032302349995962207,0,5.8355153845590326e-05,0,1.3094772753202009e-05,0
78,70,0,1.0639334965474826e-05,0,0.00032302349995962207,0,5.8355153845590326e-05,0,1.707125667901317e-05,0
78,71,0,2.5629929752646253e-05,0,0.00032302349995962207,0,5.8355153845590326e-05,0,1.3402580240962057e-05,0
78,72,0,3.564669062132372e-06,0,0.00032302349995962207,0,5.8355153845590326e-05,0,1.4411090557896881e-05,0
78,73,0,1.210606567565225e-06,0,0.00032302349995962207,0,5.8355153845590326e-05,0,1.3474776068104381e-05,0
78,74,0,2.102157037868593e-06,0,0.00032302349995962207,0,5.8355153845590326e-05,0,1.3225943695658955e-05,0
78,75,0,3.0328972005318933e-06,0,0.00032302349995962207,0,5.8355153845590326e-05,0,1.4841555347820231e-05,0
78,76,0,1.4576041114413239e-06,0,0.00032302349995962207,0,5.8355153845590326e-05,0,1.4486525070217455e-05,0
78,77,0,1.5129628795217927e-06,0,0.00032302349995962207,0,5.8355153845590326e-05,0,1.3225943695658955e-05,0
78,78,0,3.865878421739785e-06,0,0.00032302349995962207,0,5.8355153845590326e-05,0,1.3153906099581179e-05,0
78,79,0,6.747388849680337e-07,0,0.00032302349995962207,0,5.8355153845590326e-05,0,1.421773948667815e-05,0
78,80,0,9.949081829619328e-07,0,0.0,0,5.751495892036768e-05,0,1.5991345593961336e-05,0
78,81,0,5.970363329830998e-07,0,0.00032302349995962207,0,5.8355153845590326e-05,0,1.559734774494886e-05,0
78,82,0,1.0402201628455018e-06,0,0.00032302349995962207,0,5.8355153845590326e-05,0,1.5079257849237974e-05,0
78,83,0,2.4019419764577883e-06,0,0.00032302349995962207,0,5.8355153845590326e-05,0,1.3153906099581179e-05,0
78,84,0,1.7985665857588838e-06,0,0.00032302349995962207,0,5.8355153845590326e-05,0,1.4141563029377538e-05,0
78,85,0,4.3429681369837544e-06,0,0.00032302349995962207,0,5.8355153845590326e-05,0,1.3962467559548862e-05,0
78,86,0,4.8530617982454285e-06,0,0.00032302349995962207,0,5.8355153845590326e-05,0,1.587956700602912e-05,0
78,87,0,4.779167584810734e-06,0,0.00032302349995962207,0,5.8355153845590326e-05,0,1.3341585985261996e-05,0
78,88,0,6.693657595877133e-05,0,0.00032302349995962207,0,5.8355153845590326e-05,0,1.3565185081370046e-05,0
78,89,0,3.541928396155641e-05,0,0.00032302349995962207,0,5.8355153845590326e-05,0,1.3731400552898414e-05,0
78,90,0,4.658372429090237e-05,0,0.00032302349995962207,0,5.8355153845590326e-05,0,1.949001804127515e-05,0
78,91,0,1.1794984212741377e-05,0,0.00032302349995962207,0,5.8355153845590326e-05,0,1.381678408622297e-05,0
78,92,0,6.603234622767559e-07,0,0.00032302349995962207,0,5.8355153845590326e-05,0,1.3891211078802924e-05,0
78,93,0,4.6831912041007717e-07,0,0.00032302349995962207,0,5.8355153845590326e-05,0,1.3946840971881871e-05,0
78,94,0,4.809400052693592e-07,0,0.00032302349995962207,0,0.0003068236013459774,0,1.387404806686607e-05,0
78,95,0,1.9074536581932317e-07,0,0.00032302349995962207,0,5.8355153845590326e-05,0,1.5666286652943612e-05,0
78,96,0,1.6027935385360279e-07,0,0.00032302349995962207,0,5.8355153845590326e-05,0,1.4819836100161494e-05,0
78,97,0,9.623268600561622e-08,0,0.00032302349995962207,0,5.8355153845590326e-05,0,1.4289808982556483e-05,0
78,98,0,1.021836313071636e-07,0,0.00032302349995962207,0,5.8355153845590326e-05,0,1.403683263024492e-05,0
78,99,0,2.000875422618431e-06,0,0.00032302349995962207,0,5.8355153845590326e-05,0,1.6967124029272132e-05,0
78,100,0,2.6998254253179954e-06,0,0.00032302349995962207,0,5.8355153845590326e-05,0,1.523733350397883e-05,0
78,101,0,6.8487535702607425e-06,0,0.00032302349995962207,0,5.8355153845590326e-05,0,1.8960403216353845e-05,0
78,102,0,1.0246866274147023e-05,0,0.00032302349995962207,0,5.8355153845590326e-05,0,1.3961625430471614e-05,0
78,103,0,8.337650280205338e-05,0,0.00032302349995962207,0,5.8355153845590326e-05,0,1.5836032931993547e-05,0
78,104,0,0.00019359466840452005,0,0.00032302349995962207,0,5.8355153845590326e-05,0,1.341566477068218e-05,0
78,105,0,0.00023134006324775704,0,0.00032302349995962207,0,5.8355153845590326e-05,0,1.627864133019797e-05,0
78,106,0,0.0002048641616602257,0,0.00032302349995962207,0,5.8355153845590326e-05,0,1.3747580114170272e-05,0
78,107,0,6.856860527367283e-06,0,0.00032302349995962207,0,5.8355153845590326e-05,0,1.3431849367161203e-05,0
78,108,0,6.652617687565063e-07,0,0.00032302349995962207,0,5.8355153845590326e-05,0,1.350420285650002e-05,0
78,109,0,1.5949702748888572e-06,0,0.00032302349995962207,0,5.8355153845590326e-05,0,1.4943353126311755e-05,0
78,110,0,2.136438881863002e-06,0,0.00032302349995962207,0,5.8355153845590326e-05,0,1.2851809659814438e-05,0
78,111,0,3.847937060286153e-06,0,0.00032302349995962207,0,5.8355153845590326e-05,0,1.6387139744438824e-05,0
78,112,0,1.0846312506855565e-05,0,0.00032302349995962207,0,5.8355153845590326e-05,0,1.7591607424785287e-05,0
78,113,0,3.876824774767354e-06,0,0.00032302349995962207,0,5.8355153845590326e-05,0,1.587956700602912e-05,0
78,114,0,5.866720754996891e-07,0,0.00032302349995962207,0,0.00033293593998820687,0,1.784798753715735e-05,0
78,115,0,1.7791957545603992e-06,0,0.00032302349995962207,0,5.8355153845590326e-05,0,1.426966778170425e-05,0
78,116,0,2.1944130885598207e-06,0,0.00032302349995962207,0,5.8355153845590326e-05,0,1.4374210782822018e-05,0
78,117,0,0.0001124183046528143,0,0.00032302349995962207,0,5.8355153845590326e-05,0,1.317957907103762e-05,0
78,118,0,0.0006719585761075184,0,0.0,0,0.00027363442974751126,0,2.0516519462416873e-05,0
78,119,0,6.64897805635709e-05,0,0.00032302349995962207,0,5.8355153845590326e-05,0,1.4374210782822018e-05,0
78,120,0,3.9836252641561835e-05,0,0.00032302349995962207,0,5.8355153845590326e-05,0,1.3147808645033377e-05,0
78,121,0,8.456562780756252e-05,0,0.00032302349995962207,0,9.082268631312281e-05,0,1.5672889070888025e-05,0
78,122,0,4.7983669828513095e-05,0,0.00032302349995962207,0,5.8355153845590326e-05,0,1.381678408622297e-05,0
78,123,0,7.397527918586862e-05,0,0.00032302349995962207,0,5.8355153845590326e-05,0,1.443405071152284e-05,0
78,124,0,6.192261280296937e-05,0,0.00032302349995962207,0,5.8355153845590326e-05,0,1.5364330139827687e-05,0
78,125,0,0.00016159567047787868,0,0.00032302349995962207,0,5.8355153845590326e-05,0,1.3094772753202009e-05,0
78,126,0,0.00030484882567528436,0,0.00032302349995962207,0,5.8355153845590326e-05,0,1.4943353126311755e-05,0
78,127,0,0.00012871246178314588,0,0.00032302349995962207,0,5.8355153845590326e-05,0,1.407798973666781e-05,0
78,128,0,0.0001491542709500696,0,0.00032302349995962207,0,5.8355153845590326e-05,0,1.3094772753202009e-05,0
78,129,0,1.5536842408632334e-05,0,0.00032302349995962207,0,5.8355153845590326e-05,0,1.3165310532176669e-05,0
78,130,0,1.2870564542802938e-05,0,0.00032302349995962207,0,5.8355153845590326e-05,0,1.3431849367161203e-05,0
78,131,0,3.49935406163079e-05,0,0.00032302349995962207,0,5.8355153845590326e-05,0,1.4226427309992688e-05,0
78,132,0,4.0333818069742896e-05,0,0.00032302349995962207,0,5.8355153845590326e-05,0,1.6972959834182244e-05,0
78,133,0,0.00011667461441064563,0,0.00032302349995962207,0,5.8355153845590326e-05,0,1.3094772753202009e-05,0
78,134,0,0.00015602416910721355,0,0.00032302349995962207,0,5.8355153845590326e-05,0,1.5306660097905775e-05,0
78,135,0,5.672309925719703e-05,0,0.00032302349995962207,0,5.8355153845590326e-05,0,1.3487931079454713e-05,0
78,136,0,1.7396367419421284e-05,0,0.00032302349995962207,0,5.8355153845590326e-05,0,1.6335364918956007e-05,0
78,137,0,2.1566675142054472e-05,0,0.00032302349995962207,0,5.8355153845590326e-05,0,1.4927985885539977e-05,0
78,138,0,1.1118147617834774e-05,0,0.00032302349995962207,0,5.8355153845590326e-05,0,1.460783404601945e-05,0
78,139,0,3.326676035575909e-05,0,0.00032302349995962207,0,5.8355153845590326e-05,0,1.468652213180553e-05,0
78,140,0,1.334784040420307e-05,0,0.00032302349995962207,0,0.0003672402415042665,0,1.6219912712128595e-05,0
78,141,0,2.4455741185290906e-05,0,0.00032302349995962207,0,5.8355153845590326e-05,0,1.6404207997576462e-05,0
78,142,0,1.9857120322179e-05,0,0.00032302349995962207,0,5.8355153845590326e-05,0,1.3396367515790441e-05,0
78,143,0,9.728234791558044e-05,0,0.00032302349995962207,0,5.8355153845590326e-05,0,1.5188728695941144e-05,0
78,144,0,0.00022160566229366985,0,0.00032302349995962207,0,5.8355153845590326e-05,0,1.6811785453048633e-05,0
78,145,0,8.943775987682206e-05,0,0.00032302349995962207,0,5.8355153845590326e-05,0,1.4853245445797967e-05,0
78,146,0,0.0003074966400880164,0,0.00032302349995962207,0,5.8355153845590326e-05,0,1.316674785952916e-05,0
78,147,0,0.0001818911377635756,0,0.00032302349995962207,0,5.8355153845590326e-05,0,1.468759464132821e-05,0
78,148,0,0.00015537730280850332,0,0.00032302349995962207,0,5.8355153845590326e-05,0,1.3067661469598886e-05,0
78,149,0,0.00012385395848764586,0,0.00032302349995962207,0,5.8355153845590326e-05,0,1.2872975467170868e-05,0
78,150,0,0.00018048694998113978,0,0.00032302349995962207,0,9.082268631312281e-05,0,1.4732740353610536e-05,0
78,151,0,0.000189696879768172,0,0.00032302349995962207,0,5.8355153845590326e-05,0,1.8334708339108256e-05,0
78,152,0,0.0002811560954927268,0,0.00032302349995962207,0,5.8355153845590326e-05,0,1.3271525595977408e-05,0
78,153,0,0.00015569409339916774,0,0.00032302349995962207,0,5.342312207188121e-05,0,1.2577330881005736e-05,0
78,154,0,0.00024661288379703507,0,0.00032302349995962207,0,5.8355153845590326e-05,0,1.3780629249339299e-05,0
78,155,0,0.0003616389535942476,0,0.0,0,0.004557678679752542,0,1.7245592717339604e-05,0
78,156,0,0.00022560318652958448,0,0.00032302349995962207,0,5.8355153845590326e-05,0,1.3476247181008988e-05,0
78,157,0,0.0003430749887955025,0,0.00032302349995962207,0,5.8355153845590326e-05,0,1.3265444348791138e-05,0
78,158,0,0.0028268416429059313,0,0.00032302349995962207,0,5.8355153845590326e-05,0,1.327697850597241e-05,0
78,159,0,0.004197721469153232,0,0.00032302349995962207,0,5.8355153845590326e-05,0,1.5765590712343077e-05,0
78,160,0,0.009056663736181721,0,0.0,0,0.00020590698336159618,0,1.372941282530352e-05,0
78,161,0,0.002560816399335817,0,0.00032302349995962207,0,5.8355153845590326e-05,0,1.6389574718968598e-05,0
78,162,0,0.0015413174340395367,0,0.00032302349995962207,0,5.8355153845590326e-05,0,1.3113297948737222e-05,0
78,163,0,0.00552853612987878,0,0.0,0,0.00019332148051773515,0,1.8791023624174533e-05,0
78,164,0,0.0023218377106516775,0,0.00032302349995962207,0,5.8355153845590326e-05,0,2.3200495928353323e-05,0
78,165,0,0.0023590573180306395,0,0.00032302349995962207,0,5.8355153845590326e-05,0,1.9105647534944824e-05,0
78,166,0,0.0025763622036394165,0,0.00032302349995962207,0,0.0003672402415042665,0,2.187959790037347e-05,0
78,167,0,0.0018940301006193374,0,0.00032302349995962207,0,0.024578022060397085,0,3.674799869563419e-05,0
78,168,0,0.0006627451023584437,0,0.0,0,0.0003093008661113622,0,1.804717745257114e-05,0
78,169,0,0.0022439129893624048,0,0.00032302349995962207,0,0.0011637034189319311,0,3.22138119460587e-05,0
78,170,0,0.005575217077698535,0,0.00032302349995962207,0,5.2574548247940205e-05,0,3.1415543051998596e-05,0
78,171,0,0.0037432134246952187,0,0.00032302349995962207,0,5.8355153845590326e-05,0,1.4248704870075524e-05,0
78,172,0,0.005106120275043319,0,0.00032302349995962207,0,0.0003068236013459774,0,2.3780483988962053e-05,0
78,173,0,0.007848104878917721,0,0.0,0,0.0031595939762156786,0,7.436089864000545e-05,0
78,174,0,0.003479029465852879,0,0.00032302349995962207,0,5.8355153845590326e-05,0,2.2847531146054155e-05,0
78,175,0,0.009479738671055055,0,0.00032302349995962207,0,0.00027365709687678883,0,2.946569670165371e-05,0
78,176,0,0.0064622682566034045,0,0.00032302349995962207,0,0.0002744746246727339,0,4.7191539276633e-05,0
78,177,0,0.006766505015969844,0,0.00032302349995962207,0,0.0045909864071452975,0,3.218991484192192e-05,0
78,178,0,0.0062548776323528826,0,0.00032302349995962207,0,9.082268631312281e-05,0,3.1424745609668194e-05,0
78,179,0,0.0038783584096596982,0,0.00032302349995962207,0,0.012173715072669629,0,3.9728616738508906e-05,0
78,180,0,0.007436276628767762,0,0.0,0,0.08530223970999724,0,0.00025540920048619796,0
78,181,0,0.019338275961242362,0,0.0,0,0.041082673907105266,0,0.0005253599362260089,0
78,182,0,0.030479803705426252,0,0.0,0,0.05432484943199979,0,0.00028736511513953434,0
78,183,0,0.0691675882563085,0,0.0,0,0.048997651023698074,0,0.0020416147076432706,0
78,184,0,0.07309555392109522,0,0.0,0,0.059803977566623034,0,0.005733751195423877,0
78,185,0,0.03446101484736648,0,0.00032302349995962207,0,0.019611351590079408,0,0.003670496390695198,0
78,186,0,0.032329474207597006,0,0.0,0,0.0509951082209549,0,0.007229841562668606,0
78,187,0,0.09438269363320338,0,0.0,0,0.06263486110039268,0,0.008833332756312455,0
78,188,0,0.11242199706036897,0,0.0,0,0.16223217884792981,0,0.03522782595879173,0
78,189,0,0.1422411409591634,0,0.00032302349995962207,0,0.1088862992734445,0,0.008787420511117142,0
78,190,0,0.11977013217583206,0,0.00032302349995962207,0,0.028243476191387607,0,0.004848463971921629,0
78,191,0,0.11324527154664904,0,0.0,0,0.07579801511204128,0,0.005692409969090402,0
78,192,0,0.06218825096850729,0,0.00032302349995962207,0,0.05052967228558202,0,0.006231133520375487,0
78,193,0,0.1533274330274151,0,0.0,0,0.10214340889599349,0,0.0007395957016864582,0
78,194,0,0.32360185126935076,0,0.0,0,0.13815860344075753,0,0.0012429853896156501,0
78,195,0,0.38842777029967124,0,0.0,0,0.21272188342027104,0,0.005990874287850628,0
78,196,0,0.342166402073876,0,0.0,0,0.15075056037606202,0,0.01238654091002463,0
78,197,0,0.5084173181762861,1,0.0,0,0.30965381061106984,0,0.028447975042235348,0
78,198,0,0.5530846112872994,1,0.16666666666666666,0,0.2596950744327247,0,0.0800058465815106,0
78,199,0,0.5131016377916316,1,0.16666666666666666,0,0.24724466994212124,0,0.08407494996262245,0
78,200,0,0.50220593987148,1,0.16666666666666666,0,0.3439256251411424,0,0.20361526772503696,0
78,201,1,0.5402135464124245,1,0.16666666666666666,0,0.41362532351136283,0,0.85622030757567,1
78,202,1,0.48222699509416483,0,0.00032302349995962207,0,0.3260945259334696,0,0.3155556944994809,0
78,203,1,0.7262298313742841,1,1.0,1,0.4212852151107067,0,0.7832028553879838,1
78,204,1,0.7970980649929528,1,1.0,1,0.5155771148555354,1,0.9351284254173207,1
78,205,1,0.9519175313782607,1,0.16666666666666666,0,0.5600969765670718,1,0.5617503654283255,1
78,206,1,0.9259452887864601,1,0.16666666666666666,0,0.5782867323570295,1,0.935029537551747,1
78,207,1,0.8593250886750299,1,0.9642857142857143,1,0.7598699201315482,1,0.9769940800946779,1
78,208,1,0.9519555714095977,1,0.0,0,0.7569158307816843,1,0.9666160308169838,1
78,209,1,0.9075733092707898,1,0.0,0,0.7803978332753148,1,0.98338950568203,1
78,210,1,0.9435992117093149,1,1.0,1,0.8047435064935066,1,0.9813628754085513,1
78,211,1,0.950257050776265,1,1.0,1,0.9078933134049412,1,0.9928074619068079,1
78,212,1,0.959440132519501,1,1.0,1,0.8725540515453666,1,0.9943486552226501,1
78,213,1,0.8419218265415722,1,1.0,1,0.8927164266777843,1,0.9898378491412755,1
78,214,1,0.7024372617026338,1,1.0,1,0.8532360391042135,1,0.984419921701694,1
78,215,1,0.5977422692186685,1,1.0,1,0.847974365877796,1,0.9750071992939924,1
78,216,1,0.8452721482499649,1,1.0,1,0.8711820431556851,1,0.9905805713482039,1
78,217,1,0.8922018758773241,1,0.9892367906066536,1,0.9060618148847044,1,0.9918566932677201,1
78,218,1,0.9797740877568162,1,0.9892367906066536,1,0.9535118529401093,1,0.9984726259057629,1
78,219,1,0.974181987456405,1,0.9892367906066536,1,0.9799954895812774,1,0.9989527202399369,1
78,220,1,0.9884081272887383,1,0.9892367906066536,1,0.9723266964217757,1,0.9991179569023055,1
78,221,1,0.9965671230004924,1,0.9892367906066536,1,0.9898453898312944,1,0.9994590083260539,1
78,222,1,0.9987467875273776,1,0.9892367906066536,1,0.9698344883964336,1,0.9992559560619289,1
78,223,1,0.9993600264498653,1,1.0,1,0.9448034132759107,1,0.9992746477664487,1
78,224,1,0.9996253468862532,1,1.0,1,0.9661262705754048,1,0.9993201493403079,1
78,225,1,0.9995015708122059,1,1.0,1,0.9681479989249868,1,0.9989103478695137,1
78,226,1,0.999933569566574,1,0.9892367906066536,1,0.9565715710209466,1,0.99910911623093,1
78,227,1,0.9999637663374902,1,0.9892367906066536,1,0.9422538107403123,1,0.9977301178170656,1
78,228,1,0.9999782807374589,1,0.9892367906066536,1,0.9357835094839156,1,0.9959113053550197,1
78,229,1,0.9999836736136194,1,0.9892367906066536,1,0.9522872207881516,1,0.9968514812268162,1
78,230,1,0.9999862816447949,1,0.3333333333333333,0,0.8203026470783061,1,0.9024327744460031,1
78,231,0,0.9999890067275359,1,0.9892367906066536,1,0.7728188353224461,1,0.9303044418005559,1
81,1,0,0.07077646310178966,0,0.00032302349995962207,0,0.0010324364544577775,0,2.398481532910973e-05,0
81,2,0,0.028716608470669886,0,0.00032302349995962207,0,0.009498815291268968,0,2.3224026245554232e-05,0
81,3,0,0.000526007241548346,0,0.00032302349995962207,0,0.0002651685082354136,0,2.6576848608966013e-05,0
81,4,0,0.001167941587564627,0,0.00032302349995962207,0,9.815100557269418e-05,0,1.9281005992289317e-05,0
81,5,0,9.307604196058647e-05,0,0.00032302349995962207,0,5.8355153845590326e-05,0,1.9665613905200752e-05,0
81,6,0,0.00021017496241249747,0,0.00032302349995962207,0,5.8355153845590326e-05,0,1.8266879024667817e-05,0
81,7,0,0.0005552549942983933,0,0.00032302349995962207,0,5.8355153845590326e-05,0,1.4730135812745017e-05,0
81,8,0,0.00012034622864167294,0,0.00032302349995962207,0,5.8355153845590326e-05,0,1.4488972342337161e-05,0
81,9,0,7.952711867885613e-05,0,0.00032302349995962207,0,5.8355153845590326e-05,0,1.6783088394737607e-05,0
81,10,0,0.00047739137261092754,0,0.00032302349995962207,0,5.8355153845590326e-05,0,1.7069358164122762e-05,0
81,11,0,8.708167806796723e-05,0,0.00032302349995962207,0,5.8355153845590326e-05,0,1.4141563029377538e-05,0
81,12,0,0.00011326344205534935,0,0.00032302349995962207,0,5.8355153845590326e-05,0,1.7069358164122762e-05,0
81,13,0,7.801679979279289e-05,0,0.00032302349995962207,0,5.8355153845590326e-05,0,1.7723813310988753e-05,0
81,14,0,0.0003264300537188681,0,0.00032302349995962207,0,5.8355153845590326e-05,0,1.3402580240962057e-05,0
81,15,0,0.000532818844386866,0,0.00032302349995962207,0,5.8355153845590326e-05,0,1.352399083037407e-05,0
81,16,0,8.472076531587045e-05,0,0.00032302349995962207,0,5.8355153845590326e-05,0,1.3474776068104381e-05,0
81,17,0,0.00034842660658965333,0,0.00032302349995962207,0,0.0003101410610365848,0,1.4463177839947904e-05,0
81,18,0,0.00025267199212483134,0,0.00032302349995962207,0,5.8355153845590326e-05,0,1.573703225346262e-05,0
81,19,0,0.0006031360170189783,0,0.00032302349995962207,0,5.8355153845590326e-05,0,1.5472270816030205e-05,0
81,20,0,0.00020182411485601142,0,0.00032302349995962207,0,5.8355153845590326e-05,0,1.4639025962340777e-05,0
81,21,0,0.0004997177965952154,0,0.00032302349995962207,0,5.8355153845590326e-05,0,1.4368352482655336e-05,0
81,22,0,0.0024929845082691314,0,0.00032302349995962207,0,0.00011126702355703592,0,1.6001493415794657e-05,0
81,23,0,0.0027281776428432773,0,0.00032302349995962207,0,5.8355153845590326e-05,0,1.6527919572074885e-05,0
81,24,0,0.0007695105692070279,0,0.00032302349995962207,0,5.8355153845590326e-05,0,1.4484370998360307e-05,0
81,25,0,0.0025179918578581905,0,0.00032302349995962207,0,0.00022068969352446611,0,1.5173762916889884e-05,0
81,26,0,0.005244278731733746,0,0.00032302349995962207,0,5.8355153845590326e-05,0,1.4545465215447192e-05,0
81,27,0,0.0093982286717565,0,0.00032302349995962207,0,5.8355153845590326e-05,0,1.4923131459763466e-05,0
81,28,0,0.010156016063404742,0,0.00032302349995962207,0,5.8355153845590326e-05,0,1.4231651833891421e-05,0
81,29,0,0.011275981321548544,0,0.00032302349995962207,0,5.8355153845590326e-05,0,1.4089520661407455e-05,0
81,30,0,0.003236045647584536,0,0.00032302349995962207,0,5.8355153845590326e-05,0,1.3721144541674727e-05,0
81,31,0,0.003983668821437667,0,0.00032302349995962207,0,5.8355153845590326e-05,0,1.3441462277320834e-05,0
81,32,0,0.0011901195055120327,0,0.00032302349995962207,0,5.8355153845590326e-05,0,1.3063205828499837e-05,0
81,33,0,0.0006264172858501814,0,0.00032302349995962207,0,5.8355153845590326e-05,0,1.3311618448917895e-05,0
81,34,0,0.0007805678428037584,0,0.00032302349995962207,0,5.8355153845590326e-05,0,1.718544649809726e-05,0
81,35,0,0.001124409141044763,0,0.00032302349995962207,0,5.8355153845590326e-05,0,1.3548839825295053e-05,0
81,36,0,0.0014631631601098925,0,0.00032302349995962207,0,5.8355153845590326e-05,0,1.2876893025921281e-05,0
81,37,0,0.0021103313030659487,0,0.00032302349995962207,0,5.8355153845590326e-05,0,1.3431848412544612e-05,0
81,38,0,0.003101046155495943,0,0.00032302349995962207,0,5.8355153845590326e-05,0,1.3404844399989598e-05,0
81,39,0,0.00501238646100391,0,0.00032302349995962207,0,5.8355153845590326e-05,0,1.3153906099581179e-05,0
81,40,0,0.007323223197206457,0,0.00032302349995962207,0,5.8355153845590326e-05,0,1.316674785952916e-05,0
81,41,0,0.008586973070011316,0,0.00032302349995962207,0,5.7537626049645266e-05,0,1.367157532522773e-05,0
81,42,0,0.014998568567754932,0,0.00032302349995962207,0,5.8355153845590326e-05,0,1.2876893025921281e-05,0
81,43,0,0.012333377980272557,0,0.00032302349995962207,0,5.8355153845590326e-05,0,1.3598325091550675e-05,0
81,44,0,0.02197085284882961,0,0.00032302349995962207,0,5.8355153845590326e-05,0,1.2681318778042328e-05,0
81,45,0,0.016559590807677743,0,0.00032302349995962207,0,5.8355153845590326e-05,0,1.3051546271366894e-05,0
81,46,0,0.005038850550264654,0,0.00032302349995962207,0,5.8355153845590326e-05,0,1.693108539447078e-05,0
81,47,0,0.007305213099141123,0,0.00032302349995962207,0,5.8355153845590326e-05,0,1.3823486124164472e-05,0
81,48,0,0.0032240535845799484,0,0.00032302349995962207,0,5.8355153845590326e-05,0,1.458040306737201e-05,0
81,49,0,0.003354614776729335,0,0.00032302349995962207,0,5.8355153845590326e-05,0,1.28083481860137e-05,0
81,50,0,0.0008838936541699999,0,0.00032302349995962207,0,5.8355153845590326e-05,0,1.4566182564807656e-05,0
81,51,0,0.00034349334641434805,0,0.00032302349995962207,0,5.8355153845590326e-05,0,1.7049605990769316e-05,0
81,52,0,0.0006012849336080794,0,0.00032302349995962207,0,5.8355153845590326e-05,0,1.2851809659814438e-05,0
81,53,0,0.00043644405208224436,0,0.00032302349995962207,0,5.8355153845590326e-05,0,1.2980546861354246e-05,0
81,54,0,0.0003029732151735413,0,0.00032302349995962207,0,5.8355153845590326e-05,0,1.3492148734122358e-05,0
81,55,0,0.0001792277296388325,0,0.00032302349995962207,0,5.8355153845590326e-05,0,1.6750790940323613e-05,0
81,56,0,0.00011404540717054927,0,0.00032302349995962207,0,0.0002164783008827276,0,1.6012409728932984e-05,0
81,57,0,0.00024986697552588995,0,0.00032302349995962207,0,5.8355153845590326e-05,0,1.6427773426167526e-05,0
81,58,0,0.00011207342326372794,0,0.00032302349995962207,0,5.8355153845590326e-05,0,1.3235190023421978e-05,0
81,59,0,4.8044595724423516e-05,0,0.00032302349995962207,0,5.8355153845590326e-05,0,1.4664011207639198e-05,0
81,60,0,6.747405728885598e-05,0,0.00032302349995962207,0,5.8355153845590326e-05,0,1.3155888960772868e-05,0
81,61,0,0.0001697048423471866,0,0.00032302349995962207,0,5.8355153845590326e-05,0,1.5434971620232945e-05,0
81,62,0,4.7203787907840746e-05,0,0.00032302349995962207,0,0.0002125551200287711,0,1.3094772753202009e-05,0
81,63,0,0.00012738361946202745,0,0.00032302349995962207,0,5.8355153845590326e-05,0,1.4357243445676451e-05,0
81,64,0,0.0005474680969502514,0,0.00032302349995962207,0,5.8355153845590326e-05,0,1.5646093005052077e-05,0
81,65,0,0.00024468358494037694,0,0.00032302349995962207,0,5.8355153845590326e-05,0,1.4863929859900322e-05,0
81,66,0,0.00030608146968661364,0,0.00032302349995962207,0,5.8355153845590326e-05,0,1.4257476863534067e-05,0
81,67,0,0.0005666647628044662,0,0.00032302349995962207,0,5.494985846062932e-05,0,1.5361502206325382e-05,0
81,68,0,0.001041859850692447,0,0.00032302349995962207,0,5.8355153845590326e-05,0,1.3841887436269983e-05,0
81,69,0,0.0006261245322823023,0,0.00032302349995962207,0,5.8355153845590326e-05,0,1.3869387892308174e-05,0
81,70,0,0.0003374102238029811,0,0.00032302349995962207,0,5.8355153845590326e-05,0,1.3165310532176669e-05,0
81,71,0,0.000852722976659918,0,0.00032302349995962207,0,5.8355153845590326e-05,0,1.4512567512235921e-05,0
81,72,0,0.000538241798638045,0,0.00032302349995962207,0,5.8355153845590326e-05,0,1.4693333172772423e-05,0
81,73,0,0.0004063431687933947,0,0.00032302349995962207,0,5.8355153845590326e-05,0,1.4355882309901093e-05,0
81,74,0,0.00013704135162804368,0,0.00032302349995962207,0,5.8355153845590326e-05,0,1.3731015085746948e-05,0
81,75,0,0.00021562777008433755,0,0.00032302349995962207,0,5.8355153845590326e-05,0,1.4841555347820231e-05,0
81,76,0,0.0013832034684347829,0,0.00032302349995962207,0,5.8355153845590326e-05,0,1.5063395098725378e-05,0
81,77,0,0.0009499467676798255,0,0.00032302349995962207,0,5.8355153845590326e-05,0,1.2317191915218485e-05,0
81,78,0,0.000629864513738458,0,0.00032302349995962207,0,0.00033901657400097195,0,1.5287271134991596e-05,0
81,79,0,0.0004577243523940361,0,0.00032302349995962207,0,0.0002747133673575185,0,1.5287271134991596e-05,0
81,80,0,0.0002945007723918588,0,0.00032302349995962207,0,0.0034554204925804272,0,4.966920737374743e-05,0
81,81,0,0.0003605958909817468,0,0.00032302349995962207,0,0.0003618098690650115,0,2.6481707844716014e-05,0
81,82,0,0.00024752996852269837,0,0.00032302349995962207,0,0.00014189644915159154,0,2.160581325465852e-05,0
81,83,0,6.129718376112365e-05,0,0.00032302349995962207,0,0.00025160862955128443,0,2.4488703601439664e-05,0
81,84,0,6.819920961356412e-06,0,0.00032302349995962207,0,0.00040505236545765344,0,2.27694334738935e-05,0
81,85,0,3.448972803136288e-06,0,0.00032302349995962207,0,0.000964253862620244,0,2.5165437902782504e-05,0
81,86,0,4.053534535754078e-06,0,0.00032302349995962207,0,0.004915830161914299,0,2.9548290971748183e-05,0
81,87,0,6.541650751327503e-06,0,0.00032302349995962207,0,0.0002540536290699083,0,2.8153234975186477e-05,0
81,88,0,3.880161887039863e-06,0,0.00032302349995962207,0,0.0014196577789869459,0,2.172105593402364e-05,0
81,89,0,2.4754584453855294e-05,0,0.00032302349995962207,0,0.00017051233376390708,0,1.9558469642012655e-05,0
81,90,0,3.966441572412239e-05,0,0.00032302349995962207,0,0.00017051233376390708,0,1.9657537795588273e-05,0
81,91,0,6.969149635588518e-05,0,0.00032302349995962207,0,0.00017051233376390708,0,2.07811693830288e-05,0
81,92,0,3.0134564672687142e-05,0,0.00032302349995962207,0,0.00017051233376390708,0,2.2135757846898328e-05,0
81,93,0,6.718654995205304e-05,0,0.00032302349995962207,0,0.00017051233376390708,0,2.0429844565234118e-05,0
81,94,0,8.673569427549559e-05,0,0.00032302349995962207,0,0.00017051233376390708,0,1.6790490059295515e-05,0
81,95,0,0.0001163888367895591,0,0.00032302349995962207,0,0.00017051233376390708,0,1.868114242909486e-05,0
81,96,0,8.95672644123302e-05,0,0.00032302349995962207,0,0.00017051233376390708,0,1.810849202468088e-05,0
81,97,0,4.775371721045713e-05,0,0.00032302349995962207,0,0.00017051233376390708,0,2.203374418804127e-05,0
81,98,0,0.00015598548701079617,0,0.00032302349995962207,0,0.00017051233376390708,0,2.0319107424066177e-05,0
81,99,0,0.0002584496097779447,0,0.00032302349995962207,0,0.00017051233376390708,0,2.0387455528520635e-05,0
81,100,0,0.00044677061911192165,0,0.00032302349995962207,0,0.00017051233376390708,0,1.8746593485074893e-05,0
81,101,0,0.0002793926010591405,0,0.00032302349995962207,0,0.00017051233376390708,0,1.9324775156502632e-05,0
81,102,0,0.0005410969950698529,0,0.00032302349995962207,0,0.00017051233376390708,0,1.341221337456981e-05,0
81,103,0,0.0007896576706722287,0,0.00032302349995962207,0,5.8355153845590326e-05,0,1.3395037285688923e-05,0
81,104,0,0.0001459190964689635,0,0.00032302349995962207,0,0.0002744746246727339,0,1.3121871621735701e-05,0
81,105,0,1.9443570564289025e-05,0,0.00032302349995962207,0,5.8355153845590326e-05,0,1.5682936135544164e-05,0
81,106,0,3.181994749624372e-05,0,0.00032302349995962207,0,5.8355153845590326e-05,0,1.5984740524956254e-05,0
81,107,0,0.00016409286176209396,0,0.00032302349995962207,0,0.0003101410610365848,0,1.907324559276528e-05,0
81,108,0,6.398114614074909e-05,0,0.00032302349995962207,0,5.8355153845590326e-05,0,1.779352762138453e-05,0
81,109,0,8.970078535106234e-05,0,0.00032302349995962207,0,5.8355153845590326e-05,0,1.9202092313357455e-05,0
81,110,0,0.00024044360321472225,0,0.00032302349995962207,0,5.8355153845590326e-05,0,2.332082226797967e-05,0
81,111,0,0.00018517308568170745,0,0.00032302349995962207,0,6.8826358034072e-05,0,1.6693093296788434e-05,0
81,112,0,0.00017392024145695004,0,0.00032302349995962207,0,0.0002701302521867461,0,2.0747201733989922e-05,0
81,113,0,0.00013121271445516093,0,0.00032302349995962207,0,6.8826358034072e-05,0,1.9360055080693632e-05,0
81,114,0,0.0003911626470774772,0,0.00032302349995962207,0,6.8826358034072e-05,0,1.8309675491661545e-05,0
81,115,0,0.0016772591119121136,0,0.00032302349995962207,0,6.8826358034072e-05,0,2.383776459938143e-05,0
81,116,0,0.0033884848631216035,0,0.00032302349995962207,0,0.00012173822774551759,0,2.8178796200445744e-05,0
81,117,0,0.0036202640116147905,0,0.00032302349995962207,0,0.0001809567775736303,0,2.5236509536796132e-05,0
81,118,0,0.0017558607537031335,0,0.00032302349995962207,0,0.0001784827548126209,0,4.481521766247308e-05,0
81,119,0,0.004432171200093211,0,0.00032302349995962207,0,0.00016801155062413922,0,7.32878857571559e-05,0
81,120,0,0.006405596516433781,0,0.00032302349995962207,0,0.00016717438025997007,0,0.00017507469312031044,0
81,121,0,0.007704047943846683,0,0.00032302349995962207,0,5.751798348142122e-05,0,0.00018029198874486987,0
81,122,0,0.006424245552385239,0,0.00032302349995962207,0,5.8355153845590326e-05,0,0.0002016491295326334,0
81,123,0,0.002318943067602991,0,0.00032302349995962207,0,0.006012417643621425,0,7.004822299349303e-05,0
81,124,0,0.0024724149143645425,0,0.00032302349995962207,0,0.0003247367928138499,0,9.81230445165276e-05,0
81,125,0,0.0037232622994446494,0,0.00032302349995962207,0,5.8355153845590326e-05,0,8.707079073701061e-05,0
81,126,0,0.0013887459371300914,0,0.00032302349995962207,0,5.8355153845590326e-05,0,5.3089214255057116e-05,0
81,127,0,0.0010504632408893015,0,0.00032302349995962207,0,0.00011126702355703592,0,3.5726949053331735e-05,0
81,128,0,0.003225522638565275,0,0.00032302349995962207,0,5.8355153845590326e-05,0,4.1596584291153634e-05,0
81,129,0,0.0009776678392839574,0,0.00032302349995962207,0,0.00036716562905576513,0,6.34883822097054e-05,0
81,130,0,0.0012823714293711877,0,0.00032302349995962207,0,0.00866122134619117,0,3.860872035359892e-05,0
81,131,0,0.0005248845832769916,0,0.00032302349995962207,0,0.0019539977214658552,0,7.706915988982038e-05,0
81,132,0,0.0005455174677081323,0,0.00032302349995962207,0,0.0017240515548387725,0,7.730533640494721e-05,0
81,133,0,0.0005252603413159729,0,0.00032302349995962207,0,0.00040073806031364637,0,4.936466528478309e-05,0
81,134,0,0.0007997433672343272,0,0.00032302349995962207,0,0.0003866003263489656,0,5.479861146111251e-05,0
81,135,0,0.0003897292229418944,0,0.00032302349995962207,0,5.495318661320737e-05,0,3.8111525451068136e-05,0
81,136,0,0.0005996754339338957,0,0.00032302349995962207,0,5.326670377317027e-05,0,5.667486287514836e-05,0
81,137,0,0.0011719111067014006,0,0.00032302349995962207,0,5.325361426964268e-05,0,3.133812626128451e-05,0
81,138,0,0.0019316777802409406,0,0.00032302349995962207,0,5.6668671005553225e-05,0,1.8296505177636057e-05,0
81,139,0,0.0018952645087704628,0,0.00032302349995962207,0,0.00172412968026781,0,1.7481178096077735e-05,0
81,140,0,0.005515657490909112,0,0.00032302349995962207,0,0.0017199182876260714,0,3.1839862680208307e-05,0
81,141,0,0.006721314316750208,0,0.00032302349995962207,0,5.74630136011439e-05,0,4.0197887798066814e-05,0
81,142,0,0.0125519876431766,0,0.00032302349995962207,0,5.8355153845590326e-05,0,3.5891390616560235e-05,0
81,143,0,0.014625854106154756,0,0.00032302349995962207,0,0.0038275874395943487,0,5.694666677925349e-05,0
81,144,0,0.009348366677235176,0,0.00032302349995962207,0,0.02648183236565801,0,0.00010649508764986851,0
81,145,0,0.010963709353907378,0,0.00032302349995962207,0,0.0002393029013459805,0,4.6204056285992916e-05,0
81,146,0,0.004267980519896618,0,0.00032302349995962207,0,0.0005869236117724355,0,3.8215524175390355e-05,0
81,147,0,0.0015509520364572877,0,0.00032302349995962207,0,0.0002751786150772597,0,2.6353229437499202e-05,0
81,148,0,0.0010921268049132844,0,0.00032302349995962207,0,0.000571801507517465,0,4.391264629608652e-05,0
81,149,0,0.0034252828182585455,0,0.0,0,0.006645387119482735,0,9.766159756586989e-05,0
81,150,0,0.012901149707207547,0,0.00032302349995962207,0,0.0004210366630553806,0,7.694693490851885e-05,0
81,151,0,0.021052237032198367,0,0.00032302349995962207,0,0.0003353232916109901,0,7.98919582041679e-05,0
81,152,0,0.014495997430432379,0,0.00032302349995962207,0,0.00031504515397639534,0,0.00013543079634365692,0
81,153,0,0.0038827614147425344,0,0.00032302349995962207,0,0.003805786292112056,0,3.03535029955994e-05,0
81,154,0,0.0020647308982357695,0,0.00032302349995962207,0,5.578629211205636e-05,0,2.3547609932981674e-05,0
81,155,0,0.0026609564522911376,0,0.0,0,0.00028263521561391414,0,6.768377313017655e-05,0
81,156,0,0.0047785338499375316,0,0.00032302349995962207,0,5.747277495209346e-05,0,3.459914257151095e-05,0
81,157,0,0.009173972389515107,0,0.0,0,0.0021570181221663713,0,0.00010677188854239978,0
81,158,0,0.008669643851746395,0,0.00032302349995962207,0,0.00039877987506610534,0,9.578204912205714e-05,0
81,159,0,0.004304299157706724,0,0.00032302349995962207,0,0.00032701779852900516,0,6.47561788845105e-05,0
81,160,0,0.00313769781979225,0,0.00032302349995962207,0,0.0014397032087040823,0,5.638204247865778e-05,0
81,161,0,0.001860274599407073,0,0.00032302349995962207,0,0.0012886394285376629,0,4.602767189396551e-05,0
81,162,0,0.002758548452851055,0,0.00032302349995962207,0,9.55280901715182e-05,0,0.0001384555779705564,0
81,163,0,0.0058187052786717545,0,0.00032302349995962207,0,0.00011070146678240392,0,8.208504593118171e-05,0
81,164,0,0.017229696703712553,0,0.4,0,0.0013690867848860197,0,0.00016186071735865246,0
81,165,0,0.024924474731356578,0,0.00032302349995962207,0,0.005510426858969845,0,8.575080169086037e-05,0
81,166,0,0.024803276982532554,0,0.00032302349995962207,0,0.0013463551080836315,0,5.3945439567616734e-05,0
81,167,0,0.03327115006769347,0,0.00032302349995962207,0,0.00048377611366687924,0,8.462630753420565e-05,0
81,168,0,0.03206681608087271,0,0.00032302349995962207,0,0.008329135890338617,0,0.00010670722282246143,0
81,169,0,0.0698056246893587,0,0.00032302349995962207,0,0.015535435892121205,0,0.00031667406951045053,0
81,170,0,0.039372128398352545,0,0.00032302349995962207,0,0.0050756342226568095,0,0.00021014489858154866,0
81,171,0,0.01990810445451148,0,0.00032302349995962207,0,0.008979867042870493,0,0.0001542066522728186,0
81,172,0,0.024697462442267015,0,0.00032302349995962207,0,0.029806648252243096,0,0.00039383222374759786,0
81,173,0,0.04356037134387379,0,0.0,0,0.012900594599654057,0,0.0003723003588509816,0
81,174,0,0.018709611449487257,0,0.00032302349995962207,0,0.003550929845002711,0,0.00018803704531978355,0
81,175,0,0.03621706717527652,0,0.00032302349995962207,0,0.01994699794479299,0,0.0026091464002518205,0
81,176,0,0.044088339332027854,0,0.00032302349995962207,0,0.03508698164470384,0,0.0009794938881666233,0
81,177,0,0.021703715465880333,0,0.00032302349995962207,0,0.029877384120221905,0,0.0007983195267497943,0
81,178,0,0.024634196480378585,0,0.0,0,0.07980575472304757,0,0.0072518125063748455,0
81,179,0,0.07996253338902977,0,0.0,0,0.1502027219708523,0,0.0014181831687281427,0
81,180,0,0.06035001841872228,0,0.00032302349995962207,0,0.09593627176737286,0,0.0007274889444441138,0
81,181,0,0.03455305928892638,0,0.625,1,0.19761749915448248,0,0.0048162236346872625,0
81,182,0,0.10630625768480942,0,0.01674641148325359,0,0.16021600858068774,0,0.013037067623662335,0
81,183,0,0.02912739694277283,0,0.01674641148325359,0,0.11281694984276874,0,0.001173707345742175,0
81,184,0,0.023171783530057492,0,0.01674641148325359,0,0.15138179416242356,0,0.008382799094459645,0
81,185,0,0.00920686767817866,0,0.01674641148325359,0,0.1996005477177407,0,0.008138408307186004,0
81,186,0,0.011234606262698442,0,0.01674641148325359,0,0.12202935750109142,0,0.003962770412065446,0
81,187,0,0.012281201271863,0,0.01674641148325359,0,0.15998873816135759,0,0.006810696212958266,0
81,188,0,0.021302096304519007,0,0.16666666666666666,0,0.17779443835696043,0,0.006080328152221928,0
81,189,0,0.016523013959375384,0,0.16666666666666666,0,0.1754322911660818,0,0.013317032965424715,0
81,190,0,0.04135100947589117,0,0.01674641148325359,0,0.17058510817008934,0,0.07583578739300242,0
81,191,0,0.20065468884915422,0,0.16666666666666666,0,0.22721293784829816,0,0.04682572962660933,0
81,192,0,0.34623986347928876,0,0.0,0,0.21975246096991619,0,0.08080723953478117,0
81,193,0,0.2902235024223282,0,0.0,0,0.18394164541679153,0,0.0844667288349489,0
81,194,0,0.5596241000240555,1,0.0,0,0.16983550335820388,0,0.039301444184165604,0
81,195,0,0.13932190367018313,0,0.0,0,0.25020006369768816,0,0.06534842390244361,0
81,196,0,0.06564496387169624,0,0.0,0,0.2183097894771841,0,0.15283546312334426,0
81,197,0,0.20521068950344962,0,0.0,0,0.2721521121383411,0,0.8008588605980784,1
81,198,0,0.16539216464204304,0,0.0,0,0.3253730166488796,0,0.7495638233924582,1
81,199,0,0.2362930734665596,0,0.5,1,0.3231746634476321,0,0.5625754119343899,1
81,200,0,0.21560496276632926,0,0.0,0,0.2758826608745702,0,0.24019672133973585,0
81,201,0,0.22463057657550492,0,0.0,0,0.3601933803078308,0,0.42331176687410105,0
81,202,0,0.1134616070417618,0,0.0,0,0.3325001175325525,0,0.14452787514062287,0
81,203,0,0.28413500791809543,0,0.0,0,0.44809202099190776,0,0.27428817961667934,0
81,204,0,0.2939573221909518,0,0.0,0,0.4989454970189863,0,0.4574251114147391,0
81,205,0,0.40596228928273015,0,0.0,0,0.42575122621073896,0,0.576133488535686,1
81,206,0,0.500221863138908,1,0.0,0,0.4382349378491448,0,0.834529375851806,1
81,207,0,0.5427969753756489,1,0.0,0,0.5945546815095618,1,0.8575745763413836,1
81,208,0,0.3256718843021326,0,0.0,0,0.59313734059247,1,0.7618986800577795,1
81,209,0,0.5967061827787298,1,0.8888888888888888,1,0.6306980192454636,1,0.9437611863882458,1
81,210,1,0.7315148378108305,1,0.8888888888888888,1,0.6732690072536598,1,0.921416110081051,1
81,211,1,0.6568870014655731,1,0.01674641148325359,0,0.7183263888663456,1,0.9808680844745489,1
81,212,1,0.8290367036271958,1,0.8888888888888888,1,0.6547549054781949,1,0.7825624185004725,1
81,213,1,0.8119366699048912,1,1.0,1,0.7366831460800486,1,0.9381644239020518,1
81,214,1,0.8861251655066416,1,0.9892367906066536,1,0.811215785633651,1,0.9696129726260316,1
81,215,1,0.841808927268502,1,0.9892367906066536,1,0.8098546030288375,1,0.9860242067209603,1
81,216,1,0.852677411094063,1,0.9892367906066536,1,0.8952917233537324,1,0.9906566995653185,1
81,217,1,0.7745920594286897,1,0.9892367906066536,1,0.9050105699167045,1,0.9837023716159026,1
81,218,1,0.7351962610756386,1,0.9892367906066536,1,0.8461344457323028,1,0.9851608121779095,1
81,219,1,0.8659061637952512,1,0.9892367906066536,1,0.9101375549915582,1,0.9928604877894258,1
81,220,1,0.8707218455829266,1,0.9892367906066536,1,0.8799668170640313,1,0.9934017283761891,1
81,221,1,0.74385639583726,1,0.9892367906066536,1,0.9168369749452893,1,0.9934665200410575,1
81,222,1,0.8488254806173376,1,0.42857142857142855,0,0.8633204921240825,1,0.993256163298133,1
81,223,1,0.7640878254617831,1,0.9892367906066536,1,0.8937009347895437,1,0.9950497545967366,1
81,224,1,0.8215588995849887,1,0.9892367906066536,1,0.8834598395687,1,0.9956034046735185,1
81,225,1,0.8930827405481081,1,0.9892367906066536,1,0.9571070002883768,1,0.9962242162781174,1
81,226,1,0.9639943892147915,1,0.9892367906066536,1,0.9334242404289642,1,0.9970937461903558,1
81,227,1,0.8939743431617178,1,0.9892367906066536,1,0.9561288318927974,1,0.9970203956619559,1
81,228,1,0.9835165220817611,1,0.9892367906066536,1,0.9815775068913105,1,0.9980739132115821,1
81,229,1,0.9838957038616133,1,0.9892367906066536,1,0.958989033140844,1,0.9991074558576133,1
81,230,1,0.9749840606373701,1,0.9892367906066536,1,0.9319712744485212,1,0.9985030283139185,1
81,231,1,0.9834466475517134,1,0.9892367906066536,1,0.9748082182307892,1,0.9977760148198942,1
81,232,1,0.9955066880928573,1,0.9892367906066536,1,0.954745889609853,1,0.997974431631023,1
81,233,1,0.9972125328284841,1,0.9892367906066536,1,0.9658106830623221,1,0.9978852715412538,1
81,234,1,0.9966554888175574,1,0.9892367906066536,1,0.9449565384769714,1,0.998588515645616,1
81,235,1,0.9989965057932279,1,0.9892367906066536,1,0.9726954588011918,1,0.9934537745980574,1
81,236,1,0.9962990736180907,1,0.9892367906066536,1,0.9618124337515019,1,0.9854517464699404,1
81,237,1,0.9983195673901624,1,0.9787234042553191,1,0.9242588505834293,1,0.9636037500997411,1
81,238,1,0.997198566992786,1,0.9787234042553191,1,0.9367293955735004,1,0.9907390200642882,1
81,239,1,0.9965293692453547,1,0.0,0,0.6698074410266441,1,0.24783455823719047,0
81,240,0,0.9988931125587348,1,0.0,0,0.5782972529874862,1,0.6364710994233523,1
84,1,0,0.27884098547940284,0,0.0,0,0.1624252068752423,0,5.2304222626416264e-05,0
84,2,0,0.0012150426434937665,0,0.00032302349995962207,0,0.07252427231012351,0,5.206923310245887e-05,0
84,3,0,0.004677831420564142,0,0.00032302349995962207,0,0.0217674699577482,0,2.2341216743170553e-05,0
84,4,0,0.0010762355530532985,0,0.00032302349995962207,0,0.0059936604339386745,0,2.0662597397352188e-05,0
84,5,0,0.0018821791314806967,0,0.00032302349995962207,0,0.014331164965997886,0,2.2341696509570107e-05,0
84,6,0,0.004064149461928084,0,0.00032302349995962207,0,6.794397914057513e-05,0,2.0705728350195012e-05,0
84,7,0,0.00459955621119133,0,0.00032302349995962207,0,8.364524720215929e-05,0,2.0830575611265418e-05,0
84,8,0,0.002455152762893289,0,0.00032302349995962207,0,8.364524720215929e-05,0,2.0398788665035395e-05,0
84,9,0,0.002049331076301998,0,0.00032302349995962207,0,5.747277495209346e-05,0,2.03953062141751e-05,0
84,10,0,0.003682909045302681,0,0.00032302349995962207,0,5.747277495209346e-05,0,1.9922855536973412e-05,0
84,11,0,0.003438533807612763,0,0.00032302349995962207,0,5.747277495209346e-05,0,1.9169331388960028e-05,0
84,12,0,0.01509649228512319,0,0.00032302349995962207,0,5.747277495209346e-05,0,1.826757356900909e-05,0
84,13,0,0.007397952231373963,0,0.00032302349995962207,0,5.574423457382301e-05,0,1.8075135069224782e-05,0
84,14,0,0.006159229623874135,0,0.00032302349995962207,0,5.658063470764704e-05,0,2.4895149131437693e-05,0
84,15,0,0.009527243857815042,0,0.00032302349995962207,0,5.747277495209346e-05,0,2.8347515463336306e-05,0
84,16,0,0.004269031378412387,0,0.00032302349995962207,0,5.747277495209346e-05,0,2.18476602648474e-05,0
84,17,0,0.002879381200251606,0,0.00032302349995962207,0,5.747277495209346e-05,0,2.0864077394789893e-05,0
84,18,0,0.0015893561909379552,0,0.00032302349995962207,0,5.8355153845590326e-05,0,2.6617232983362464e-05,0
84,19,0,0.005537753713546716,0,0.00032302349995962207,0,5.8355153845590326e-05,0,1.9425230701955428e-05,0
84,20,0,0.0022686459129220714,0,0.00032302349995962207,0,5.8355153845590326e-05,0,1.986365974718156e-05,0
84,21,0,0.0019232304199083043,0,0.00032302349995962207,0,5.8355153845590326e-05,0,1.809599261237487e-05,0
84,22,0,0.0022594227864596254,0,0.00032302349995962207,0,5.8355153845590326e-05,0,2.0093744254872018e-05,0
84,23,0,0.0011873421067161564,0,0.00032302349995962207,0,5.8355153845590326e-05,0,2.4430235731256616e-05,0
84,24,0,0.0012650833188465036,0,0.00032302349995962207,0,5.8355153845590326e-05,0,1.8029116515715404e-05,0
84,25,0,0.0016723042572127044,0,0.00032302349995962207,0,8.474037811999664e-05,0,1.4207349823304262e-05,0
84,26,0,0.0015805673119021534,0,0.5,1,0.010761790013387508,0,3.207499890383217e-05,0
84,27,0,0.0018806738874562528,0,0.5,1,0.016632023748319708,0,2.055654650480839e-05,0
84,28,0,0.005628253737379473,0,0.5,1,0.026575706740994,0,1.99791294002999e-05,0
84,29,0,0.005703215315616658,0,0.5,1,0.017328552062121413,0,1.9914839652216367e-05,0
84,30,0,0.009225338380322667,0,0.5,1,0.023730978842559317,0,1.6713998684527492e-05,0
84,31,0,0.026926125868037182,0,0.00032302349995962207,0,0.01157093818694502,0,1.9304448944540675e-05,0
84,32,0,0.014629370035301606,0,0.00032302349995962207,0,0.010304489682504483,0,2.1668135264317454e-05,0
84,33,0,0.015991320282699086,0,0.00032302349995962207,0,0.0031616325396473404,0,1.8736122846650023e-05,0
84,34,0,0.01034584052510044,0,0.00032302349995962207,0,0.020260533638548437,0,4.373175612357893e-05,0
84,35,0,0.013977482009349236,0,0.00032302349995962207,0,0.016018775396790197,0,3.469803972500888e-05,0
84,36,0,0.004177430119147602,0,0.00032302349995962207,0,0.001730044123420534,0,1.4729219507934093e-05,0
84,37,0,0.004300613963805507,0,0.00032302349995962207,0,0.0003014726948491058,0,1.3792463800069423e-05,0
84,38,0,0.0021896425740436697,0,0.00032302349995962207,0,0.010301472694849108,0,1.4079214515114219e-05,0
84,39,0,0.00142718306503877,0,0.00032302349995962207,0,0.03488639472439553,0,1.5176649955388577e-05,0
84,40,0,0.0012412433639550267,0,0.00032302349995962207,0,0.018971438996356785,0,1.3643267939232235e-05,0
84,41,0,0.0012605096926999095,0,0.00032302349995962207,0,0.021299814637815443,0,1.310402942949816e-05,0
84,42,0,0.0011194386772889532,0,0.00032302349995962207,0,0.020300632499923886,0,1.3314095684003875e-05,0
84,43,0,0.0014648557737010368,0,0.00032302349995962207,0,0.002800632499923883,0,3.3354952057540714e-05,0
84,44,0,0.0005486113798151993,0,0.00032302349995962207,0,0.0028014726948491055,0,3.2714231914534715e-05,0
84,45,0,0.0003516136855639586,0,0.00032302349995962207,0,0.0028014726948491055,0,2.2976580318910756e-05,0
84,46,0,0.00032017365717615343,0,0.00032302349995962207,0,0.00255835515384559,0,1.8936573785011847e-05,0
84,47,0,0.0004027413592573864,0,0.00032302349995962207,0,0.00255835515384559,0,2.1380805496615428e-05,0
84,48,0,0.00022251649913775708,0,0.00032302349995962207,0,0.00255835515384559,0,2.3272653590698873e-05,0
84,49,0,0.00035004380491984803,0,0.00032302349995962207,0,5.8355153845590326e-05,0,2.1028430548155528e-05,0
84,50,0,0.0004440119178554779,0,0.00032302349995962207,0,6.8826358034072e-05,0,2.78779269889956e-05,0
84,51,0,0.0006277229936302773,0,0.00032302349995962207,0,5.8355153845590326e-05,0,2.3444618998010395e-05,0
84,52,0,0.0008536415552937568,0,0.00032302349995962207,0,5.8355153845590326e-05,0,2.099770832393906e-05,0
84,53,0,0.0027525083274227754,0,0.00032302349995962207,0,5.8355153845590326e-05,0,2.3775543372037525e-05,0
84,54,0,0.0006974139668917745,0,0.00032302349995962207,0,6.998306082233453e-05,0,2.8799797689052212e-05,0
84,55,0,0.0010961569839629817,0,0.00032302349995962207,0,5.8355153845590326e-05,0,2.8267151434158903e-05,0
84,56,0,0.0006417810228936068,0,0.00032302349995962207,0,5.8355153845590326e-05,0,2.775821923011064e-05,0
84,57,0,0.0009354577772094302,0,0.00032302349995962207,0,5.8355153845590326e-05,0,3.0051975900841096e-05,0
84,58,0,0.00039410257287820534,0,0.00032302349995962207,0,0.00011126702355703592,0,3.4428797667593635e-05,0
84,59,0,0.0005870743186285125,0,0.00032302349995962207,0,5.8355153845590326e-05,0,2.4483791093087477e-05,0
84,60,0,0.0013896815359619793,0,0.00032302349995962207,0,0.003746738519676226,0,2.7464545352889756e-05,0
84,61,0,0.0008196900736008647,0,0.00032302349995962207,0,0.00725350248959974,0,3.384150603634394e-05,0
84,62,0,0.0009185646185879969,0,0.00032302349995962207,0,0.00260882638088106,0,2.6419649939462454e-05,0
84,63,0,0.002681622987849773,0,0.00032302349995962207,0,0.003572934942710531,0,2.1139207219892384e-05,0
84,64,0,0.0063152749706826055,0,0.00032302349995962207,0,0.0038119125596992654,0,2.1338723545606396e-05,0
84,65,0,0.014918411560956614,0,0.00032302349995962207,0,0.0025738173216040276,0,2.1419140466936713e-05,0
84,66,0,0.012412184001105046,0,0.00032302349995962207,0,0.002707616176221651,0,3.0360345601758065e-05,0
84,67,0,0.006387867397189443,0,0.00032302349995962207,0,0.00021357265172762644,0,2.771921433549812e-05,0
84,68,0,0.014717290161382752,0,0.00032302349995962207,0,0.00021357265172762644,0,3.281422259215372e-05,0
84,69,0,0.01492481550986634,0,0.00032302349995962207,0,0.010225200558704368,0,3.1139913895270354e-05,0
84,70,0,0.012077410206171157,0,0.00032302349995962207,0,0.00021525913456766355,0,5.184817561780723e-05,0
84,71,0,0.013110144301019401,0,0.00032302349995962207,0,0.0001963359980580997,0,8.424879214477657e-05,0
84,72,0,0.01159386069317233,0,0.00032302349995962207,0,0.0018427950884611869,0,4.562189583250579e-05,0
84,73,0,0.0056232901281580506,0,0.00032302349995962207,0,0.00012615751532599962,0,4.734819136590911e-05,0
84,74,0,0.00911219521663713,0,0.00032302349995962207,0,7.324564561455403e-05,0,2.2511785564585978e-05,0
84,75,0,0.006863462982164855,0,0.00032302349995962207,0,0.00010030049675811671,0,3.0420063573472367e-05,0
84,76,0,0.005819959002127786,0,0.00032302349995962207,0,0.00011579883710391574,0,2.0311378488400834e-05,0
84,77,0,0.003987002524436603,0,0.00032302349995962207,0,8.37168498030357e-05,0,2.436428451756052e-05,0
84,78,0,0.0057143792604096,0,0.00032302349995962207,0,7.41280245080509e-05,0,2.4029338509481676e-05,0
84,79,0,0.002397360373745218,0,0.00032302349995962207,0,7.324564561455403e-05,0,2.3787188476033108e-05,0
84,80,0,0.00045590748586017276,0,0.00032302349995962207,0,7.324564561455403e-05,0,2.8381363318879754e-05,0
84,81,0,0.0007346603237674625,0,0.00032302349995962207,0,0.0001288249380840532,0,4.28618323991221e-05,0
84,82,0,0.0008056732642749035,0,0.00032302349995962207,0,5.6668671005553225e-05,0,3.274222061801845e-05,0
84,83,0,0.00038568842774395877,0,0.00032302349995962207,0,0.00018425972428696296,0,2.8421598271091292e-05,0
84,84,0,0.00020309479540730354,0,0.00032302349995962207,0,0.0005869867337074865,0,2.720789778410702e-05,0
84,85,0,0.0001762568739296693,0,0.00032302349995962207,0,0.002401672265139165,0,2.703956109945646e-05,0
84,86,0,0.0001685296064010101,0,0.00032302349995962207,0,0.0004771726980432962,0,1.825492419735756e-05,0
84,87,0,0.0001791076289398356,0,0.00032302349995962207,0,0.0006422752354086071,0,3.6118151812469383e-05,0
84,88,0,0.0003158804103818818,0,0.00032302349995962207,0,0.0033142347241676717,0,3.211930827103944e-05,0
84,89,0,0.00020895689638440312,0,0.00032302349995962207,0,0.00394473948001323,0,5.519568198827746e-05,0
84,90,0,0.00028958379874066085,0,0.00032302349995962207,0,0.01778287137436386,0,3.9419343397404604e-05,0
84,91,0,0.00032963770867539276,0,0.00032302349995962207,0,0.00041995286797582974,0,2.6396010298246325e-05,0
84,92,0,0.0007623483297137611,0,0.00032302349995962207,0,0.0021113129928429105,0,3.798326243785549e-05,0
84,93,0,0.0009101688480202303,0,0.00032302349995962207,0,0.0002717940503817738,0,3.703015250867821e-05,0
84,94,0,0.00022789456343479299,0,0.00032302349995962207,0,0.0006800698829277481,0,3.653033628113882e-05,0
84,95,0,0.0006023198995141036,0,0.00032302349995962207,0,0.007149131058471493,0,4.9034351571031204e-05,0
84,96,0,0.0011224658715891284,0,0.00032302349995962207,0,0.000221258469874777,0,8.664745076326103e-05,0
84,97,0,0.00047303479379584573,0,0.00032302349995962207,0,0.00020956256344202846,0,3.271014935331533e-05,0
84,98,0,0.0007341197739543699,0,0.00032302349995962207,0,0.00022119047041877264,0,5.110063796654497e-05,0
84,99,0,0.001046470984401604,0,0.00032302349995962207,0,0.0038500660384404367,0,4.062885489350183e-05,0
84,100,0,0.0005516658201768692,0,0.00032302349995962207,0,0.0038790817943701278,0,4.2550977465511605e-05,0
84,101,0,0.0015717494876376715,0,0.00032302349995962207,0,7.323588426360446e-05,0,3.5898657911584676e-05,0
84,102,0,0.0011597276747169801,0,0.00032302349995962207,0,0.0037184505126608724,0,6.981737890652273e-05,0
84,103,0,0.0008647175006225465,0,0.00032302349995962207,0,8.370708845208614e-05,0,5.1437967798194634e-05,0
84,104,0,0.00556041101597489,0,0.00032302349995962207,0,8.370708845208614e-05,0,4.46802120825992e-05,0
84,105,0,0.0009397084331538264,0,0.00032302349995962207,0,9.03043467631624e-05,0,4.703179936283452e-05,0
84,106,0,0.0010564402068590647,0,0.00032302349995962207,0,8.370708845208614e-05,0,2.7689750652239622e-05,0
84,107,0,0.001050413152757643,0,0.00032302349995962207,0,0.00017461159492545287,0,4.493242321689954e-05,0
84,108,0,0.0007169980560196375,0,0.00032302349995962207,0,0.0017181655263469606,0,2.4104844065779207e-05,0
84,109,0,0.0012892037117567363,0,0.00032302349995962207,0,0.0002790187894486807,0,3.374866911196146e-05,0
84,110,0,0.0024882811161074368,0,0.00032302349995962207,0,0.00016537568221468863,0,3.0306420484437763e-05,0
84,111,0,0.0016884858255151174,0,0.00032302349995962207,0,0.002476956216860791,0,5.210970967551817e-05,0
84,112,0,0.006880094435527972,0,0.00032302349995962207,0,0.00011648428550679806,0,3.241045394990525e-05,0
84,113,0,0.010293799972184615,0,0.00032302349995962207,0,0.00784435634595637,0,4.865695019006974e-05,0
84,114,0,0.006354079892213406,0,0.01674641148325359,0,0.0001045771656172048,0,0.00013101839165561527,0
84,115,0,0.005156057090833421,0,0.00032302349995962207,0,6.90909205778881e-05,0,4.949797805609581e-05,0
84,116,0,0.0030215525036826453,0,0.01674641148325359,0,0.00040346807363861065,0,0.00011387076362962052,0
84,117,0,0.0027274214122741352,0,0.00032302349995962207,0,0.001160165491504061,0,3.66264341569885e-05,0
84,118,0,0.0019199272618658039,0,0.00032302349995962207,0,0.0026668619200754893,0,4.089056883596105e-05,0
84,119,0,0.001991135863563547,0,0.00032302349995962207,0,0.004848143328122523,0,6.689720788882735e-05,0
84,120,0,0.002123453867302856,0,0.00032302349995962207,0,0.00405206863566045,0,0.00012352831654369452,0
84,121,0,0.0011744123265882908,0,0.00032302349995962207,0,0.007466356258034269,0,6.431652731594892e-05,0
84,122,0,0.0019536081098498956,0,0.00032302349995962207,0,0.00019350463465409913,0,3.6982131330788474e-05,0
84,123,0,0.0006607136634309634,0,0.00032302349995962207,0,0.00868565083151602,0,7.26522285002786e-05,0
84,124,0,0.0017094437567204425,0,0.00032302349995962207,0,5.74630136011439e-05,0,5.396016362671388e-05,0
84,125,0,0.0015943926805762818,0,0.00032302349995962207,0,0.01027983676397533,0,4.916035668614391e-05,0
84,126,0,0.005929479382576228,0,0.00032302349995962207,0,0.01256957185075129,0,5.433675418857848e-05,0
84,127,0,0.006139115442836316,0,0.00032302349995962207,0,0.011721629614630826,0,6.595012412899615e-05,0
84,128,0,0.013702567286910276,0,0.00032302349995962207,0,7.882273033573911e-05,0,4.516705119124738e-05,0
84,129,0,0.004058283830993448,0,0.00032302349995962207,0,0.017407392536903474,0,3.435309962322973e-05,0
84,130,0,0.016415089035217895,0,0.00032302349995962207,0,0.013284582769610215,0,0.000174738439578558,0
84,131,0,0.004805997796625703,0,0.00032302349995962207,0,0.011947920806064875,0,9.075855385762722e-05,0
84,132,0,0.001500471552809227,0,0.00032302349995962207,0,0.0018473600855526762,0,6.005069039058956e-05,0
84,133,0,0.001105940748121916,0,0.00032302349995962207,0,0.00016035359360299726,0,8.617270135186748e-05,0
84,134,0,0.0005354395060235262,0,0.00032302349995962207,0,0.011730744730444498,0,5.1210244212724376e-05,0
84,135,0,0.00044361129630147495,0,0.00032302349995962207,0,0.000463596812813626,0,3.162991193959751e-05,0
84,136,0,0.0017175640458962566,0,0.00032302349995962207,0,0.02038462178696391,0,3.899771306958351e-05,0
84,137,0,0.0012838127805166017,0,0.00032302349995962207,0,0.02368783463836954,0,3.0304398703011605e-05,0
84,138,0,0.0010582117252231104,0,0.00032302349995962207,0,0.007364834830621697,0,2.4595774468346812e-05,0
84,139,0,0.0024304321981058314,0,0.00032302349995962207,0,0.005142612608399475,0,2.879098634470112e-05,0
84,140,0,0.00194476064131358,0,0.00032302349995962207,0,0.0035098358374338907,0,2.5945483309850223e-05,0
84,141,0,0.0032320315662497097,0,0.00032302349995962207,0,0.00015011727982615103,0,3.9866972378823024e-05,0
84,142,0,0.003293515986474965,0,0.00032302349995962207,0,0.008208367666780321,0,3.831277479854733e-05,0
84,143,0,0.0019081003774108572,0,0.00032302349995962207,0,0.012240676805335917,0,2.8873165163771832e-05,0
84,144,0,0.0027188616941706046,0,0.5,1,0.0315647815313831,0,3.0137126150919954e-05,0
84,145,0,0.0018310687921963174,0,0.0,0,0.02280945138360678,0,2.8978408276523462e-05,0
84,146,0,0.002065024729966384,0,0.0,0,0.03876420471757945,0,3.150141138286236e-05,0
84,147,0,0.0006355149241695236,0,0.8,1,0.03582933439865523,0,2.49357309439788e-05,0
84,148,0,0.00048676843486859036,0,0.8,1,0.03110117494695737,0,3.1222997922442204e-05,0
84,149,0,0.0005713322828810642,0,0.00032302349995962207,0,0.01863232138009678,0,2.9962235554232006e-05,0
84,150,0,0.0007431365543979163,0,0.00032302349995962207,0,0.0033341524789402264,0,3.610635773047274e-05,0
84,151,0,0.0009366596157318713,0,0.00032302349995962207,0,0.00332196588479149,0,4.326620872091212e-05,0
84,152,0,0.004404398918381018,0,0.00032302349995962207,0,0.01558966366123819,0,7.791838199730252e-05,0
84,153,0,0.0025808014658599294,0,0.00032302349995962207,0,0.027887995197306982,0,0.0001118048654093727,0
84,154,0,0.0026671926864455767,0,0.00032302349995962207,0,0.012060032585915264,0,9.664670756126126e-05,0
84,155,0,0.011349388234835783,0,0.00032302349995962207,0,0.004676978468442094,0,8.523674137170142e-05,0
84,156,0,0.0068195780102873575,0,0.00032302349995962207,0,0.01197829511430739,0,0.0002451349266176492,0
84,157,0,0.004772296785209404,0,0.0,0,0.020795209077004717,0,0.0004532789771657528,0
84,158,0,0.024538432770589192,0,0.0,0,0.0163320220243951,0,0.00019968647481353942,0
84,159,0,0.007574309579198583,0,0.00032302349995962207,0,0.018634193337781088,0,0.00015265229230624301,0
84,160,0,0.017052356483104967,0,0.00032302349995962207,0,0.010615223969737058,0,0.0001305803055655209,0
84,161,0,0.0058659344987335394,0,0.00032302349995962207,0,0.008749008446968944,0,6.671782028477423e-05,0
84,162,0,0.003995294743738396,0,0.00032302349995962207,0,0.005232197133947336,0,3.869947019739575e-05,0
84,163,0,0.002825351186112781,0,0.00032302349995962207,0,0.013589098678380668,0,7.24453651205001e-05,0
84,164,0,0.004119050863992024,0,0.00032302349995962207,0,0.00236699528188966,0,5.484725224541681e-05,0
84,165,0,0.0036076276348429104,0,0.01674641148325359,0,0.004136880514032216,0,7.043371468771062e-05,0
84,166,0,0.00162806599032974,0,0.01674641148325359,0,0.0019767392541776944,0,4.3952039007189394e-05,0
84,167,0,0.0020605381633589793,0,0.01674641148325359,0,0.02063451137972284,0,6.0713550284347596e-05,0
84,168,0,0.0012508923472132154,0,0.01674641148325359,0,0.0032301818283005873,0,6.713241538834504e-05,0
84,169,0,0.002679463158685539,0,0.00032302349995962207,0,0.0026396814902295367,0,6.0589962825682124e-05,0
84,170,0,0.000890304589930422,0,0.0,0,0.0015461053457734022,0,5.712868323498651e-05,0
84,171,0,0.0006815026996729363,0,0.0,0,0.019095828160192563,0,5.5068169092521054e-05,0
84,172,0,0.0009387640466465999,0,0.0,0,0.03783768591655886,0,6.297017221813622e-05,0
84,173,0,0.0015367685244700238,0,0.0,0,0.01716375447296529,0,7.141058811892804e-05,0
84,174,0,0.0020063965319158713,0,0.0,0,0.01918216121716664,0,6.7194858281455e-05,0
84,175,0,0.0015425022667973072,0,0.0,0,0.017900124632671,0,0.00012264018499356163,0
84,176,0,0.0019260921049224073,0,0.00032302349995962207,0,0.018053934093092364,0,0.00016858029885557683,0
84,177,0,0.008924844166302095,0,0.00032302349995962207,0,0.00802323220663153,0,0.00014271016356782887,0
84,178,0,0.014603849697479968,0,0.00032302349995962207,0,0.016083199233954584,0,9.831487457799403e-05,0
84,179,0,0.03970270283239884,0,0.0,0,0.02750405465073846,0,0.00013750842891884448,0
84,180,0,0.017765035655926478,0,0.00032302349995962207,0,0.04471666150147373,0,0.00015724346348800473,0
84,181,0,0.03210618462193748,0,0.0,0,0.05631301839216934,0,0.0005243962878860866,0
84,182,0,0.010700610327893469,0,0.00032302349995962207,0,0.02065694784593622,0,0.0005875069157303862,0
84,183,0,0.00640603315825838,0,0.00032302349995962207,0,0.052113593259092095,0,0.00026086927985689975,0
84,184,0,0.014590318430376174,0,0.00032302349995962207,0,0.035088265636019404,0,0.0001833218904659244,0
84,185,0,0.012143515868382665,0,0.00032302349995962207,0,0.025264368502889573,0,0.00017277006533298844,0
84,186,0,0.011371620087740647,0,0.00032302349995962207,0,0.033017962730206706,0,0.0001463033679791014,0
84,187,0,0.011822446296390718,0,0.00032302349995962207,0,0.023079645763217957,0,0.00013655124549734966,0
84,188,0,0.003267324436082787,0,0.01674641148325359,0,0.039859264066549806,0,0.00032352324164975586,0
84,189,0,0.0018774156710234349,0,0.01674641148325359,0,0.018274608797148782,0,0.0002805120766819518,0
84,190,0,0.004700988451684053,0,0.01674641148325359,0,0.05681664646811048,0,0.0009279006546868411,0
84,191,0,0.005219171047046344,0,0.01674641148325359,0,0.03858491022265312,0,0.00024712285777804197,0
84,192,0,0.0011987878527510625,0,0.00032302349995962207,0,0.01862359259568814,0,0.00015867254907249694,0
84,193,0,0.005827517213687009,0,0.00032302349995962207,0,0.04619235811782051,0,0.00018462330530963646,0
84,194,0,0.001927696255002018,0,0.8,1,0.055598072387509495,0,0.000215525450890741,0
84,195,0,0.0012897156169486038,0,0.0,0,0.040138664626425256,0,0.0006324477051926244,0
84,196,0,0.0019170221553314732,0,0.0,0,0.048014438945855505,0,0.0002977362311646075,0
84,197,0,0.0019222862969465841,0,0.0,0,0.036163369647535755,0,0.0002579182017037397,0
84,198,0,0.004163056115447064,0,0.0,0,0.036421984720113924,0,0.000475804860959469,0
84,199,0,0.006403141908555407,0,0.0,0,0.04356617011040868,0,0.0002884251822728248,0
84,200,0,0.006021475744275999,0,0.0,0,0.04155762648046293,0,0.00021454780585021172,0
84,201,0,0.004384795349410595,0,0.0,0,0.05747965294149394,0,0.0007391919453028551,0
84,202,0,0.0034499516207804094,0,0.6,1,0.08723776840414178,0,0.0002481791496161581,0
84,203,0,0.004175801110135019,0,0.0,0,0.10969132039829585,0,0.00031787024413340673,0
84,204,0,0.009476330511604639,0,0.0,0,0.08905136182086545,0,0.00042730488411407767,0
84,205,0,0.016172398408064174,0,0.0,0,0.16291501830849492,0,0.006751517470563768,0
84,206,0,0.02129999035078212,0,0.0,0,0.18398501098177772,0,0.002865278980079763,0
84,207,0,0.0728931153749975,0,0.0,0,0.1981942397666421,0,0.0019489003022203901,0
84,208,0,0.037074902304199145,0,0.0,0,0.30738099609755043,0,0.09800278312831344,0
84,209,0,0.06644706158690403,0,0.0,0,0.2246966206796583,0,0.007881394520207736,0
84,210,0,0.13864665658676795,0,0.5,1,0.24146714862746607,0,0.052788423621977894,0
84,211,0,0.2078735234487607,0,0.0,0,0.21371823640067342,0,0.012334162848579947,0
84,212,0,0.1686572280374802,0,0.0,0,0.25817282531126773,0,0.010916473922101039,0
84,213,0,0.1295872434799779,0,0.0,0,0.24461388132379483,0,0.015816380533339235,0
84,214,0,0.04574506047562483,0,0.75,1,0.32432033408035293,0,0.3388428392561001,0
84,215,0,0.02681492029357731,0,0.75,1,0.23099849240554535,0,0.0379597121912149,0
84,216,0,0.04556891255997412,0,0.75,1,0.2021784919753644,0,0.025756254169758904,0
84,217,0,0.1007601071206318,0,0.0,0,0.3149834409201241,0,0.12865474372049154,0
84,218,0,0.03498660118207467,0,0.6,1,0.27985577452892957,0,0.09289796980875392,0
84,219,0,0.07260056616674675,0,0.0,0,0.3934334127258662,0,0.08244749639588562,0
84,220,0,0.02846200473680518,0,0.0,0,0.3169820094620572,0,0.016251314412158328,0
84,221,0,0.048227935981901386,0,0.0,0,0.36252851600862224,0,0.1360823736794299,0
84,222,0,0.10706633547560067,0,0.75,1,0.3791152510253097,0,0.04302862827793457,0
84,223,0,0.05799537211549832,0,0.75,1,0.3729470803440107,0,0.02736265940576083,0
84,224,0,0.04835554438523093,0,0.75,1,0.3413592738793483,0,0.09148903541569037,0
84,225,0,0.03571783366592238,0,0.75,1,0.3467579896164277,0,0.03005806947555905,0
84,226,0,0.07914468606884557,0,0.75,1,0.4253183802120275,0,0.177078053061242,0
84,227,0,0.0436533955639312,0,0.75,1,0.5065871888140306,1,0.3595248254921597,0
84,228,0,0.03793746581240748,0,0.9892367906066536,1,0.45025421124677506,0,0.25563977971037494,0
84,229,0,0.027239020857592017,0,0.0,0,0.4885469749078373,0,0.23762088912783152,0
84,230,0,0.032921466411431025,0,0.0,0,0.5673706607170935,1,0.12911634701867622,0
84,231,0,0.05462650665876076,0,0.9230769230769231,1,0.54553122774464,1,0.03718942991463517,0
84,232,0,0.06946766004675166,0,0.9892367906066536,1,0.5404683867589422,1,0.13239703322258362,0
84,233,0,0.07153446901540864,0,0.9230769230769231,1,0.4853921211564648,0,0.15568034106832282,0
84,234,0,0.060861605186861026,0,0.9230769230769231,1,0.5121369193818466,1,0.31073016840442147,0
84,235,0,0.03635417082599069,0,0.9230769230769231,1,0.4979240332646032,0,0.11898410815179677,0
84,236,0,0.09445760846549232,0,0.9892367906066536,1,0.560735638929697,1,0.0835216954507736,0
84,237,1,0.06917320905443701,0,0.9892367906066536,1,0.7223458427783371,1,0.6265509543679305,1
84,238,1,0.09819448618696724,0,0.9892367906066536,1,0.746950918940782,1,0.8778298176188509,1
84,239,1,0.12804211159004888,0,0.9892367906066536,1,0.7431915876267096,1,0.6777186809727651,1
84,240,1,0.17627914735839964,0,0.9892367906066536,1,0.8366003973969149,1,0.874240063772084,1
84,241,1,0.2334613353094826,0,0.9892367906066536,1,0.8913948830435325,1,0.9736214702349447,1
84,242,1,0.2408597558872023,0,0.9892367906066536,1,0.8743687392804097,1,0.9836635127745559,1
84,243,1,0.20462898995800183,0,0.9892367906066536,1,0.939517835248926,1,0.9918691370349533,1
84,244,1,0.43854499414903464,0,0.9892367906066536,1,0.9369669169114707,1,0.9962400681747355,1
84,245,1,0.6180731643506201,1,0.9892367906066536,1,0.9583851517817032,1,0.9974411001265279,1
84,246,1,0.41080528714235,0,0.9892367906066536,1,0.920101206305572,1,0.9947864721884139,1
84,247,1,0.6647720398850039,1,0.9892367906066536,1,0.9298531458442255,1,0.992259070803166,1
84,248,1,0.8413654163978272,1,0.9892367906066536,1,0.8889246154803112,1,0.989969483967409,1
84,249,1,0.6849158236154061,1,0.9892367906066536,1,0.9600914461057043,1,0.997657862593352,1
84,250,1,0.4687690703924808,0,0.9892367906066536,1,0.955513171063473,1,0.9988460533850194,1
84,251,1,0.5712657563223731,1,0.9892367906066536,1,0.9511146411892775,1,0.9991486702657002,1
84,252,1,0.5088343019531076,1,0.9892367906066536,1,0.9805994928839774,1,0.998354725534726,1
84,253,1,0.7248902713251427,1,0.9892367906066536,1,0.953103541591767,1,0.9959583752536061,1
84,254,1,0.8419484768358102,1,0.9892367906066536,1,0.9537807269872696,1,0.9968028516740578,1
84,255,1,0.46967765240594384,0,0.9892367906066536,1,0.974927285452968,1,0.9984123808407144,1
84,256,1,0.48107787235944777,0,0.9892367906066536,1,0.9771715396418124,1,0.9976262971342144,1
84,257,1,0.7002309603952801,1,0.9892367906066536,1,0.9840056167948237,1,0.9968802105657583,1
84,258,1,0.6343772675079615,1,0.9892367906066536,1,0.9706007996543,1,0.9976031276531132,1
84,259,1,0.6914075353517303,1,0.9892367906066536,1,0.9400969748207285,1,0.9963189585051568,1
84,260,1,0.8246478752549883,1,0.9787234042553191,1,0.8950425137407517,1,0.9958898452559892,1
84,261,1,0.8110402202593161,1,0.9892367906066536,1,0.9303433607909323,1,0.9964081691107407,1
84,262,1,0.9359080466502941,1,0.9892367906066536,1,0.9390176123384915,1,0.9832281854614962,1
84,263,1,0.9021804665536651,1,0.9787234042553191,1,0.9467132430273704,1,0.9885019181382616,1
84,264,1,0.9211666857256716,1,0.9892367906066536,1,0.902535240708533,1,0.991118442966213,1
84,265,1,0.9246896765476815,1,0.9787234042553191,1,0.8025283064929079,1,0.5733144250586696,1
84,266,1,0.9595977909209495,1,0.9787234042553191,1,0.7548391068572677,1,0.979358426221396,1
84,267,0,0.9839578595865934,1,0.4,0,0.759677543786807,1,0.9296807076083395,1
91,1,0,0.25345442752294367,0,0.00032302349995962207,0,0.06681586785001634,0,9.617249549026712e-05,0
91,2,0,0.00681979017337432,0,0.00032302349995962207,0,0.029117051705639812,0,4.778269510141387e-05,0
91,3,0,0.0004100538965910613,0,0.00032302349995962207,0,0.0002222395473135873,0,1.5306754756276936e-05,0
91,4,0,0.0022915735926027987,0,0.00032302349995962207,0,0.011296388245174281,0,1.5384085441103642e-05,0
91,5,0,0.003054510959245621,0,0.00032302349995962207,0,0.011296388245174281,0,1.731824910651979e-05,0
91,6,0,0.0028392359757864398,0,0.00032302349995962207,0,0.014920435179304543,0,3.323938056070035e-05,0
91,7,0,0.001279003168960339,0,0.00032302349995962207,0,0.01858631999394516,0,2.9473197562264996e-05,0
91,8,0,0.003998245702249528,0,0.00032302349995962207,0,0.011926449703678305,0,1.809528579924692e-05,0
91,9,0,0.01466158820132356,0,0.00032302349995962207,0,0.014762683144307778,0,1.7795594614323997e-05,0
91,10,0,0.004454305819433143,0,0.00032302349995962207,0,0.012116631828115964,0,2.0489780978210243e-05,0
91,11,0,0.0051449653396203904,0,0.00032302349995962207,0,0.025860488797257965,0,3.566398219490057e-05,0
91,12,0,0.0026866363948302176,0,0.00032302349995962207,0,0.007483605111902079,0,2.2400756901108585e-05,0
91,13,0,0.001651747487965301,0,0.00032302349995962207,0,0.0053375854835264955,0,2.309080034775491e-05,0
91,14,0,0.0032211227524915147,0,0.00032302349995962207,0,0.012252122904920235,0,2.0193215076091734e-05,0
91,15,0,0.0011972809641440584,0,0.00032302349995962207,0,0.004555357294814506,0,1.4135670797528097e-05,0
91,16,0,0.004492020696180233,0,0.00032302349995962207,0,0.00960938828657996,0,1.4095153209085926e-05,0
91,17,0,0.003016193297209466,0,0.00032302349995962207,0,0.00030923585847299033,0,2.2832367076862654e-05,0
91,18,0,0.0031485533585554324,0,0.00032302349995962207,0,0.0017524648759284127,0,1.9937153953027422e-05,0
91,19,0,0.002888194491367074,0,0.00032302349995962207,0,0.00012445672605969279,0,1.8855474613446758e-05,0
91,20,0,0.0016378002135877358,0,0.00032302349995962207,0,0.00013755202177349958,0,2.3056471768524495e-05,0
91,21,0,0.0011999999170554953,0,0.00032302349995962207,0,0.0001843722502533607,0,1.918862944452641e-05,0
91,22,0,0.003189287765068504,0,0.00032302349995962207,0,0.0003224052187328179,0,1.924156685275797e-05,0
91,23,0,0.0019006888129583718,0,0.00032302349995962207,0,0.005405408197145361,0,2.869442318716889e-05,0
91,24,0,0.0021577172082299567,0,0.00032302349995962207,0,0.0001763396630062343,0,2.677220938786284e-05,0
91,25,0,0.002425181219119925,0,0.00032302349995962207,0,0.0001058698787677714,0,3.0961087386579774e-05,0
91,26,0,0.007968966991361974,0,0.00032302349995962207,0,0.0029563958180500345,0,3.9634337810092074e-05,0
91,27,0,0.004104687386571981,0,0.00032302349995962207,0,0.0029423350341458536,0,5.451898363845424e-05,0
91,28,0,0.003200744145776985,0,0.00032302349995962207,0,9.503554516300286e-05,0,4.6064389979147185e-05,0
91,29,0,0.0026486993301904557,0,0.00032302349995962207,0,0.0030950355451630027,0,3.1015065775363374e-05,0
91,30,0,0.003482743189308979,0,0.00032302349995962207,0,0.008546340855440588,0,3.1837938831380415e-05,0
91,31,0,0.004272321964896817,0,0.00032302349995962207,0,0.00014794741487444846,0,3.517609292555725e-05,0
91,32,0,0.0027625665549188307,0,0.00032302349995962207,0,0.00564670260527354,0,4.0038925108327723e-05,0
91,33,0,0.038238037553843786,0,0.00032302349995962207,0,0.02376421908542153,0,3.5290139154948885e-05,0
91,34,0,0.008539209384360433,0,0.00032302349995962207,0,0.006841789552935351,0,4.3803907044908415e-05,0
91,35,0,0.008344121086754076,0,0.00032302349995962207,0,0.0051115343876216215,0,3.914332473645627e-05,0
91,36,0,0.0019552069964876508,0,0.00032302349995962207,0,0.004353056701548532,0,7.048620242195499e-05,0
91,37,0,0.007113411731718399,0,0.00032302349995962207,0,0.0029723736010407956,0,4.31833298654991e-05,0
91,38,0,0.0072788345148749175,0,0.00032302349995962207,0,0.010230479078335505,0,4.2741897058724865e-05,0
91,39,0,0.013785274287452666,0,0.00032302349995962207,0,0.012297219606632033,0,3.997744200624506e-05,0
91,40,0,0.018223120408517937,0,0.00032302349995962207,0,0.021276225426905125,0,4.3538306206290706e-05,0
91,41,0,0.0067962304219325856,0,0.00032302349995962207,0,0.015028980923594866,0,3.628607560849777e-05,0
91,42,0,0.02094939689828112,0,0.00032302349995962207,0,0.022577963559960716,0,4.732624319228381e-05,0
91,43,0,0.0130919249549754,0,0.00032302349995962207,0,0.023842473790471948,0,3.0505436729502656e-05,0
91,44,0,0.003216329606133851,0,0.00032302349995962207,0,0.02253295757908528,0,6.358042266081783e-05,0
91,45,0,0.0176135563943243,0,0.00032302349995962207,0,0.016539280682063683,0,4.7044030660241936e-05,0
91,46,0,0.0187182317692448,0,0.00032302349995962207,0,0.021193635909761067,0,4.786429448833861e-05,0
91,47,0,0.009892787159270507,0,0.00032302349995962207,0,0.01170242091828338,0,4.7156282581378883e-05,0
91,48,0,0.005862438744547559,0,0.00032302349995962207,0,0.006275682301128635,0,0.0001303929963727814,0
91,49,0,0.004965409477520806,0,0.00032302349995962207,0,0.016667093950191374,0,6.960928482247073e-05,0
91,50,0,0.018163065456377133,0,0.00032302349995962207,0,0.023986793283846605,0,7.147942892139333e-05,0
91,51,0,0.017147051815856004,0,0.00032302349995962207,0,0.033367615050430025,0,5.764790882982707e-05,0
91,52,0,0.013912122502693603,0,0.00032302349995962207,0,0.025179681582294243,0,5.768140512582787e-05,0
91,53,0,0.015041689915727154,0,0.00032302349995962207,0,0.028944944074641935,0,5.7066937872003453e-05,0
91,54,0,0.025335701062567408,0,0.00032302349995962207,0,0.02406094300764548,0,0.00014862270794723385,0
91,55,0,0.011899284099364145,0,0.00032302349995962207,0,0.03102254974410867,0,0.00016487653988271427,0
91,56,0,0.015782826890468834,0,0.00032302349995962207,0,0.024483057145013518,0,0.0006583536766351162,0
91,57,0,0.012474455777387844,0,0.01674641148325359,0,0.05194270125272568,0,0.00014011671296444467,0
91,58,0,0.0071468445587426705,0,0.00032302349995962207,0,0.03707183412691727,0,0.0004277400496878997,0
91,59,0,0.006144841313802365,0,0.00032302349995962207,0,0.0412741312345752,0,0.00046299064679116645,0
91,60,0,0.00623898120442889,0,0.01674641148325359,0,0.01897347722077342,0,0.00018527077839188238,0
91,61,0,0.014070078855460992,0,0.00032302349995962207,0,0.023581876298670066,0,0.0001196578390804786,0
91,62,0,0.005232462666580963,0,0.00032302349995962207,0,0.02334244546570047,0,7.909066840034494e-05,0
91,63,0,0.005085741393864987,0,0.00032302349995962207,0,0.037652469829117845,0,0.00012371071822377027,0
91,64,0,0.01438138060065953,0,0.00032302349995962207,0,0.018797013320740012,0,5.7362381496510764e-05,0
91,65,0,0.011861515590362427,0,0.00032302349995962207,0,0.015984087420165143,0,0.00011163614527731097,0
91,66,0,0.009212231426775038,0,0.00032302349995962207,0,0.014555515991593715,0,6.127581956280115e-05,0
91,67,0,0.006650073044110867,0,0.00032302349995962207,0,0.03113221320573535,0,5.362772818079876e-05,0
91,68,0,0.015455299683670785,0,0.00032302349995962207,0,0.03594608004377639,0,6.538204726482357e-05,0
91,69,0,0.01491042111530958,0,0.00032302349995962207,0,0.01311572554741288,0,7.139833049353977e-05,0
91,70,0,0.031076438884804672,0,0.00032302349995962207,0,0.012286301893508681,0,0.00011848094358216367,0
91,71,0,0.03200598636479452,0,0.00032302349995962207,0,0.017967838295716257,0,0.0003069670574925512,0
91,72,0,0.13443443209050845,0,0.00032302349995962207,0,0.019515152841267962,0,6.355596673538171e-05,0
91,73,0,0.09048612225302421,0,0.00032302349995962207,0,0.022923830761941898,0,6.929491340596461e-05,0
91,74,0,0.09776686394092185,0,0.00032302349995962207,0,0.01570076775933296,0,6.671011872699266e-05,0
91,75,0,0.045479637974379705,0,0.00032302349995962207,0,0.02737021564558725,0,0.0002200922553587465,0
91,76,0,0.03145511573289829,0,0.00032302349995962207,0,0.024046600418282257,0,0.0001005693108002549,0
91,77,0,0.032931415869489604,0,0.00032302349995962207,0,0.028342601511809576,0,0.00010365598423030505,0
91,78,0,0.05531264966607497,0,0.00032302349995962207,0,0.030470164338503435,0,0.0024285313825038657,0
91,79,0,0.06915487937542221,0,0.00032302349995962207,0,0.058588206890726975,0,0.0004394841569548697,0
91,80,0,0.09314439274171925,0,0.00032302349995962207,0,0.0352360090205622,0,0.0005361336819979141,0
91,81,0,0.06904742551535278,0,0.00032302349995962207,0,0.05943424091930282,0,0.0003815197743157695,0
91,82,0,0.031874664651561385,0,0.00032302349995962207,0,0.056611345206624614,0,0.00029640434217472036,0
91,83,0,0.04661002290066238,0,0.01674641148325359,0,0.04618851039241853,0,0.0029521864393864173,0
91,84,0,0.10665517463307629,0,0.6,1,0.0713736885532054,0,0.0010612565837940099,0
91,85,0,0.1859106153962282,0,0.01674641148325359,0,0.08883938278764153,0,0.00398006904764133,0
91,86,0,0.17469509851408863,0,0.6,1,0.0935143115077576,0,0.008087294417996814,0
91,87,0,0.1515987480659063,0,1.0,1,0.11143546778664679,0,0.001113843057388908,0
91,88,0,0.11407002929484172,0,0.0,0,0.11823530734623956,0,0.005038930676279405,0
91,89,0,0.06764820188261576,0,0.0,0,0.11275092622398207,0,0.0028394384071072196,0
91,90,0,0.02461485949291022,0,0.0,0,0.10286776602565752,0,0.001966832492324358,0
91,91,0,0.05189638557702689,0,0.0,0,0.12578763989043867,0,0.004804788644501118,0
91,92,0,0.05134207543746753,0,0.0,0,0.11227165940098961,0,0.006679755468709954,0
91,93,0,0.08099240243777321,0,0.0,0,0.11204114921926561,0,0.009204072590210643,0
91,94,0,0.0979041836686173,0,0.0,0,0.14439164175182398,0,0.007785528865361579,0
91,95,0,0.1892821533806435,0,0.0,0,0.13606999912561663,0,0.0073426753985820084,0
91,96,0,0.10136595784415725,0,0.0,0,0.09164222047564047,0,0.0019882661576986834,0
91,97,0,0.043463765481716286,0,0.0,0,0.13468440948385318,0,0.003226103649425882,0
91,98,0,0.06440921151473057,0,0.0,0,0.11850212700597566,0,0.0010798171838010233,0
91,99,0,0.11674397281918136,0,0.0,0,0.13037817530997972,0,0.0032831198613118397,0
91,100,0,0.1428296520945657,0,0.0,0,0.16046914035906631,0,0.018818866541080823,0
91,101,0,0.224868245224502,0,0.0,0,0.1972142790612241,0,0.09926990543871599,0
91,102,0,0.21199645941257694,0,0.0,0,0.1639941209542082,0,0.06700373502402833,0
91,103,0,0.17804905639047877,0,0.0,0,0.2153136771142668,0,0.00821004104138094,0
91,104,0,0.10695394412491517,0,1.0,1,0.20651943477171877,0,0.037929425890005954,0
91,105,1,0.3313131896870831,0,1.0,1,0.25089782299354585,0,0.30921226422243087,0
91,106,1,0.49509368024014205,0,0.2,0,0.3071889604027581,0,0.6101411133816005,1
91,107,1,0.7647066981724363,1,0.9230769230769231,1,0.3638332451447679,0,0.634640205176781,1
91,108,1,0.7324368582974231,1,0.0,0,0.46080362995517726,0,0.4682679147219116,0
91,109,1,0.7739146914210846,1,0.9892367906066536,1,0.5833547466723317,1,0.4852190389432759,0
91,110,1,0.62905450305185,1,0.9892367906066536,1,0.6082603872888513,1,0.7790664183496401,1
91,111,1,0.3487120498987481,0,0.9892367906066536,1,0.6415324737027507,1,0.9526988720022331,1
91,112,1,0.44669323823112544,0,0.9892367906066536,1,0.7245376701080402,1,0.9917031611399079,1
91,113,1,0.3355612813568833,0,0.9892367906066536,1,0.7801988417411766,1,0.995929877333621,1
91,114,1,0.4766180725788309,0,0.9892367906066536,1,0.7830940863545619,1,0.994123880750495,1
91,115,1,0.4921648589991481,0,0.9892367906066536,1,0.6896408552240704,1,0.9884226575854477,1
91,116,1,0.5323096855946716,1,0.9892367906066536,1,0.8387821287604809,1,0.994031959549396,1
91,117,1,0.3489343252286186,0,0.9892367906066536,1,0.826449625242399,1,0.9950652009523531,1
91,118,1,0.6022391756870967,1,0.16666666666666666,0,0.7666051746666382,1,0.9807987799723761,1
91,119,1,0.7602022475387558,1,0.6,1,0.8485605859817867,1,0.9919843354865634,1
91,120,1,0.784540416176443,1,0.9892367906066536,1,0.8832095345919647,1,0.9974601734070694,1
91,121,1,0.8029281455865002,1,0.9892367906066536,1,0.9092376803516157,1,0.9952600926982553,1
91,122,1,0.6853201311597708,1,0.9892367906066536,1,0.9242851993990793,1,0.9980324862170691,1
91,123,1,0.7318634931288532,1,0.9892367906066536,1,0.9002066952609695,1,0.9985894874639435,1
91,124,1,0.8247005837019751,1,0.9892367906066536,1,0.9726676537404717,1,0.9993784644070023,1
91,125,1,0.8626969983267564,1,0.9892367906066536,1,0.9691993727205047,1,0.9992528641267685,1
91,126,1,0.9614285449460853,1,0.9892367906066536,1,0.9508291150600756,1,0.9986688986423533,1
91,127,1,0.9670259774644799,1,0.9892367906066536,1,0.9528352048038583,1,0.9963689672529873,1
91,128,1,0.9659543993784068,1,0.9787234042553191,1,0.9158685516261242,1,0.9886992403876869,1
91,129,1,0.9783638763672107,1,0.9787234042553191,1,0.9090048877965827,1,0.9914023379421351,1
91,130,1,0.995314865251585,1,0.9892367906066536,1,0.9445651535148969,1,0.9988885675561638,1
91,131,1,0.9949137932332099,1,0.9892367906066536,1,0.9358659261728515,1,0.9976399883617701,1
91,132,1,0.9945332927393683,1,0.9892367906066536,1,0.9285389154974035,1,0.9925282380904732,1
91,133,1,0.9987874585956117,1,0.9892367906066536,1,0.8862812457131943,1,0.9769179393939516,1
91,134,1,0.9994483521009883,1,0.9892367906066536,1,0.8409655282640643,1,0.9582508933475443,1
91,135,0,0.9995950784049943,1,1.0,1,0.550567808960875,1,0.48291124401915925,0
