unit_number,time_cycles,true_label,pred_prob,pred_label
1,1,0,4.5900877282414666e-05,0
1,2,0,0.00026169905251083395,0
1,3,0,7.278043722116111e-05,0
1,4,0,3.871020085476946e-05,0
1,5,0,3.533830365015221e-05,0
1,6,0,3.448731164641696e-05,0
1,7,0,3.448731164641696e-05,0
1,8,0,3.4982958626277254e-05,0
1,9,0,4.471212728538849e-05,0
1,10,0,3.448731164641696e-05,0
1,11,0,3.425241331979667e-05,0
1,12,0,3.5853693526811924e-05,0
1,13,0,3.0112139063188054e-05,0
1,14,0,3.340813093614242e-05,0
1,15,0,3.569611896868754e-05,0
1,16,0,3.0112139063188054e-05,0
1,17,0,3.2932438709840424e-05,0
1,18,0,3.7213964750215626e-05,0
1,19,0,3.476262937968872e-05,0
1,20,0,3.1429299936999865e-05,0
1,21,0,3.739865584313386e-05,0
1,22,0,3.747734503692335e-05,0
1,23,0,3.219757039905436e-05,0
1,24,0,3.6109189476619794e-05,0
1,25,0,3.1105556175199714e-05,0
1,26,0,3.6639207424369726e-05,0
1,27,0,3.109232144026674e-05,0
1,28,0,3.258671678923493e-05,0
1,29,0,2.9330696369349776e-05,0
1,30,0,2.9330696369349776e-05,0
1,31,0,3.219757039905436e-05,0
2,1,0,4.638563284898872e-05,0
2,2,0,8.088473272726655e-05,0
2,3,0,4.935313784664765e-05,0
2,4,0,4.1104066156781155e-05,0
2,5,0,3.653455296323192e-05,0
2,6,0,3.353780666589317e-05,0
2,7,0,3.618384710825409e-05,0
2,8,0,3.596717701738506e-05,0
2,9,0,3.277950344321383e-05,0
2,10,0,3.5499682157050126e-05,0
2,11,0,3.3580777715041666e-05,0
2,12,0,3.5499682157050126e-05,0
2,13,0,3.3595071648876705e-05,0
2,14,0,3.2227441501018546e-05,0
2,15,0,3.121078458059153e-05,0
2,16,0,4.133334590336576e-05,0
2,17,0,3.3958555302439654e-05,0
2,18,0,3.284868616620656e-05,0
2,19,0,4.115656009380673e-05,0
2,20,0,3.788835621378749e-05,0
2,21,0,3.307206296686613e-05,0
2,22,0,4.571576658135427e-05,0
2,23,0,5.0553115886260015e-05,0
2,24,0,5.049176850067193e-05,0
2,25,0,4.534299310928309e-05,0
2,26,0,4.6579832894800434e-05,0
2,27,0,3.906073925358536e-05,0
2,28,0,4.0589907277374025e-05,0
2,29,0,3.1079889659437494e-05,0
2,30,0,2.9459830369720856e-05,0
2,31,0,3.0558473733727635e-05,0
2,32,0,3.6891744385281296e-05,0
2,33,0,3.487343920196526e-05,0
2,34,0,3.075715484712007e-05,0
2,35,0,3.390515617567515e-05,0
2,36,0,3.173847752916639e-05,0
2,37,0,3.576571380070511e-05,0
2,38,0,2.9330696369349776e-05,0
2,39,0,3.079502895174744e-05,0
2,40,0,3.6569918604221886e-05,0
2,41,0,3.4905155370202664e-05,0
2,42,0,3.838121742827933e-05,0
2,43,0,4.441184168417038e-05,0
2,44,0,4.8402223454054666e-05,0
2,45,0,3.290384964146162e-05,0
2,46,0,4.2139292320896667e-05,0
2,47,0,3.615526202824767e-05,0
2,48,0,4.016275202527143e-05,0
2,49,0,4.003037840320906e-05,0
3,1,0,8.245115357546245e-05,0
3,2,0,0.00033862374984957406,0
3,3,0,4.325901577657228e-05,0
3,4,0,4.8011001604333763e-05,0
3,5,0,4.332359763807089e-05,0
3,6,0,3.615777796043069e-05,0
3,7,0,3.0072510858598834e-05,0
3,8,0,3.591772451841223e-05,0
3,9,0,3.1197283252884235e-05,0
3,10,0,3.043872908670021e-05,0
3,11,0,2.9676454563848115e-05,0
3,12,0,3.0807616443930635e-05,0
3,13,0,3.1106871818729964e-05,0
3,14,0,3.215100386112014e-05,0
3,15,0,3.6005153164642724e-05,0
3,16,0,3.876644967696676e-05,0
3,17,0,3.415379130773571e-05,0
3,18,0,4.199626503832443e-05,0
3,19,0,3.917734434937317e-05,0
3,20,0,3.6377798063129003e-05,0
3,21,0,3.90280526561233e-05,0
3,22,0,4.2645581431383314e-05,0
3,23,0,3.540805027392595e-05,0
3,24,0,3.750170184658016e-05,0
3,25,0,3.0967675883360676e-05,0
3,26,0,4.066964098007725e-05,0
3,27,0,3.301018055032488e-05,0
3,28,0,3.330176709908291e-05,0
3,29,0,3.490759849906337e-05,0
3,30,0,3.611530790055766e-05,0
3,31,0,4.066372371989292e-05,0
3,32,0,3.5896646595383284e-05,0
3,33,0,4.903488692958071e-05,0
3,34,0,3.960098969099351e-05,0
3,35,0,4.215916972744937e-05,0
3,36,0,3.6943849270059146e-05,0
3,37,0,3.527226727326522e-05,0
3,38,0,3.248119738259153e-05,0
3,39,0,3.63919168141495e-05,0
3,40,0,3.723470199390774e-05,0
3,41,0,3.866109199965585e-05,0
3,42,0,4.885249316400841e-05,0
3,43,0,3.677053992309703e-05,0
3,44,0,3.471711217687681e-05,0
3,45,0,3.596663862406004e-05,0
3,46,0,4.381123189915475e-05,0
3,47,0,4.874454347798051e-05,0
3,48,0,4.354333442547695e-05,0
3,49,0,3.9782713533516946e-05,0
3,50,0,3.944279491196789e-05,0
3,51,0,4.557826824993741e-05,0
3,52,0,3.7137241505667624e-05,0
3,53,0,3.603595634746207e-05,0
3,54,0,4.0571172517774e-05,0
3,55,0,4.2538205980783894e-05,0
3,56,0,5.220597199789878e-05,0
3,57,0,5.042877822782005e-05,0
3,58,0,6.127976084946677e-05,0
3,59,0,6.295306897931945e-05,0
3,60,0,5.18869679513807e-05,0
3,61,0,5.516390894346418e-05,0
3,62,0,8.098482712353521e-05,0
3,63,0,0.00012607490871469512,0
3,64,0,4.5657468035648256e-05,0
3,65,0,6.384241761350618e-05,0
3,66,0,6.979174049149645e-05,0
3,67,0,4.8813634491178884e-05,0
3,68,0,0.00011116093263524028,0
3,69,0,0.00012691234465815626,0
3,70,0,6.798442654515046e-05,0
3,71,0,5.374453807172796e-05,0
3,72,0,9.026028942638719e-05,0
3,73,0,6.109920607105878e-05,0
3,74,0,4.2334150609116736e-05,0
3,75,0,4.2521914216557846e-05,0
3,76,0,5.334600787337531e-05,0
3,77,0,4.349563072774842e-05,0
3,78,0,4.22537707240182e-05,0
3,79,0,3.660902005338125e-05,0
3,80,0,3.469563787407474e-05,0
3,81,0,3.277790909772185e-05,0
3,82,0,4.300981657981514e-05,0
3,83,0,4.875101779917082e-05,0
3,84,0,4.438480590900543e-05,0
3,85,0,4.4341906115930546e-05,0
3,86,0,5.056881617417851e-05,0
3,87,0,6.613911228654254e-05,0
3,88,0,4.458339851365916e-05,0
3,89,0,8.14830122510282e-05,0
3,90,0,9.069342557483168e-05,0
3,91,0,0.00011472242137117896,0
3,92,0,0.0001223956132158424,0
3,93,0,9.712612909236706e-05,0
3,94,0,6.653243890915156e-05,0
3,95,0,6.742997981321317e-05,0
3,96,0,7.307530834278674e-05,0
3,97,0,5.344127495576933e-05,0
3,98,0,5.1630204730507875e-05,0
3,99,0,6.550191176787342e-05,0
3,100,0,0.00010485508699140191,0
3,101,0,0.00016028561835319813,0
3,102,0,8.739808222032233e-05,0
3,103,0,7.57985914036012e-05,0
3,104,0,0.00019107920040380757,0
3,105,0,8.395084409892886e-05,0
3,106,0,7.68752352374797e-05,0
3,107,0,0.00011947308961333864,0
3,108,0,8.232419858719068e-05,0
3,109,0,9.323737841178684e-05,0
3,110,0,9.477406009836637e-05,0
3,111,0,9.487612323417229e-05,0
3,112,0,0.00021267100298017866,0
3,113,0,0.00021771579666582185,0
3,114,0,0.0003625898883860472,0
3,115,0,0.0001232100138983848,0
3,116,0,0.0001309797674121905,0
3,117,0,0.00035349009853844426,0
3,118,0,0.0003364472739265903,0
3,119,0,0.00029069497813177347,0
3,120,0,0.0010780586595838437,0
3,121,0,0.00025959809988917375,0
3,122,0,0.0007001075212499873,0
3,123,0,0.0008359543281600208,0
3,124,0,0.0004152264564730609,0
3,125,0,0.0011805104971131287,0
3,126,0,0.002923115484361138,0
4,1,0,4.935133717317533e-05,0
4,2,0,4.584295269155255e-05,0
4,3,0,7.352618933302245e-05,0
4,4,0,5.056282702533429e-05,0
4,5,0,3.370582468582821e-05,0
4,6,0,4.3983085485559063e-05,0
4,7,0,3.765017540028923e-05,0
4,8,0,2.901451905440003e-05,0
4,9,0,3.3212798949903075e-05,0
4,10,0,3.1429299936999865e-05,0
4,11,0,2.9752235376707344e-05,0
4,12,0,3.4484866777975746e-05,0
4,13,0,3.813504344579475e-05,0
4,14,0,3.2606921148855326e-05,0
4,15,0,4.3220814212869655e-05,0
4,16,0,4.400779364346658e-05,0
4,17,0,3.968758738452673e-05,0
4,18,0,3.709836806570756e-05,0
4,19,0,3.5680408130989464e-05,0
4,20,0,3.517487986623492e-05,0
4,21,0,3.883169333360667e-05,0
4,22,0,3.5168436237424106e-05,0
4,23,0,3.682651693031735e-05,0
4,24,0,3.742380167637944e-05,0
4,25,0,5.815831679266178e-05,0
4,26,0,3.123967880542231e-05,0
4,27,0,4.05150681110155e-05,0
4,28,0,3.80680671821562e-05,0
4,29,0,3.564605052029078e-05,0
4,30,0,3.2448312905375443e-05,0
4,31,0,3.449982252138261e-05,0
4,32,0,3.6672878743618246e-05,0
4,33,0,4.2275849094356536e-05,0
4,34,0,3.6487689024360684e-05,0
4,35,0,3.806469667037871e-05,0
4,36,0,3.6335326507773553e-05,0
4,37,0,2.9907772630421197e-05,0
4,38,0,3.080925479541846e-05,0
4,39,0,3.2860397638402654e-05,0
4,40,0,3.562291246371534e-05,0
4,41,0,3.59272958647145e-05,0
4,42,0,3.307132590080879e-05,0
4,43,0,3.918067792357196e-05,0
4,44,0,3.346114758961417e-05,0
4,45,0,3.056410470077989e-05,0
4,46,0,3.696639038869493e-05,0
4,47,0,4.414727631542972e-05,0
4,48,0,3.636683626266852e-05,0
4,49,0,3.438661995844787e-05,0
4,50,0,4.0679096148384835e-05,0
4,51,0,4.429531387638694e-05,0
4,52,0,3.452448545486253e-05,0
4,53,0,3.250477069549788e-05,0
4,54,0,3.111456410042558e-05,0
4,55,0,3.5874432516011385e-05,0
4,56,0,3.3252800010460485e-05,0
4,57,0,2.8944409521362384e-05,0
4,58,0,2.9330696369349776e-05,0
4,59,0,2.9330696369349776e-05,0
4,60,0,3.524585540988925e-05,0
4,61,0,2.910538924697355e-05,0
4,62,0,2.8722069620670554e-05,0
4,63,0,3.4406604491882815e-05,0
4,64,0,2.910538924697355e-05,0
4,65,0,3.836286559116797e-05,0
4,66,0,3.392311144506061e-05,0
4,67,0,3.4975052599181293e-05,0
4,68,0,4.5033604471283555e-05,0
4,69,0,5.8528998659654226e-05,0
4,70,0,3.26051498719997e-05,0
4,71,0,3.7902527903759685e-05,0
4,72,0,3.571812550902109e-05,0
4,73,0,3.096630092334096e-05,0
4,74,0,3.6101935340203536e-05,0
4,75,0,4.292700264577482e-05,0
4,76,0,4.4609041324819624e-05,0
4,77,0,3.7588227246844965e-05,0
4,78,0,4.328471452284414e-05,0
4,79,0,5.829225722317164e-05,0
4,80,0,3.769540062151944e-05,0
4,81,0,3.975871323828536e-05,0
4,82,0,3.923509423613878e-05,0
4,83,0,5.8751329340715446e-05,0
4,84,0,5.5464488446654925e-05,0
4,85,0,5.529893638311091e-05,0
4,86,0,4.2025447494858746e-05,0
4,87,0,4.1189511802359345e-05,0
4,88,0,9.863887126233231e-05,0
4,89,0,9.332589648796555e-05,0
4,90,0,4.9060883566187854e-05,0
4,91,0,4.382055959904086e-05,0
4,92,0,4.9561469549811646e-05,0
4,93,0,3.6784561603675327e-05,0
4,94,0,3.2499588347573556e-05,0
4,95,0,3.841066289158998e-05,0
4,96,0,3.6501276560183915e-05,0
4,97,0,4.319015342112106e-05,0
4,98,0,3.946129525453814e-05,0
4,99,0,5.476450832402274e-05,0
4,100,0,3.4480404195530644e-05,0
4,101,0,5.035418054587453e-05,0
4,102,0,4.1595016538597854e-05,0
4,103,0,6.358114052326005e-05,0
4,104,0,5.5787208184770516e-05,0
4,105,0,9.141036045148155e-05,0
4,106,0,7.152110203389671e-05,0
5,1,0,6.53000736718974e-05,0
5,2,0,3.3857040197767815e-05,0
5,3,0,5.526655015487725e-05,0
5,4,0,4.7662001975568464e-05,0
5,5,0,3.914416427706306e-05,0
5,6,0,3.6144735616614706e-05,0
5,7,0,4.6912689833213976e-05,0
5,8,0,3.34702131859329e-05,0
5,9,0,3.777088268527211e-05,0
5,10,0,3.4715733614494885e-05,0
5,11,0,4.111497184913319e-05,0
5,12,0,3.977121850082326e-05,0
5,13,0,3.866302019777842e-05,0
5,14,0,3.8739121921933944e-05,0
5,15,0,3.581377703309395e-05,0
5,16,0,3.8739121921933944e-05,0
5,17,0,4.1561400376466875e-05,0
5,18,0,3.74812495776586e-05,0
5,19,0,3.74812495776586e-05,0
5,20,0,3.3666239410177236e-05,0
5,21,0,3.6424532891620854e-05,0
5,22,0,3.731490428275349e-05,0
5,23,0,3.141007392714617e-05,0
5,24,0,3.2547609670222807e-05,0
5,25,0,3.1422273616035806e-05,0
5,26,0,2.9330696369349776e-05,0
5,27,0,3.0047669262302003e-05,0
5,28,0,3.1417238863107036e-05,0
5,29,0,3.701072784715129e-05,0
5,30,0,3.1417238863107036e-05,0
5,31,0,3.0047669262302003e-05,0
5,32,0,3.25411564590521e-05,0
5,33,0,3.770500686837202e-05,0
5,34,0,3.111704070906513e-05,0
5,35,0,3.111704070906513e-05,0
5,36,0,3.40441869229859e-05,0
5,37,0,3.440747788172747e-05,0
5,38,0,3.83667760447744e-05,0
5,39,0,3.48763745060138e-05,0
5,40,0,3.942478589526562e-05,0
5,41,0,3.1526935234452994e-05,0
5,42,0,5.005939813549737e-05,0
5,43,0,3.1526935234452994e-05,0
5,44,0,4.094576888236182e-05,0
5,45,0,5.6324013894331715e-05,0
5,46,0,3.9266110800161546e-05,0
5,47,0,3.521121207827904e-05,0
5,48,0,3.608269384626709e-05,0
5,49,0,3.782130776301244e-05,0
5,50,0,3.943662531396501e-05,0
5,51,0,3.346801395612544e-05,0
5,52,0,3.624532604782545e-05,0
5,53,0,3.31986381220602e-05,0
5,54,0,3.3832720299472836e-05,0
5,55,0,4.3591675490031304e-05,0
5,56,0,3.625343081035043e-05,0
5,57,0,3.4185443954447015e-05,0
5,58,0,3.302543459916177e-05,0
5,59,0,7.415591540411291e-05,0
5,60,0,3.956359286706319e-05,0
5,61,0,3.0047669262302003e-05,0
5,62,0,3.1206013060778396e-05,0
5,63,0,4.033960431779798e-05,0
5,64,0,2.901451905440003e-05,0
5,65,0,2.9330696369349776e-05,0
5,66,0,3.102909405710851e-05,0
5,67,0,2.8944409521362384e-05,0
5,68,0,2.9631611302480157e-05,0
5,69,0,3.134634626275282e-05,0
5,70,0,4.082957253531816e-05,0
5,71,0,4.1135093224223376e-05,0
5,72,0,4.624113404667643e-05,0
5,73,0,4.299358299369923e-05,0
5,74,0,4.156985548643996e-05,0
5,75,0,3.469670447065481e-05,0
5,76,0,3.726257103133169e-05,0
5,77,0,4.8733791065964954e-05,0
5,78,0,4.788295100958211e-05,0
5,79,0,4.691127844620378e-05,0
5,80,0,4.015784635308006e-05,0
5,81,0,5.378289670616217e-05,0
5,82,0,4.418091158030241e-05,0
5,83,0,5.000789535114111e-05,0
5,84,0,4.161872383075557e-05,0
5,85,0,3.5006739982850775e-05,0
5,86,0,4.930737568985738e-05,0
5,87,0,0.00011675390679113194,0
5,88,0,7.202171774726326e-05,0
5,89,0,5.357376269970782e-05,0
5,90,0,5.73980022265688e-05,0
5,91,0,7.501281986392433e-05,0
5,92,0,6.34618105981276e-05,0
5,93,0,0.00011893804159453025,0
5,94,0,0.00013097867461934296,0
5,95,0,0.00011151486709290586,0
5,96,0,0.00015707663011887152,0
5,97,0,9.940006386686383e-05,0
5,98,0,0.00016243909109356312,0
6,1,0,4.5141689141977005e-05,0
6,2,0,8.952607908404171e-05,0
6,3,0,4.625729476912167e-05,0
6,4,0,3.9370700984353684e-05,0
6,5,0,3.137035933643506e-05,0
6,6,0,3.1040558054704316e-05,0
6,7,0,3.414359678701909e-05,0
6,8,0,3.239832838330092e-05,0
6,9,0,3.0861742231952246e-05,0
6,10,0,3.481426374526685e-05,0
6,11,0,3.097410057923341e-05,0
6,12,0,3.906320777105438e-05,0
6,13,0,3.684394878750592e-05,0
6,14,0,3.8337395090112863e-05,0
6,15,0,3.8394429936845686e-05,0
6,16,0,3.5245795648727986e-05,0
6,17,0,2.981685479429138e-05,0
6,18,0,3.12273825566836e-05,0
6,19,0,2.9523690249498077e-05,0
6,20,0,3.3031470895255795e-05,0
6,21,0,2.981685479429138e-05,0
6,22,0,3.6220859137066985e-05,0
6,23,0,4.0385663877125054e-05,0
6,24,0,3.29439682628336e-05,0
6,25,0,4.4041495445951566e-05,0
6,26,0,3.2297592255944346e-05,0
6,27,0,3.2297592255944346e-05,0
6,28,0,3.276176991586256e-05,0
6,29,0,3.177098714045071e-05,0
6,30,0,3.516997729337258e-05,0
6,31,0,3.1352562539481205e-05,0
6,32,0,3.264895080248047e-05,0
6,33,0,3.577842325103941e-05,0
6,34,0,3.487283065122186e-05,0
6,35,0,3.960820942568429e-05,0
6,36,0,4.101580787466236e-05,0
6,37,0,3.472691891810542e-05,0
6,38,0,3.511486663157965e-05,0
6,39,0,3.300692405827641e-05,0
6,40,0,3.3208235511047185e-05,0
6,41,0,3.5248545558401086e-05,0
6,42,0,3.185580057531174e-05,0
6,43,0,3.154779552760582e-05,0
6,44,0,3.554792631266278e-05,0
6,45,0,3.627321119737427e-05,0
6,46,0,3.04135849826172e-05,0
6,47,0,3.0085734759918507e-05,0
6,48,0,3.104610023269171e-05,0
6,49,0,3.104610023269171e-05,0
6,50,0,3.0047669262302003e-05,0
6,51,0,4.1061789256701185e-05,0
6,52,0,3.1429299936999865e-05,0
6,53,0,3.133300908010567e-05,0
6,54,0,3.393315578488253e-05,0
6,55,0,2.968788116742997e-05,0
6,56,0,3.155188373777071e-05,0
6,57,0,3.215788847592916e-05,0
6,58,0,3.455830416541861e-05,0
6,59,0,3.1764687905256564e-05,0
6,60,0,3.0047669262302003e-05,0
6,61,0,3.32622979526467e-05,0
6,62,0,3.749584485582631e-05,0
6,63,0,3.166972943613998e-05,0
6,64,0,3.3922661648796995e-05,0
6,65,0,4.8929241665130444e-05,0
6,66,0,4.861561480427649e-05,0
6,67,0,5.348842189609842e-05,0
6,68,0,3.611475881587261e-05,0
6,69,0,4.118085495694781e-05,0
6,70,0,4.271593615384899e-05,0
6,71,0,3.8265589478812395e-05,0
6,72,0,4.339769384054495e-05,0
6,73,0,9.785506899643322e-05,0
6,74,0,0.00013536027538769166,0
6,75,0,6.248500858036917e-05,0
6,76,0,0.00011220630455241756,0
6,77,0,0.00010927953538229738,0
6,78,0,6.748547166542978e-05,0
6,79,0,4.153117969144796e-05,0
6,80,0,6.072327204599519e-05,0
6,81,0,3.6302081149744136e-05,0
6,82,0,3.146074101675572e-05,0
6,83,0,3.317814016283386e-05,0
6,84,0,3.614692633832462e-05,0
6,85,0,3.568821532426591e-05,0
6,86,0,3.4778756600614244e-05,0
6,87,0,3.6363960822242566e-05,0
6,88,0,3.73837498928377e-05,0
6,89,0,3.592798926151682e-05,0
6,90,0,3.4934819537625874e-05,0
6,91,0,3.193611695685181e-05,0
6,92,0,3.079901961553453e-05,0
6,93,0,3.4478368295483504e-05,0
6,94,0,3.90737363333154e-05,0
6,95,0,3.815250061901176e-05,0
6,96,0,5.163357763835315e-05,0
6,97,0,4.716227003824381e-05,0
6,98,0,3.039339545922015e-05,0
6,99,0,3.7688547058744464e-05,0
6,100,0,3.59465987031889e-05,0
6,101,0,3.345902740288005e-05,0
6,102,0,3.95082093451547e-05,0
6,103,0,3.968871565748504e-05,0
6,104,0,3.3832720299472836e-05,0
6,105,0,3.361270352431203e-05,0
7,1,0,3.4254985058719165e-05,0
7,2,0,3.702695320174739e-05,0
7,3,0,3.2112618388747754e-05,0
7,4,0,3.4028259059358235e-05,0
7,5,0,3.611138885231726e-05,0
7,6,0,3.503684098381155e-05,0
7,7,0,3.987178524705345e-05,0
7,8,0,3.111271218452312e-05,0
7,9,0,3.6085316779019775e-05,0
7,10,0,3.0807616443930635e-05,0
7,11,0,3.402766157918276e-05,0
7,12,0,4.0330751193084504e-05,0
7,13,0,3.446557456158663e-05,0
7,14,0,3.0828769847662144e-05,0
7,15,0,3.0828769847662144e-05,0
7,16,0,3.3048183765182615e-05,0
7,17,0,3.1319395147543344e-05,0
7,18,0,3.133975817122068e-05,0
7,19,0,3.120419738940609e-05,0
7,20,0,3.15459599708011e-05,0
7,21,0,3.389427717151012e-05,0
7,22,0,3.3447889729386785e-05,0
7,23,0,3.668311078373078e-05,0
7,24,0,3.3064025407963914e-05,0
7,25,0,6.030290101841975e-05,0
7,26,0,3.5072657738056225e-05,0
7,27,0,4.017958668228069e-05,0
7,28,0,3.579901109808095e-05,0
7,29,0,3.741292999489969e-05,0
7,30,0,3.496684851152143e-05,0
7,31,0,3.496684851152143e-05,0
7,32,0,3.5853693526811924e-05,0
7,33,0,3.28520798439208e-05,0
7,34,0,4.217585680094644e-05,0
7,35,0,3.28520798439208e-05,0
7,36,0,3.173592020959574e-05,0
7,37,0,3.231643422282483e-05,0
7,38,0,3.164585386790467e-05,0
7,39,0,3.164585386790467e-05,0
7,40,0,3.231643422282483e-05,0
7,41,0,3.2954118626110654e-05,0
7,42,0,3.5688787112565834e-05,0
7,43,0,3.0812658242720634e-05,0
7,44,0,2.9487297462489398e-05,0
7,45,0,3.0056037971707713e-05,0
7,46,0,3.0047669262302003e-05,0
7,47,0,3.133300908010567e-05,0
7,48,0,2.9523690249498077e-05,0
7,49,0,2.9459830369720856e-05,0
7,50,0,2.910538924697355e-05,0
7,51,0,3.144842644296055e-05,0
7,52,0,3.25411564590521e-05,0
7,53,0,3.22911886140995e-05,0
7,54,0,3.0047669262302003e-05,0
7,55,0,3.0422055601729812e-05,0
7,56,0,3.0121110435032418e-05,0
7,57,0,2.910538924697355e-05,0
7,58,0,3.22911886140995e-05,0
7,59,0,2.942416540211247e-05,0
7,60,0,2.942416540211247e-05,0
7,61,0,3.1326684350565086e-05,0
7,62,0,2.981685479429138e-05,0
7,63,0,3.209892584524056e-05,0
7,64,0,3.109232144026674e-05,0
7,65,0,4.170821706276427e-05,0
7,66,0,3.610392383824037e-05,0
7,67,0,3.8060936691257996e-05,0
7,68,0,2.9330696369349776e-05,0
7,69,0,3.0056037971707713e-05,0
7,70,0,2.981685479429138e-05,0
7,71,0,3.5776515872373727e-05,0
7,72,0,2.910538924697355e-05,0
7,73,0,2.910538924697355e-05,0
7,74,0,2.9459830369720856e-05,0
7,75,0,2.910538924697355e-05,0
7,76,0,2.910538924697355e-05,0
7,77,0,3.0056037971707713e-05,0
7,78,0,2.981685479429138e-05,0
7,79,0,3.197369676319155e-05,0
7,80,0,2.981685479429138e-05,0
7,81,0,3.205769228715131e-05,0
7,82,0,2.981685479429138e-05,0
7,83,0,2.9459830369720856e-05,0
7,84,0,3.144842644296055e-05,0
7,85,0,3.0179959777688874e-05,0
7,86,0,3.1187872652392335e-05,0
7,87,0,3.6392359036639815e-05,0
7,88,0,3.541108216982201e-05,0
7,89,0,3.324723527226693e-05,0
7,90,0,3.085068671996384e-05,0
7,91,0,3.2954118626110654e-05,0
7,92,0,2.9330696369349776e-05,0
7,93,0,3.0047669262302003e-05,0
7,94,0,3.350189914029333e-05,0
7,95,0,3.0047669262302003e-05,0
7,96,0,3.0848213307771606e-05,0
7,97,0,3.226665284475453e-05,0
7,98,0,3.314077246899526e-05,0
7,99,0,3.186401525953782e-05,0
7,100,0,3.4837215171516535e-05,0
7,101,0,3.969048777289473e-05,0
7,102,0,3.920787669607352e-05,0
7,103,0,5.869747638131436e-05,0
7,104,0,3.144842644296055e-05,0
7,105,0,3.3680271520882136e-05,0
7,106,0,3.33762429558129e-05,0
7,107,0,3.116642070379165e-05,0
7,108,0,3.726980025724209e-05,0
7,109,0,3.063722211578011e-05,0
7,110,0,4.4908408422909483e-05,0
7,111,0,3.7977693698446375e-05,0
7,112,0,3.6817454991848224e-05,0
7,113,0,5.0412693668398734e-05,0
7,114,0,4.267153296820251e-05,0
7,115,0,3.95753020307612e-05,0
7,116,0,3.8998074547247466e-05,0
7,117,0,3.9951351791495624e-05,0
7,118,0,3.446557456158663e-05,0
7,119,0,4.5650063953106264e-05,0
7,120,0,3.392314181919348e-05,0
7,121,0,3.133975817122068e-05,0
7,122,0,3.1853154583928985e-05,0
7,123,0,3.4100951478823636e-05,0
7,124,0,4.662010798727681e-05,0
7,125,0,3.2820170499477114e-05,0
7,126,0,3.904851000260792e-05,0
7,127,0,3.3671173120165376e-05,0
7,128,0,3.155155236515078e-05,0
7,129,0,3.0208098268203988e-05,0
7,130,0,3.932913397300697e-05,0
7,131,0,3.129156129498593e-05,0
7,132,0,3.81436332919389e-05,0
7,133,0,3.254498733251485e-05,0
7,134,0,3.133091683025031e-05,0
7,135,0,3.377597572431366e-05,0
7,136,0,3.230585268274966e-05,0
7,137,0,4.357336862952522e-05,0
7,138,0,3.0182043854946682e-05,0
7,139,0,3.3165514187720124e-05,0
7,140,0,3.209892584524056e-05,0
7,141,0,3.4060284366138576e-05,0
7,142,0,3.039902432982099e-05,0
7,143,0,3.1044005779459976e-05,0
7,144,0,3.916925864008548e-05,0
7,145,0,4.3760322685968015e-05,0
7,146,0,3.177098714045071e-05,0
7,147,0,4.1203656506341964e-05,0
7,148,0,4.133524470081932e-05,0
7,149,0,3.2547609670222807e-05,0
7,150,0,3.279967815503243e-05,0
7,151,0,3.1352562539481205e-05,0
7,152,0,3.322226362301962e-05,0
7,153,0,3.177098714045071e-05,0
7,154,0,4.8960909043431735e-05,0
7,155,0,3.5612256986655227e-05,0
7,156,0,4.36810206285133e-05,0
7,157,0,3.4770220949383526e-05,0
7,158,0,6.658643662282622e-05,0
7,159,0,4.556125746575084e-05,0
7,160,0,7.941525845396053e-05,0
8,1,0,0.00012356748333194529,0
8,2,0,0.00012475351934804476,0
8,3,0,2.9330696369349776e-05,0
8,4,0,3.2112589036912786e-05,0
8,5,0,2.8944409521362384e-05,0
8,6,0,3.206013499419822e-05,0
8,7,0,3.0047669262302003e-05,0
8,8,0,3.110496352451805e-05,0
8,9,0,3.182254846884254e-05,0
8,10,0,3.18611204187831e-05,0
8,11,0,2.9651940122769117e-05,0
8,12,0,3.686874114887984e-05,0
8,13,0,3.263994613001356e-05,0
8,14,0,3.863371010059879e-05,0
8,15,0,3.3500094041911405e-05,0
8,16,0,3.147778947765216e-05,0
8,17,0,3.4875682128239975e-05,0
8,18,0,3.2848671167944174e-05,0
8,19,0,2.9330696369349776e-05,0
8,20,0,3.1764687905256564e-05,0
8,21,0,3.209892584524056e-05,0
8,22,0,3.855813179732394e-05,0
8,23,0,3.59924882892647e-05,0
8,24,0,3.503768179391987e-05,0
8,25,0,3.7421991254908335e-05,0
8,26,0,3.0047669262302003e-05,0
8,27,0,3.403743699569968e-05,0
8,28,0,3.1812040399884535e-05,0
8,29,0,2.9330696369349776e-05,0
8,30,0,3.10165624986767e-05,0
8,31,0,3.079869614960172e-05,0
8,32,0,3.0047669262302003e-05,0
8,33,0,3.137270284260763e-05,0
8,34,0,3.0047669262302003e-05,0
8,35,0,2.9330696369349776e-05,0
8,36,0,3.139427687574466e-05,0
8,37,0,2.9330696369349776e-05,0
8,38,0,3.567131167313801e-05,0
8,39,0,3.4184034536272974e-05,0
8,40,0,3.244667856070029e-05,0
8,41,0,3.44486544995393e-05,0
8,42,0,3.44486544995393e-05,0
8,43,0,3.082461083702164e-05,0
8,44,0,3.564042043538872e-05,0
8,45,0,3.38280856250065e-05,0
8,46,0,3.245942913883845e-05,0
8,47,0,3.082461083702164e-05,0
8,48,0,3.123598972746401e-05,0
8,49,0,3.0401879070530398e-05,0
8,50,0,6.0242468137165294e-05,0
8,51,0,3.628133541786943e-05,0
8,52,0,3.6194487647448124e-05,0
8,53,0,3.4331818798743976e-05,0
8,54,0,3.6906960125824625e-05,0
8,55,0,3.350126418673865e-05,0
8,56,0,3.6009962652281985e-05,0
8,57,0,3.482374365760286e-05,0
8,58,0,3.341561209116964e-05,0
8,59,0,3.3130218649605294e-05,0
8,60,0,4.112703959111518e-05,0
8,61,0,3.6141860231529156e-05,0
8,62,0,3.455828848845338e-05,0
8,63,0,3.052720805274661e-05,0
8,64,0,3.6502870559938465e-05,0
8,65,0,3.5550192334743154e-05,0
8,66,0,3.506373287691936e-05,0
8,67,0,3.767822390259957e-05,0
8,68,0,3.4116287319133705e-05,0
8,69,0,3.5766020967104805e-05,0
8,70,0,4.315380911466412e-05,0
8,71,0,4.0139826321145335e-05,0
8,72,0,3.754662212522169e-05,0
8,73,0,3.782079061861043e-05,0
8,74,0,3.647867829845272e-05,0
8,75,0,3.7633924762392046e-05,0
8,76,0,4.002959763338653e-05,0
8,77,0,3.5478669710142995e-05,0
8,78,0,3.78867799225008e-05,0
8,79,0,3.5983409046644413e-05,0
8,80,0,3.264535029732137e-05,0
8,81,0,3.5862504985933166e-05,0
8,82,0,3.6018292620800115e-05,0
8,83,0,3.966157245921065e-05,0
8,84,0,5.405129469471098e-05,0
8,85,0,3.6059642060034915e-05,0
8,86,0,4.049336138782173e-05,0
8,87,0,4.455127944529809e-05,0
8,88,0,4.0005945325844765e-05,0
8,89,0,4.056204963007575e-05,0
8,90,0,7.011169304938361e-05,0
8,91,0,4.136529542955612e-05,0
8,92,0,4.402506668742076e-05,0
8,93,0,4.617878687616655e-05,0
8,94,0,4.179957459356615e-05,0
8,95,0,5.7057842527123907e-05,0
8,96,0,4.3557953541771594e-05,0
8,97,0,3.7048519123424947e-05,0
8,98,0,3.078447173699325e-05,0
8,99,0,3.414172914637302e-05,0
8,100,0,3.0203162567167273e-05,0
8,101,0,3.5757030622071675e-05,0
8,102,0,4.4970429744094915e-05,0
8,103,0,3.918133710355663e-05,0
8,104,0,3.424551251226828e-05,0
8,105,0,3.6862077068169704e-05,0
8,106,0,3.1620894132848516e-05,0
8,107,0,4.494720676558537e-05,0
8,108,0,3.3217825000042596e-05,0
8,109,0,3.798048261776459e-05,0
8,110,0,3.4844123696420484e-05,0
8,111,0,4.596937101047506e-05,0
8,112,0,3.682474404042569e-05,0
8,113,0,3.8842831920675806e-05,0
8,114,0,4.077527391769521e-05,0
8,115,0,5.0644277392257796e-05,0
8,116,0,7.118663266956248e-05,0
8,117,0,5.8602558573480274e-05,0
8,118,0,4.519561407104267e-05,0
8,119,0,4.0916679854696234e-05,0
8,120,0,4.127263627658813e-05,0
8,121,0,4.1162758206611465e-05,0
8,122,0,3.8860764720718204e-05,0
8,123,0,3.949769076129732e-05,0
8,124,0,3.387362518816081e-05,0
8,125,0,3.534671465952667e-05,0
8,126,0,5.381774428954565e-05,0
8,127,0,3.8188961647278444e-05,0
8,128,0,4.312992617210308e-05,0
8,129,0,5.649899655360739e-05,0
8,130,0,3.928670515241834e-05,0
8,131,0,4.929460450201931e-05,0
8,132,0,4.245044833342964e-05,0
8,133,0,3.69095126745962e-05,0
8,134,0,3.5046780935469404e-05,0
8,135,0,5.076766018720639e-05,0
8,136,0,4.279241867437855e-05,0
8,137,0,3.609802879079657e-05,0
8,138,0,4.3257708432384197e-05,0
8,139,0,3.367905024255099e-05,0
8,140,0,3.610069873384123e-05,0
8,141,0,5.0509026996489056e-05,0
8,142,0,3.995809615067618e-05,0
8,143,0,4.733696203781289e-05,0
8,144,0,3.592909195279741e-05,0
8,145,0,5.611795894924081e-05,0
8,146,0,5.0158899451655995e-05,0
8,147,0,4.5026424513564044e-05,0
8,148,0,4.184045120277939e-05,0
8,149,0,3.8232747345962685e-05,0
8,150,0,3.194272175939996e-05,0
8,151,0,3.364785609551364e-05,0
8,152,0,3.179830777692403e-05,0
8,153,0,3.5485256286152826e-05,0
8,154,0,3.955307587945768e-05,0
8,155,0,5.575097792727584e-05,0
8,156,0,7.061313509921318e-05,0
8,157,0,0.00010810552122799454,0
8,158,0,0.0001361708790234181,0
8,159,0,4.767990227629123e-05,0
8,160,0,6.226166096899199e-05,0
8,161,0,6.282885464433252e-05,0
8,162,0,7.644369127202644e-05,0
8,163,0,5.672481424542749e-05,0
8,164,0,5.419086539712471e-05,0
8,165,0,4.535295767797539e-05,0
8,166,0,7.009511371257615e-05,0
9,1,0,5.8458951514181576e-05,0
9,2,0,0.0001298287729816783,0
9,3,0,4.592379858689391e-05,0
9,4,0,4.7660425598355895e-05,0
9,5,0,4.524118876913131e-05,0
9,6,0,4.885063092095207e-05,0
9,7,0,3.466186332761336e-05,0
9,8,0,4.222792592191886e-05,0
9,9,0,4.623128358367139e-05,0
9,10,0,3.4034356335384004e-05,0
9,11,0,3.4866303624592944e-05,0
9,12,0,2.910538924697355e-05,0
9,13,0,3.823921935133131e-05,0
9,14,0,4.039554596851477e-05,0
9,15,0,4.2261322998633754e-05,0
9,16,0,3.600316351621263e-05,0
9,17,0,2.9761452696395864e-05,0
9,18,0,3.0821198928889036e-05,0
9,19,0,2.8791640614555058e-05,0
9,20,0,3.410871205725368e-05,0
9,21,0,3.0452148941277652e-05,0
9,22,0,3.3450304268025116e-05,0
9,23,0,3.617554816059309e-05,0
9,24,0,3.1721408244889435e-05,0
9,25,0,3.262496044207019e-05,0
9,26,0,4.1944321127878856e-05,0
9,27,0,4.3589245718228966e-05,0
9,28,0,5.776577992386022e-05,0
9,29,0,4.998603086578544e-05,0
9,30,0,6.276513585891055e-05,0
9,31,0,5.1797760144251376e-05,0
9,32,0,4.314570447424634e-05,0
9,33,0,5.36246483598125e-05,0
9,34,0,4.455324378117216e-05,0
9,35,0,5.660251819308373e-05,0
9,36,0,5.9632616601535104e-05,0
9,37,0,4.535184143261937e-05,0
9,38,0,5.197483759933474e-05,0
9,39,0,4.769213644440709e-05,0
9,40,0,4.452193109842434e-05,0
9,41,0,5.910398352677519e-05,0
9,42,0,6.688611660193709e-05,0
9,43,0,4.963541076592399e-05,0
9,44,0,4.860126735877713e-05,0
9,45,0,5.251414032876798e-05,0
9,46,0,3.803770915166518e-05,0
9,47,0,4.376558094084186e-05,0
9,48,0,3.836416771580771e-05,0
9,49,0,3.754373231916476e-05,0
9,50,0,4.632927560272494e-05,0
9,51,0,3.769216520869116e-05,0
9,52,0,3.8817465417109404e-05,0
9,53,0,6.56391596358401e-05,0
9,54,0,4.936711086377513e-05,0
9,55,0,4.2587046778513664e-05,0
10,1,0,5.376593918328973e-05,0
10,2,0,3.7421991254908335e-05,0
10,3,0,3.104610023269171e-05,0
10,4,0,3.041568519237387e-05,0
10,5,0,3.0305304319046496e-05,0
10,6,0,2.99061822158434e-05,0
10,7,0,3.0305304319046496e-05,0
10,8,0,3.142417430391337e-05,0
10,9,0,3.149229214496558e-05,0
10,10,0,3.104610023269171e-05,0
10,11,0,3.142417430391337e-05,0
10,12,0,3.301188976371568e-05,0
10,13,0,3.0807616443930635e-05,0
10,14,0,3.0305304319046496e-05,0
10,15,0,3.0072510858598834e-05,0
10,16,0,3.0072510858598834e-05,0
10,17,0,3.506069008196063e-05,0
10,18,0,3.237414823936113e-05,0
10,19,0,3.2910750440090117e-05,0
10,20,0,3.0072510858598834e-05,0
10,21,0,3.5751352165701335e-05,0
10,22,0,3.362243881840247e-05,0
10,23,0,3.0674357381719336e-05,0
10,24,0,3.1764687905256564e-05,0
10,25,0,3.209892584524056e-05,0
10,26,0,2.922063944195483e-05,0
10,27,0,2.9523690249498077e-05,0
10,28,0,2.886907602258728e-05,0
10,29,0,3.0479512246954768e-05,0
10,30,0,3.011455345866628e-05,0
10,31,0,2.8722069620670554e-05,0
10,32,0,2.981685479429138e-05,0
10,33,0,3.0288703918220634e-05,0
10,34,0,2.981685479429138e-05,0
10,35,0,2.9782488418079974e-05,0
10,36,0,3.080873882867647e-05,0
10,37,0,3.385942678714354e-05,0
10,38,0,3.764019754458573e-05,0
10,39,0,3.633923988458985e-05,0
10,40,0,3.133975817122068e-05,0
10,41,0,4.336180522529239e-05,0
10,42,0,4.349614960194099e-05,0
10,43,0,3.199953498813786e-05,0
10,44,0,2.942416540211247e-05,0
10,45,0,3.0927012689632335e-05,0
10,46,0,3.826408128539744e-05,0
10,47,0,3.5532754005086156e-05,0
10,48,0,3.308552270552178e-05,0
10,49,0,3.3452054411647786e-05,0
10,50,0,3.015613828083536e-05,0
10,51,0,3.566629277408571e-05,0
10,52,0,4.0481829635242356e-05,0
10,53,0,3.293334786911338e-05,0
10,54,0,2.9330696369349776e-05,0
10,55,0,3.25411564590521e-05,0
10,56,0,3.1494675341022085e-05,0
10,57,0,3.265380986638357e-05,0
10,58,0,3.1319395147543344e-05,0
10,59,0,3.1319395147543344e-05,0
10,60,0,3.4697974694900674e-05,0
10,61,0,3.160847152073006e-05,0
10,62,0,4.278849546935075e-05,0
10,63,0,3.1853154583928985e-05,0
10,64,0,3.4467999290431714e-05,0
10,65,0,3.546929635698661e-05,0
10,66,0,4.715340117943649e-05,0
10,67,0,3.5331937920908946e-05,0
10,68,0,3.407912798792171e-05,0
10,69,0,3.173847752916639e-05,0
10,70,0,2.9330696369349776e-05,0
10,71,0,3.1429299936999865e-05,0
10,72,0,3.209892584524056e-05,0
10,73,0,3.209892584524056e-05,0
10,74,0,3.133300908010567e-05,0
10,75,0,3.4089950267608686e-05,0
10,76,0,3.7425448007024614e-05,0
10,77,0,3.373001180743444e-05,0
10,78,0,3.224724519933794e-05,0
10,79,0,3.428175199510685e-05,0
10,80,0,3.647828801648843e-05,0
10,81,0,3.688840810966719e-05,0
10,82,0,4.1475218157120656e-05,0
10,83,0,3.475855355145674e-05,0
10,84,0,3.997507869089352e-05,0
10,85,0,3.3502840976612e-05,0
10,86,0,3.0047669262302003e-05,0
10,87,0,3.0193665124436255e-05,0
10,88,0,3.190040036885299e-05,0
10,89,0,2.910538924697355e-05,0
10,90,0,3.1494675341022085e-05,0
10,91,0,3.1494675341022085e-05,0
10,92,0,3.410823734391058e-05,0
10,93,0,2.9330696369349776e-05,0
10,94,0,3.222120696567507e-05,0
10,95,0,3.0047669262302003e-05,0
10,96,0,3.6519063624585717e-05,0
10,97,0,3.364471099570935e-05,0
10,98,0,3.5246226384683536e-05,0
10,99,0,3.085068671996384e-05,0
10,100,0,3.04135849826172e-05,0
10,101,0,2.9330696369349776e-05,0
10,102,0,2.968788116742997e-05,0
10,103,0,3.3993959243556546e-05,0
10,104,0,3.430943421735233e-05,0
10,105,0,3.6086037354692507e-05,0
10,106,0,2.9752235376707344e-05,0
10,107,0,4.359426396593565e-05,0
10,108,0,3.124001170383152e-05,0
10,109,0,2.983039525244099e-05,0
10,110,0,3.553537293179721e-05,0
10,111,0,3.1044005779459976e-05,0
10,112,0,3.2147343198026024e-05,0
10,113,0,2.981685479429138e-05,0
10,114,0,3.491890112363124e-05,0
10,115,0,2.981685479429138e-05,0
10,116,0,2.981685479429138e-05,0
10,117,0,2.981685479429138e-05,0
10,118,0,4.808788786868292e-05,0
10,119,0,4.837304635128786e-05,0
10,120,0,4.399030590680378e-05,0
10,121,0,4.702866500100551e-05,0
10,122,0,4.6627859813200475e-05,0
10,123,0,4.510170750060367e-05,0
10,124,0,4.1773782253374714e-05,0
10,125,0,3.350356459192741e-05,0
10,126,0,3.375802506575353e-05,0
10,127,0,3.400695887748293e-05,0
10,128,0,3.0047669262302003e-05,0
10,129,0,3.403743699569968e-05,0
10,130,0,3.1429299936999865e-05,0
10,131,0,3.344828252805035e-05,0
10,132,0,3.2704132649842185e-05,0
10,133,0,3.1441508797875196e-05,0
10,134,0,2.9651940122769117e-05,0
10,135,0,3.528361152374176e-05,0
10,136,0,3.5581209003099296e-05,0
10,137,0,3.3671173120165376e-05,0
10,138,0,2.9092553878806208e-05,0
10,139,0,3.506940030393548e-05,0
10,140,0,2.9330696369349776e-05,0
10,141,0,3.808419893560133e-05,0
10,142,0,3.220997864326953e-05,0
10,143,0,3.1889713708916944e-05,0
10,144,0,3.25411564590521e-05,0
10,145,0,3.252424767872072e-05,0
10,146,0,2.9752235376707344e-05,0
10,147,0,3.0047669262302003e-05,0
10,148,0,2.9330696369349776e-05,0
10,149,0,5.282182098091369e-05,0
10,150,0,5.821695255441039e-05,0
10,151,0,3.229057337442509e-05,0
10,152,0,3.71263379735888e-05,0
10,153,0,2.9092553878806208e-05,0
10,154,0,3.405080076482975e-05,0
10,155,0,3.3345912078990005e-05,0
10,156,0,3.9272378207183365e-05,0
10,157,0,3.222418934635312e-05,0
10,158,0,4.078030380970507e-05,0
10,159,0,3.382945594699868e-05,0
10,160,0,4.6368881725490466e-05,0
10,161,0,3.6527948799502985e-05,0
10,162,0,3.995125598268558e-05,0
10,163,0,3.4504230609534066e-05,0
10,164,0,3.3657646153689046e-05,0
10,165,0,4.34077303641329e-05,0
10,166,0,3.133300908010567e-05,0
10,167,0,3.4266022389052696e-05,0
10,168,0,4.1676591914354586e-05,0
10,169,0,4.515992428887791e-05,0
10,170,0,3.765017540028923e-05,0
10,171,0,3.9769086217971745e-05,0
10,172,0,3.593480531278573e-05,0
10,173,0,3.395235233468538e-05,0
10,174,0,4.487783948747682e-05,0
10,175,0,3.667154285226041e-05,0
10,176,0,2.873608435534321e-05,0
10,177,0,4.12164327510908e-05,0
10,178,0,3.879997582760592e-05,0
10,179,0,3.6135990391070857e-05,0
10,180,0,4.458502371706997e-05,0
10,181,0,3.372760572598594e-05,0
10,182,0,3.8255122956160646e-05,0
10,183,0,0.00011708933430510399,0
10,184,0,5.3518179715203505e-05,0
10,185,0,4.491846486851029e-05,0
10,186,0,3.9525377627946496e-05,0
10,187,0,7.991954964311339e-05,0
10,188,0,5.106484526552451e-05,0
10,189,0,7.490603356878658e-05,0
10,190,0,9.264896328068148e-05,0
10,191,0,6.623189477143435e-05,0
10,192,0,6.745197247891138e-05,0
11,1,0,0.00035786125420138825,0
11,2,0,7.847386036914841e-05,0
11,3,0,4.7517006390644815e-05,0
11,4,0,3.716911586469745e-05,0
11,5,0,4.123304520786467e-05,0
11,6,0,6.080436623405358e-05,0
11,7,0,4.486191966773586e-05,0
11,8,0,5.356602333544217e-05,0
11,9,0,5.148294776284276e-05,0
11,10,0,3.7326182264654014e-05,0
11,11,0,3.718157488243621e-05,0
11,12,0,4.551683860386646e-05,0
11,13,0,3.81982753413979e-05,0
11,14,0,5.101121617104211e-05,0
11,15,0,3.8991837512615445e-05,0
11,16,0,3.795478254773702e-05,0
11,17,0,3.288417026137115e-05,0
11,18,0,3.550753410685783e-05,0
11,19,0,3.582505432560174e-05,0
11,20,0,3.7570663949723035e-05,0
11,21,0,3.880093492010402e-05,0
11,22,0,4.62735073712453e-05,0
11,23,0,8.702744869367676e-05,0
11,24,0,6.125008824208305e-05,0
11,25,0,7.748317700327757e-05,0
11,26,0,4.7887503305171985e-05,0
11,27,0,6.260401099963682e-05,0
11,28,0,4.6856538492958076e-05,0
11,29,0,5.002475443588451e-05,0
11,30,0,5.295124854436504e-05,0
11,31,0,5.6313879363128546e-05,0
11,32,0,0.0001213399086201675,0
11,33,0,7.473311212160374e-05,0
11,34,0,8.527790809991374e-05,0
11,35,0,7.119067805324101e-05,0
11,36,0,6.170450810143054e-05,0
11,37,0,0.00012366127915492116,0
11,38,0,7.715491557757182e-05,0
11,39,0,8.455451442884798e-05,0
11,40,0,7.00897415057183e-05,0
11,41,0,5.696548483362703e-05,0
11,42,0,5.147062957876451e-05,0
11,43,0,4.619270026753296e-05,0
11,44,0,4.475913412178159e-05,0
11,45,0,4.151675016982092e-05,0
11,46,0,5.054257172189429e-05,0
11,47,0,4.502685994970927e-05,0
11,48,0,4.512638353967887e-05,0
11,49,0,3.747303444774729e-05,0
11,50,0,5.1078211533570324e-05,0
11,51,0,5.644103809446991e-05,0
11,52,0,6.498798291229303e-05,0
11,53,0,0.00012997325573135387,0
11,54,0,0.00019671975567840243,0
11,55,0,0.00010145246027160356,0
11,56,0,7.701993274940158e-05,0
11,57,0,0.00014611720625826386,0
11,58,0,9.441861892872801e-05,0
11,59,0,0.00010664729579552612,0
11,60,0,8.330362571459382e-05,0
11,61,0,8.332802443303262e-05,0
11,62,0,6.336202517737956e-05,0
11,63,0,6.404785097639931e-05,0
11,64,0,8.051327463212384e-05,0
11,65,0,8.536456139744075e-05,0
11,66,0,5.7089835949806354e-05,0
11,67,0,4.517303337753628e-05,0
11,68,0,4.7736613441297615e-05,0
11,69,0,5.929902314381938e-05,0
11,70,0,5.632403216587095e-05,0
11,71,0,5.890165509534168e-05,0
11,72,0,4.0631167502089826e-05,0
11,73,0,5.134583099128588e-05,0
11,74,0,5.633462290134323e-05,0
11,75,0,6.0525610150009416e-05,0
11,76,0,6.797232913270008e-05,0
11,77,0,0.00010595189185412641,0
11,78,0,6.834229011889973e-05,0
11,79,0,6.295900689415359e-05,0
11,80,0,0.00014131541237623324,0
11,81,0,0.0002931577573698565,0
11,82,0,0.00021254312780630405,0
11,83,0,0.0001276974556191927,0
12,1,0,4.5141689141977005e-05,0
12,2,0,5.254485672015867e-05,0
12,3,0,3.2516681182945335e-05,0
12,4,0,3.480846961257966e-05,0
12,5,0,3.1714576967134234e-05,0
12,6,0,3.173847752916639e-05,0
12,7,0,3.132048106708375e-05,0
12,8,0,3.52880286069158e-05,0
12,9,0,3.132048106708375e-05,0
12,10,0,3.2124982981196683e-05,0
12,11,0,3.258406741071154e-05,0
12,12,0,3.258406741071154e-05,0
12,13,0,3.52880286069158e-05,0
12,14,0,3.0441941288548044e-05,0
12,15,0,3.1764687905256564e-05,0
12,16,0,3.3322292165234575e-05,0
12,17,0,3.1764687905256564e-05,0
12,18,0,3.393315578488253e-05,0
12,19,0,2.9330696369349776e-05,0
12,20,0,2.968788116742997e-05,0
12,21,0,2.968788116742997e-05,0
12,22,0,3.0047669262302003e-05,0
12,23,0,2.9330696369349776e-05,0
12,24,0,2.8944409521362384e-05,0
12,25,0,3.409393784926199e-05,0
12,26,0,3.912491597409547e-05,0
12,27,0,2.9330696369349776e-05,0
12,28,0,3.0072510858598834e-05,0
12,29,0,3.0807616443930635e-05,0
12,30,0,3.212546324198166e-05,0
12,31,0,3.144125124732488e-05,0
12,32,0,3.224698104887656e-05,0
12,33,0,3.292475918070315e-05,0
12,34,0,3.0434906787149035e-05,0
12,35,0,3.367917308948947e-05,0
12,36,0,3.1526935234452994e-05,0
12,37,0,3.4977781385969384e-05,0
12,38,0,3.1526935234452994e-05,0
12,39,0,3.133975817122068e-05,0
12,40,0,3.339369498664329e-05,0
12,41,0,3.057207830003078e-05,0
12,42,0,3.270076172369811e-05,0
12,43,0,3.507652140089021e-05,0
12,44,0,3.405080076482975e-05,0
12,45,0,3.25411564590521e-05,0
12,46,0,4.490592950173642e-05,0
12,47,0,3.424371068914209e-05,0
12,48,0,4.1892457960901824e-05,0
12,49,0,3.201659057328324e-05,0
12,50,0,3.2704132649842185e-05,0
12,51,0,3.10649858783228e-05,0
12,52,0,3.350356459192741e-05,0
12,53,0,3.591485292512419e-05,0
12,54,0,2.99061822158434e-05,0
12,55,0,3.166972943613998e-05,0
12,56,0,3.1426455326531945e-05,0
12,57,0,3.400627322437912e-05,0
12,58,0,3.632776099800362e-05,0
12,59,0,4.432973530424471e-05,0
12,60,0,4.43663433737691e-05,0
12,61,0,4.1092676300147414e-05,0
12,62,0,3.4495007023567045e-05,0
12,63,0,3.400627322437912e-05,0
12,64,0,3.7357539998415254e-05,0
12,65,0,3.340268658547436e-05,0
12,66,0,3.4009351342805e-05,0
12,67,0,3.1764687905256564e-05,0
12,68,0,3.2678938691052874e-05,0
12,69,0,3.360405215983909e-05,0
12,70,0,3.0072510858598834e-05,0
12,71,0,3.6611308773831786e-05,0
12,72,0,2.910538924697355e-05,0
12,73,0,3.489981662750991e-05,0
12,74,0,3.4115001311058204e-05,0
12,75,0,3.660046108168456e-05,0
12,76,0,3.323151647337341e-05,0
12,77,0,3.7480417248669345e-05,0
12,78,0,3.472485908595485e-05,0
12,79,0,3.1764687905256564e-05,0
12,80,0,3.2547609670222807e-05,0
12,81,0,3.085068671996384e-05,0
12,82,0,3.393988503297661e-05,0
12,83,0,3.7095400350290425e-05,0
12,84,0,4.144917591638782e-05,0
12,85,0,3.835064550153529e-05,0
12,86,0,3.191086464480076e-05,0
12,87,0,3.783879862391907e-05,0
12,88,0,3.7977693698446375e-05,0
12,89,0,4.5200633959422665e-05,0
12,90,0,3.2547609670222807e-05,0
12,91,0,5.3363235766336085e-05,0
12,92,0,3.293128846132298e-05,0
12,93,0,3.4689624953860315e-05,0
12,94,0,3.9623370968853485e-05,0
12,95,0,5.123059584731506e-05,0
12,96,0,3.362910645061707e-05,0
12,97,0,3.490520804451927e-05,0
12,98,0,3.257451799877822e-05,0
12,99,0,3.781662151437655e-05,0
12,100,0,3.2199843872748583e-05,0
12,101,0,3.318621118951529e-05,0
12,102,0,3.063722211578011e-05,0
12,103,0,3.142417430391337e-05,0
12,104,0,3.179259751738129e-05,0
12,105,0,3.0305304319046496e-05,0
12,106,0,3.2820170499477114e-05,0
12,107,0,3.104610023269171e-05,0
12,108,0,3.0674357381719336e-05,0
12,109,0,3.237414823936113e-05,0
12,110,0,2.99061822158434e-05,0
12,111,0,3.179259751738129e-05,0
12,112,0,3.2363921133429916e-05,0
12,113,0,3.709593863845435e-05,0
12,114,0,3.4843055986491523e-05,0
12,115,0,3.818621896606736e-05,0
12,116,0,3.474682249218488e-05,0
12,117,0,3.5066850018828585e-05,0
12,118,0,3.6155798626282004e-05,0
12,119,0,6.628383664136045e-05,0
12,120,0,4.5840331647584566e-05,0
12,121,0,4.433616463412565e-05,0
12,122,0,4.3752263609104445e-05,0
12,123,0,4.236576490286677e-05,0
12,124,0,4.0948981134975485e-05,0
12,125,0,4.437589970426826e-05,0
12,126,0,4.340135911481885e-05,0
12,127,0,4.7956669239128626e-05,0
12,128,0,4.712052326944346e-05,0
12,129,0,4.379147539690383e-05,0
12,130,0,4.243227115333742e-05,0
12,131,0,3.365184222882074e-05,0
12,132,0,3.8074806313337104e-05,0
12,133,0,3.1764687905256564e-05,0
12,134,0,3.177098714045071e-05,0
12,135,0,3.5694608486126124e-05,0
12,136,0,2.8582554967576355e-05,0
12,137,0,2.981685479429138e-05,0
12,138,0,3.972855325777856e-05,0
12,139,0,3.1526935234452994e-05,0
12,140,0,2.910538924697355e-05,0
12,141,0,3.22911886140995e-05,0
12,142,0,2.981685479429138e-05,0
12,143,0,3.3687029226940696e-05,0
12,144,0,3.4977781385969384e-05,0
12,145,0,3.780523712370659e-05,0
12,146,0,3.2547609670222807e-05,0
12,147,0,2.968788116742997e-05,0
12,148,0,3.171333144675095e-05,0
12,149,0,3.2345245438204214e-05,0
12,150,0,3.185120997806807e-05,0
12,151,0,3.4654896524829754e-05,0
12,152,0,3.159342270021504e-05,0
12,153,0,3.131239562897427e-05,0
12,154,0,3.144842644296055e-05,0
12,155,0,2.8722069620670554e-05,0
12,156,0,2.942416540211247e-05,0
12,157,0,2.8722069620670554e-05,0
12,158,0,3.180231009159459e-05,0
12,159,0,3.434228629390806e-05,0
12,160,0,2.981685479429138e-05,0
12,161,0,3.1313292269503375e-05,0
12,162,0,3.430986002011017e-05,0
12,163,0,3.1105556175199714e-05,0
12,164,0,4.0889891094702144e-05,0
12,165,0,2.910538924697355e-05,0
12,166,0,3.1563676409370005e-05,0
12,167,0,2.907184286945038e-05,0
12,168,0,3.350268834512547e-05,0
12,169,0,2.907184286945038e-05,0
12,170,0,2.968788116742997e-05,0
12,171,0,3.7826692333926076e-05,0
12,172,0,3.765942857344594e-05,0
12,173,0,4.117632890171933e-05,0
12,174,0,3.146325471768447e-05,0
12,175,0,3.177098714045071e-05,0
12,176,0,3.177098714045071e-05,0
12,177,0,3.322226362301962e-05,0
12,178,0,3.2547609670222807e-05,0
12,179,0,3.1098004575354926e-05,0
12,180,0,3.737730265968857e-05,0
12,181,0,3.3954331818600564e-05,0
12,182,0,3.552953360806499e-05,0
12,183,0,3.279967815503243e-05,0
12,184,0,4.372053888270389e-05,0
12,185,0,4.4039670222727573e-05,0
12,186,0,3.906270840067808e-05,0
12,187,0,3.9006015877857445e-05,0
12,188,0,4.169936618264698e-05,0
12,189,0,3.552143811834919e-05,0
12,190,0,3.4797728117364726e-05,0
12,191,0,3.814702620626746e-05,0
12,192,0,3.776703513377708e-05,0
12,193,0,3.7842243087549846e-05,0
12,194,0,3.764846432308004e-05,0
12,195,0,3.589466999888925e-05,0
12,196,0,3.516326414306186e-05,0
12,197,0,4.1443702694510194e-05,0
12,198,0,3.4647581627507166e-05,0
12,199,0,3.822394576871156e-05,0
12,200,0,5.149913542752329e-05,0
12,201,0,3.79108023191856e-05,0
12,202,0,4.068083852509791e-05,0
12,203,0,3.4525065524805646e-05,0
12,204,0,3.3701260267149386e-05,0
12,205,0,4.71272920327504e-05,0
12,206,0,3.7109497741618646e-05,0
12,207,0,3.856712455696573e-05,0
12,208,0,3.4305551222991755e-05,0
12,209,0,3.6737561919747716e-05,0
12,210,0,3.5695864505616206e-05,0
12,211,0,3.58780036914326e-05,0
12,212,0,3.373985271696763e-05,0
12,213,0,3.089866309799691e-05,0
12,214,0,3.1788980178021716e-05,0
12,215,0,3.5397313446676675e-05,0
12,216,0,3.3835336837312786e-05,0
12,217,0,3.60091786709233e-05,0
13,1,0,3.4254985058719165e-05,0
13,2,0,4.492937707984609e-05,0
13,3,0,3.758561860851537e-05,0
13,4,0,3.7451770272233825e-05,0
13,5,0,3.7475390649527784e-05,0
13,6,0,3.37781431016338e-05,0
13,7,0,3.317963136708922e-05,0
13,8,0,3.2820170499477114e-05,0
13,9,0,3.55143953074633e-05,0
13,10,0,2.8944409521362384e-05,0
13,11,0,3.132048106708375e-05,0
13,12,0,3.481191944666152e-05,0
13,13,0,3.2361203956621934e-05,0
13,14,0,3.476266115365298e-05,0
13,15,0,3.476266115365298e-05,0
13,16,0,2.99061822158434e-05,0
13,17,0,3.55143953074633e-05,0
13,18,0,3.129514379378367e-05,0
13,19,0,3.279308922899637e-05,0
13,20,0,3.279308922899637e-05,0
13,21,0,3.7667816976037016e-05,0
13,22,0,3.0305304319046496e-05,0
13,23,0,3.0305304319046496e-05,0
13,24,0,3.0305304319046496e-05,0
13,25,0,3.168963155667378e-05,0
13,26,0,2.99061822158434e-05,0
13,27,0,3.133300908010567e-05,0
13,28,0,3.04135849826172e-05,0
13,29,0,3.241026584690285e-05,0
13,30,0,3.0848213307771606e-05,0
13,31,0,3.7119334605383014e-05,0
13,32,0,3.446557456158663e-05,0
13,33,0,3.5331937920908946e-05,0
13,34,0,4.44421760820504e-05,0
13,35,0,3.569066038652566e-05,0
13,36,0,3.4180284583099986e-05,0
13,37,0,3.391772605386284e-05,0
13,38,0,3.9238005537670426e-05,0
13,39,0,3.670204645928198e-05,0
13,40,0,4.621542863363387e-05,0
13,41,0,3.835604304659213e-05,0
13,42,0,3.233149535550803e-05,0
13,43,0,3.962851589757701e-05,0
13,44,0,3.3137178506679895e-05,0
13,45,0,3.613499901573106e-05,0
13,46,0,3.3137178506679895e-05,0
13,47,0,3.261744312849559e-05,0
13,48,0,3.532417388249182e-05,0
13,49,0,3.382167424977495e-05,0
13,50,0,3.341475607059537e-05,0
13,51,0,3.579518297072742e-05,0
13,52,0,3.258406741071154e-05,0
13,53,0,3.261097607190394e-05,0
13,54,0,3.0047669262302003e-05,0
13,55,0,2.910538924697355e-05,0
13,56,0,3.109232144026674e-05,0
13,57,0,2.910538924697355e-05,0
13,58,0,2.8722069620670554e-05,0
13,59,0,3.2611571581989066e-05,0
13,60,0,2.910538924697355e-05,0
13,61,0,2.910538924697355e-05,0
13,62,0,2.910538924697355e-05,0
13,63,0,4.0895142703880526e-05,0
13,64,0,3.252336108784402e-05,0
13,65,0,2.9330696369349776e-05,0
13,66,0,3.4872680564325016e-05,0
13,67,0,3.317425528647828e-05,0
13,68,0,3.1714576967134234e-05,0
13,69,0,3.133300908010567e-05,0
13,70,0,3.173847752916639e-05,0
13,71,0,3.132048106708375e-05,0
13,72,0,3.093566636035267e-05,0
13,73,0,3.173847752916639e-05,0
13,74,0,3.383549380547801e-05,0
13,75,0,3.623373543650581e-05,0
13,76,0,3.2124982981196683e-05,0
13,77,0,2.9330696369349776e-05,0
13,78,0,3.825584108195507e-05,0
13,79,0,3.393315578488253e-05,0
13,80,0,2.8944409521362384e-05,0
13,81,0,3.23564146201821e-05,0
13,82,0,3.2489820629202063e-05,0
13,83,0,3.230585268274966e-05,0
13,84,0,2.9330696369349776e-05,0
13,85,0,3.27347170487469e-05,0
13,86,0,2.9330696369349776e-05,0
13,87,0,3.856028383398566e-05,0
13,88,0,3.331274474898986e-05,0
13,89,0,3.3034556635494095e-05,0
13,90,0,3.0047669262302003e-05,0
13,91,0,3.0047669262302003e-05,0
13,92,0,3.0047669262302003e-05,0
13,93,0,2.9437527537035583e-05,0
13,94,0,3.0047669262302003e-05,0
13,95,0,4.307854429946254e-05,0
13,96,0,3.182254846884254e-05,0
13,97,0,3.59835375568527e-05,0
13,98,0,3.147778947765216e-05,0
13,99,0,3.336836637385955e-05,0
13,100,0,3.479958061845965e-05,0
13,101,0,4.623703893608234e-05,0
13,102,0,3.8140532669115804e-05,0
13,103,0,3.283137339916283e-05,0
13,104,0,3.31693911606343e-05,0
13,105,0,3.667842551209287e-05,0
13,106,0,3.776713515256265e-05,0
13,107,0,4.222792592191886e-05,0
13,108,0,4.12096970656672e-05,0
13,109,0,3.478858733913619e-05,0
13,110,0,4.554739777902471e-05,0
13,111,0,3.803749242359542e-05,0
13,112,0,3.9286260705156996e-05,0
13,113,0,4.922982328395165e-05,0
13,114,0,4.2554811316626795e-05,0
13,115,0,4.0691708945567826e-05,0
13,116,0,3.166972943613998e-05,0
13,117,0,3.508852385179341e-05,0
13,118,0,3.97022646830524e-05,0
13,119,0,3.426951717745834e-05,0
13,120,0,2.9330696369349776e-05,0
13,121,0,3.212488380635406e-05,0
13,122,0,3.686221131793499e-05,0
13,123,0,3.909234125060634e-05,0
13,124,0,3.791160763149221e-05,0
13,125,0,3.431286817284208e-05,0
13,126,0,4.209512426801325e-05,0
13,127,0,3.979934924986781e-05,0
13,128,0,3.638710099031624e-05,0
13,129,0,3.638710099031624e-05,0
13,130,0,3.7993965604990586e-05,0
13,131,0,3.36495469648066e-05,0
13,132,0,4.368828778888113e-05,0
13,133,0,3.638710099031624e-05,0
13,134,0,3.362667242995242e-05,0
13,135,0,3.362667242995242e-05,0
13,136,0,3.238754092770219e-05,0
13,137,0,3.1506783915156475e-05,0
13,138,0,3.1274487959601625e-05,0
13,139,0,3.5992612372753245e-05,0
13,140,0,4.4073780573832326e-05,0
13,141,0,2.9330696369349776e-05,0
13,142,0,2.9330696369349776e-05,0
13,143,0,3.0620439905206095e-05,0
13,144,0,3.1078609869641255e-05,0
13,145,0,3.536921133671924e-05,0
13,146,0,3.239180589502656e-05,0
13,147,0,3.476533176020494e-05,0
13,148,0,2.981685479429138e-05,0
13,149,0,3.22911886140995e-05,0
13,150,0,3.229461759739517e-05,0
13,151,0,6.0841563033369e-05,0
13,152,0,3.353052666027726e-05,0
13,153,0,3.600684078281736e-05,0
13,154,0,4.1447511473382336e-05,0
13,155,0,3.219757039905436e-05,0
13,156,0,3.9245549392421274e-05,0
13,157,0,3.4617320528472265e-05,0
13,158,0,3.02591156848305e-05,0
13,159,0,2.9752235376707344e-05,0
13,160,0,4.533725222761504e-05,0
13,161,0,4.117651726809913e-05,0
13,162,0,3.693237862730886e-05,0
13,163,0,3.27347170487469e-05,0
13,164,0,3.219757039905436e-05,0
13,165,0,3.292992841373414e-05,0
13,166,0,3.169187062693211e-05,0
13,167,0,3.882558431220428e-05,0
13,168,0,3.2257126283728564e-05,0
13,169,0,3.0047669262302003e-05,0
13,170,0,3.5106845536465976e-05,0
13,171,0,3.42499121397184e-05,0
13,172,0,3.4812821009121803e-05,0
13,173,0,3.072594206430853e-05,0
13,174,0,3.0354504640215372e-05,0
13,175,0,3.122118395135359e-05,0
13,176,0,3.637362250088821e-05,0
13,177,0,3.687029727601395e-05,0
13,178,0,3.315476722837576e-05,0
13,179,0,3.510249269397757e-05,0
13,180,0,5.758842071269286e-05,0
13,181,0,3.640033232375142e-05,0
13,182,0,3.748607281211589e-05,0
13,183,0,3.710162696219347e-05,0
13,184,0,3.549061430693798e-05,0
13,185,0,3.6280942907386533e-05,0
13,186,0,3.193391674828897e-05,0
13,187,0,4.105771526117634e-05,0
13,188,0,3.085265411704943e-05,0
13,189,0,5.215248360293893e-05,0
13,190,0,4.295657249794208e-05,0
13,191,0,3.331314249516501e-05,0
13,192,0,4.4668261974309006e-05,0
13,193,0,3.9171130787296515e-05,0
13,194,0,4.2553535573029153e-05,0
13,195,0,6.795343096950331e-05,0
14,1,0,9.587237832600745e-05,0
14,2,0,7.902860928045634e-05,0
14,3,0,5.706980581559303e-05,0
14,4,0,5.482754983615462e-05,0
14,5,0,4.794408165662099e-05,0
14,6,0,4.349918529562214e-05,0
14,7,0,6.0455559992727777e-05,0
14,8,0,4.7594888625872585e-05,0
14,9,0,3.458856929843722e-05,0
14,10,0,4.095248486997936e-05,0
14,11,0,3.621519508788862e-05,0
14,12,0,3.539800572983952e-05,0
14,13,0,3.2712610283196416e-05,0
14,14,0,4.0533868455382653e-05,0
14,15,0,3.9995063317125786e-05,0
14,16,0,3.438646876169633e-05,0
14,17,0,4.2098726393389465e-05,0
14,18,0,4.200560012725994e-05,0
14,19,0,7.088216260352962e-05,0
14,20,0,5.0174710218938196e-05,0
14,21,0,4.881208588175498e-05,0
14,22,0,6.825665918813228e-05,0
14,23,0,0.00011571646244351782,0
14,24,0,6.692816747793773e-05,0
14,25,0,6.052049418866778e-05,0
14,26,0,5.253898021422191e-05,0
14,27,0,4.791780667936463e-05,0
14,28,0,6.480878937223763e-05,0
14,29,0,7.285516613774208e-05,0
14,30,0,6.126453514826812e-05,0
14,31,0,6.872325920522564e-05,0
14,32,0,5.847188568922264e-05,0
14,33,0,6.0508674237988544e-05,0
14,34,0,6.46452383313209e-05,0
14,35,0,5.918041935105897e-05,0
14,36,0,5.5644117304580835e-05,0
14,37,0,5.641417814064207e-05,0
14,38,0,4.379040797097696e-05,0
14,39,0,4.2504541009478365e-05,0
14,40,0,5.376303234316988e-05,0
14,41,0,3.7759007760050613e-05,0
14,42,0,0.00013180023703261658,0
14,43,0,6.614586787252879e-05,0
14,44,0,0.00015237442525596221,0
14,45,0,9.001651742797671e-05,0
14,46,0,0.00011406414245835177,0
15,1,0,3.3336343368525555e-05,0
15,2,0,4.153941563300362e-05,0
15,3,0,2.9330696369349776e-05,0
15,4,0,3.291340896958273e-05,0
15,5,0,3.47111073014166e-05,0
15,6,0,3.688840810966719e-05,0
15,7,0,4.228791851671699e-05,0
15,8,0,3.711333880190484e-05,0
15,9,0,3.725748470390239e-05,0
15,10,0,3.362667242995242e-05,0
15,11,0,3.362667242995242e-05,0
15,12,0,3.390515617567515e-05,0
15,13,0,3.190066714979126e-05,0
15,14,0,3.4089950267608686e-05,0
15,15,0,3.156918615133876e-05,0
15,16,0,3.0047669262302003e-05,0
15,17,0,2.9330696369349776e-05,0
15,18,0,2.968788116742997e-05,0
15,19,0,3.0047669262302003e-05,0
15,20,0,3.25411564590521e-05,0
15,21,0,2.9330696369349776e-05,0
15,22,0,3.209892584524056e-05,0
15,23,0,3.209892584524056e-05,0
15,24,0,3.224024711236876e-05,0
15,25,0,3.185235492665295e-05,0
15,26,0,3.053379602023098e-05,0
15,27,0,2.8722069620670554e-05,0
15,28,0,3.566287307303889e-05,0
15,29,0,3.185235492665295e-05,0
15,30,0,3.185235492665295e-05,0
15,31,0,3.618197141099971e-05,0
15,32,0,2.910538924697355e-05,0
15,33,0,3.408087540073697e-05,0
15,34,0,2.8582554967576355e-05,0
15,35,0,2.8944409521362384e-05,0
15,36,0,3.405080076482975e-05,0
15,37,0,2.968788116742997e-05,0
15,38,0,2.9651940122769117e-05,0
15,39,0,3.185235492665295e-05,0
15,40,0,3.152068438591707e-05,0
15,41,0,2.8582554967576355e-05,0
15,42,0,3.296052759050822e-05,0
15,43,0,2.893062927605355e-05,0
15,44,0,3.0401879070530398e-05,0
15,45,0,3.0401879070530398e-05,0
15,46,0,3.0807616443930635e-05,0
15,47,0,3.149229214496558e-05,0
15,48,0,3.2568059452669774e-05,0
15,49,0,4.9645905473807895e-05,0
15,50,0,3.149229214496558e-05,0
15,51,0,3.187682192036097e-05,0
15,52,0,3.118278639113695e-05,0
15,53,0,3.2568059452669774e-05,0
15,54,0,3.6771821174514195e-05,0
15,55,0,3.043872908670021e-05,0
15,56,0,3.0072510858598834e-05,0
15,57,0,2.9532304215845272e-05,0
15,58,0,3.540264362162782e-05,0
15,59,0,3.104610023269171e-05,0
15,60,0,2.9676454563848115e-05,0
15,61,0,3.4363374527787306e-05,0
15,62,0,3.063722211578011e-05,0
15,63,0,3.0305304319046496e-05,0
15,64,0,3.4011802745899345e-05,0
15,65,0,3.224724519933794e-05,0
15,66,0,3.3036679179760006e-05,0
15,67,0,3.182254846884254e-05,0
15,68,0,3.147778947765216e-05,0
15,69,0,2.9330696369349776e-05,0
15,70,0,2.8424466916963515e-05,0
15,71,0,2.9651940122769117e-05,0
15,72,0,4.817341527275195e-05,0
15,73,0,3.234988331763613e-05,0
15,74,0,3.582778988734462e-05,0
15,75,0,4.356942200346781e-05,0
15,76,0,4.0981441410816786e-05,0
16,1,0,3.4254985058719165e-05,0
16,2,0,3.239435140373953e-05,0
16,3,0,3.362910645061707e-05,0
16,4,0,3.641978616665571e-05,0
16,5,0,3.341475607059537e-05,0
16,6,0,3.0478839862518553e-05,0
16,7,0,3.375943713331505e-05,0
16,8,0,3.15254629716244e-05,0
16,9,0,3.0047669262302003e-05,0
16,10,0,3.4321796171004185e-05,0
16,11,0,2.9330696369349776e-05,0
16,12,0,3.899930445684646e-05,0
16,13,0,3.0047669262302003e-05,0
16,14,0,3.4794520834715416e-05,0
16,15,0,3.211895726194457e-05,0
16,16,0,3.177098714045071e-05,0
16,17,0,3.215788847592916e-05,0
16,18,0,3.1352562539481205e-05,0
16,19,0,3.926263566830133e-05,0
16,20,0,3.17343685375505e-05,0
16,21,0,3.76102170896827e-05,0
16,22,0,3.676427069870477e-05,0
16,23,0,3.676427069870477e-05,0
16,24,0,4.2476156667894543e-05,0
16,25,0,3.6707484898168065e-05,0
16,26,0,3.773673294293147e-05,0
16,27,0,3.859908622703842e-05,0
16,28,0,3.95515343525526e-05,0
16,29,0,3.701568909408973e-05,0
16,30,0,4.233616091153468e-05,0
16,31,0,3.455906448998852e-05,0
16,32,0,3.2581775206968745e-05,0
16,33,0,3.5766408488022775e-05,0
16,34,0,3.201879355669592e-05,0
16,35,0,3.3153366698645555e-05,0
16,36,0,3.0828769847662144e-05,0
16,37,0,2.988082937812723e-05,0
16,38,0,3.39404649253484e-05,0
16,39,0,3.358210475192802e-05,0
16,40,0,2.910538924697355e-05,0
16,41,0,3.22911886140995e-05,0
16,42,0,3.180101355319545e-05,0
16,43,0,3.043872908670021e-05,0
16,44,0,3.104610023269171e-05,0
16,45,0,3.958589511055389e-05,0
16,46,0,3.149229214496558e-05,0
16,47,0,3.074084990274678e-05,0
16,48,0,4.7721895480430976e-05,0
16,49,0,4.2546374063050746e-05,0
16,50,0,3.834885255806737e-05,0
16,51,0,4.055304212962445e-05,0
16,52,0,3.834885255806737e-05,0
16,53,0,3.985087478340718e-05,0
16,54,0,4.5309921222552895e-05,0
16,55,0,3.881585483956048e-05,0
16,56,0,4.9159209149774405e-05,0
16,57,0,3.244387686299201e-05,0
16,58,0,3.104610023269171e-05,0
16,59,0,3.0305304319046496e-05,0
16,60,0,3.2852311014295606e-05,0
16,61,0,3.166972943613998e-05,0
16,62,0,3.476521992748363e-05,0
16,63,0,3.429781767351876e-05,0
16,64,0,3.34900337154519e-05,0
16,65,0,3.43314051860109e-05,0
16,66,0,3.429781767351876e-05,0
16,67,0,3.314734709560275e-05,0
16,68,0,3.1764687905256564e-05,0
16,69,0,3.0047669262302003e-05,0
16,70,0,2.9330696369349776e-05,0
16,71,0,3.317002428254929e-05,0
16,72,0,3.2112589036912786e-05,0
16,73,0,3.25411564590521e-05,0
16,74,0,3.1645050906329844e-05,0
16,75,0,3.0047669262302003e-05,0
16,76,0,3.0047669262302003e-05,0
16,77,0,4.078664725798152e-05,0
16,78,0,3.2547609670222807e-05,0
16,79,0,3.177098714045071e-05,0
16,80,0,3.589066802817396e-05,0
16,81,0,3.4784323029567096e-05,0
16,82,0,3.476952311409116e-05,0
16,83,0,2.9651940122769117e-05,0
16,84,0,3.3954331818600564e-05,0
16,85,0,4.1165621715389514e-05,0
16,86,0,3.2547609670222807e-05,0
16,87,0,3.476952311409116e-05,0
16,88,0,3.5193088912448205e-05,0
16,89,0,3.2227596729958e-05,0
16,90,0,3.2547609670222807e-05,0
16,91,0,3.1352562539481205e-05,0
16,92,0,3.620634764830527e-05,0
16,93,0,4.3021549729367476e-05,0
16,94,0,3.3140662189616594e-05,0
16,95,0,2.9330696369349776e-05,0
16,96,0,3.283955675278253e-05,0
16,97,0,3.0047669262302003e-05,0
16,98,0,3.212252512240391e-05,0
16,99,0,3.6386769671408184e-05,0
16,100,0,3.6180527635876576e-05,0
16,101,0,3.25411564590521e-05,0
16,102,0,2.8944409521362384e-05,0
16,103,0,2.9651940122769117e-05,0
16,104,0,3.393182313764348e-05,0
16,105,0,3.1764687905256564e-05,0
16,106,0,3.2571371419287264e-05,0
16,107,0,2.9330696369349776e-05,0
16,108,0,3.223001573071518e-05,0
16,109,0,3.531467092696759e-05,0
16,110,0,3.489181842746781e-05,0
16,111,0,3.983027501539054e-05,0
16,112,0,3.479210433930751e-05,0
16,113,0,3.2581775206968745e-05,0
17,1,0,3.133300908010567e-05,0
17,2,0,4.559537511184076e-05,0
17,3,0,3.731473945519851e-05,0
17,4,0,3.49301820532434e-05,0
17,5,0,3.49301820532434e-05,0
17,6,0,3.211895726194457e-05,0
17,7,0,3.211895726194457e-05,0
17,8,0,3.457646601143895e-05,0
17,9,0,3.557763352826786e-05,0
17,10,0,3.784258732231996e-05,0
17,11,0,4.1473876869656015e-05,0
17,12,0,3.315807781350672e-05,0
17,13,0,3.4209982269454195e-05,0
17,14,0,3.341475607059537e-05,0
17,15,0,3.45192325159552e-05,0
17,16,0,3.375943713331505e-05,0
17,17,0,3.798601841569577e-05,0
17,18,0,3.61876487660078e-05,0
17,19,0,3.4858955365102266e-05,0
17,20,0,3.156184052392664e-05,0
17,21,0,3.338707402782621e-05,0
17,22,0,3.340813093614242e-05,0
17,23,0,3.340813093614242e-05,0
17,24,0,3.216779664802078e-05,0
17,25,0,3.158236117405212e-05,0
17,26,0,3.948648128939269e-05,0
17,27,0,3.5878445310893586e-05,0
17,28,0,3.166972943613998e-05,0
17,29,0,3.194619499110205e-05,0
17,30,0,2.9330696369349776e-05,0
17,31,0,2.9330696369349776e-05,0
17,32,0,2.9651940122769117e-05,0
17,33,0,3.476262937968872e-05,0
17,34,0,3.219757039905436e-05,0
17,35,0,3.364229894047084e-05,0
17,36,0,3.2182998257067074e-05,0
17,37,0,3.0047669262302003e-05,0
17,38,0,2.9330696369349776e-05,0
17,39,0,3.458334443162268e-05,0
17,40,0,3.393988503297661e-05,0
17,41,0,3.393988503297661e-05,0
17,42,0,3.393988503297661e-05,0
17,43,0,3.177098714045071e-05,0
17,44,0,3.946533618648477e-05,0
17,45,0,3.1352562539481205e-05,0
17,46,0,3.211895726194457e-05,0
17,47,0,3.6441298567296604e-05,0
17,48,0,3.2547609670222807e-05,0
17,49,0,3.3954331818600564e-05,0
17,50,0,3.177098714045071e-05,0
17,51,0,2.9651940122769117e-05,0
17,52,0,3.001303686142706e-05,0
17,53,0,2.9330696369349776e-05,0
17,54,0,3.2112589036912786e-05,0
17,55,0,2.8722069620670554e-05,0
17,56,0,2.9459830369720856e-05,0
17,57,0,3.289272289546186e-05,0
17,58,0,2.886907602258728e-05,0
17,59,0,3.523507437344173e-05,0
17,60,0,2.9330696369349776e-05,0
17,61,0,3.610827511449945e-05,0
17,62,0,3.360402144483752e-05,0
17,63,0,3.624822865189227e-05,0
17,64,0,3.209892584524056e-05,0
17,65,0,3.209892584524056e-05,0
17,66,0,3.578996244462123e-05,0
17,67,0,3.1429299936999865e-05,0
17,68,0,3.25411564590521e-05,0
17,69,0,3.0047669262302003e-05,0
17,70,0,2.9330696369349776e-05,0
17,71,0,3.6415719971539306e-05,0
17,72,0,3.9392400122684787e-05,0
17,73,0,2.9330696369349776e-05,0
17,74,0,2.9330696369349776e-05,0
17,75,0,3.272565720378329e-05,0
17,76,0,5.686287223591782e-05,0
17,77,0,3.3831715041356896e-05,0
17,78,0,3.465870907009034e-05,0
17,79,0,3.975441860420991e-05,0
17,80,0,4.046488447739835e-05,0
17,81,0,4.196817938696363e-05,0
17,82,0,4.4851360051435425e-05,0
17,83,0,3.753482618238728e-05,0
17,84,0,4.655327857701444e-05,0
17,85,0,4.196817938696363e-05,0
17,86,0,3.8768863623001995e-05,0
17,87,0,4.096678068998828e-05,0
17,88,0,3.89844817501039e-05,0
17,89,0,4.562493162037746e-05,0
17,90,0,4.432973530424471e-05,0
17,91,0,3.7553101545862754e-05,0
17,92,0,4.221955347649101e-05,0
17,93,0,4.06693970544111e-05,0
17,94,0,3.101256807642255e-05,0
17,95,0,3.4034356335384004e-05,0
17,96,0,3.44223042043383e-05,0
17,97,0,4.861463645467835e-05,0
17,98,0,3.173847752916639e-05,0
17,99,0,3.577565245234585e-05,0
17,100,0,3.2112589036912786e-05,0
17,101,0,3.709417555642871e-05,0
17,102,0,3.0772366551632996e-05,0
17,103,0,3.5504684729696985e-05,0
17,104,0,3.3801363670734745e-05,0
17,105,0,3.432824359752158e-05,0
17,106,0,3.5297838977434256e-05,0
17,107,0,4.32567086664377e-05,0
17,108,0,4.4485827845136956e-05,0
17,109,0,4.562739905169847e-05,0
17,110,0,5.383721021747433e-05,0
17,111,0,4.8171582102217506e-05,0
17,112,0,4.057646371996417e-05,0
17,113,0,3.641797296464191e-05,0
17,114,0,3.7016594138171034e-05,0
17,115,0,3.8746411291480784e-05,0
17,116,0,3.419252638025921e-05,0
17,117,0,3.904211853722757e-05,0
17,118,0,3.7374619280517605e-05,0
17,119,0,4.323176090712484e-05,0
17,120,0,7.322866071193445e-05,0
17,121,0,4.490997609259304e-05,0
17,122,0,4.5399346593832726e-05,0
17,123,0,3.2068192546754316e-05,0
17,124,0,3.489480445361505e-05,0
17,125,0,3.200396544835865e-05,0
17,126,0,3.485989567637729e-05,0
17,127,0,3.201420862967752e-05,0
17,128,0,3.81865521538286e-05,0
17,129,0,3.4413208997165735e-05,0
17,130,0,3.44722228952576e-05,0
17,131,0,3.8164658333168784e-05,0
17,132,0,3.343879055480856e-05,0
17,133,0,3.920365458313054e-05,0
17,134,0,3.9025340506395974e-05,0
17,135,0,4.0468643892098195e-05,0
17,136,0,3.6208139194086456e-05,0
17,137,0,3.720804353732666e-05,0
17,138,0,5.3340158332123346e-05,0
17,139,0,5.5343302964462215e-05,0
17,140,0,3.1996004056556824e-05,0
17,141,0,4.047536310748313e-05,0
17,142,0,3.788167034839324e-05,0
17,143,0,4.3120845584670847e-05,0
17,144,0,4.9267459117566665e-05,0
17,145,0,3.4049078264351385e-05,0
17,146,0,3.6122344227945496e-05,0
17,147,0,2.9092553878806208e-05,0
17,148,0,3.793335054440968e-05,0
17,149,0,3.27472007962886e-05,0
17,150,0,3.6033684688180514e-05,0
17,151,0,6.391448203210916e-05,0
17,152,0,0.00010612112155568908,0
17,153,0,4.606211928962501e-05,0
17,154,0,4.856103448009842e-05,0
17,155,0,5.837408923930032e-05,0
17,156,0,7.817839244871663e-05,0
17,157,0,5.2976778037453544e-05,0
17,158,0,9.168296816308652e-05,0
17,159,0,9.934907959732628e-05,0
17,160,0,0.00015680836072308254,0
17,161,0,0.00018820456675103055,0
17,162,0,0.00010461006020411444,0
17,163,0,0.0002983600983033356,0
17,164,0,0.000146996398511932,0
17,165,0,0.0003222695679859842,0
18,1,0,3.3336343368525555e-05,0
18,2,0,4.022781165401623e-05,0
18,3,0,3.996986179589311e-05,0
18,4,0,4.611430546862134e-05,0
18,5,0,3.684139257363806e-05,0
18,6,0,3.577715900009666e-05,0
18,7,0,3.6858721741633606e-05,0
18,8,0,3.883007477931162e-05,0
18,9,0,3.418561060907995e-05,0
18,10,0,3.6001926636644006e-05,0
18,11,0,3.3370781698017785e-05,0
18,12,0,3.641978616665571e-05,0
18,13,0,3.765483566889703e-05,0
18,14,0,3.9303028798243236e-05,0
18,15,0,3.211895726194457e-05,0
18,16,0,3.393988503297661e-05,0
18,17,0,3.1872232475049535e-05,0
18,18,0,3.414317420898711e-05,0
18,19,0,3.215788847592916e-05,0
18,20,0,3.366432076760004e-05,0
18,21,0,3.675635346891458e-05,0
18,22,0,3.393988503297661e-05,0
18,23,0,3.367917308948947e-05,0
18,24,0,3.451712469192591e-05,0
18,25,0,3.2297592255944346e-05,0
18,26,0,3.269090628363027e-05,0
18,27,0,3.2297592255944346e-05,0
18,28,0,3.1526935234452994e-05,0
18,29,0,3.2297592255944346e-05,0
18,30,0,3.773331747937581e-05,0
18,31,0,4.227072822569789e-05,0
18,32,0,4.6173800772849356e-05,0
18,33,0,3.902168950951988e-05,0
18,34,0,4.050904438683097e-05,0
18,35,0,3.902168950951988e-05,0
18,36,0,3.6947679397130755e-05,0
18,37,0,3.512646066009666e-05,0
18,38,0,3.209245237012819e-05,0
18,39,0,3.151303200718502e-05,0
18,40,0,4.784369721657171e-05,0
18,41,0,3.361068542484395e-05,0
18,42,0,5.8678967944572255e-05,0
18,43,0,3.712995507657323e-05,0
18,44,0,3.6560214384279334e-05,0
18,45,0,4.090423561051916e-05,0
18,46,0,3.229906878177159e-05,0
18,47,0,3.2667003222360324e-05,0
18,48,0,3.2020968194800315e-05,0
18,49,0,3.7525272279950814e-05,0
18,50,0,3.2448312905375443e-05,0
18,51,0,3.5768536630994165e-05,0
18,52,0,3.4089950267608686e-05,0
18,53,0,3.9405093668159125e-05,0
18,54,0,3.44486544995393e-05,0
18,55,0,3.44486544995393e-05,0
18,56,0,3.362667242995242e-05,0
18,57,0,3.182254846884254e-05,0
18,58,0,4.48678386075697e-05,0
18,59,0,3.421538936134159e-05,0
18,60,0,3.2112589036912786e-05,0
18,61,0,3.1714576967134234e-05,0
18,62,0,3.209892584524056e-05,0
18,63,0,3.603964407535457e-05,0
18,64,0,3.209892584524056e-05,0
18,65,0,3.128654047902653e-05,0
18,66,0,3.3165514187720124e-05,0
18,67,0,3.209892584524056e-05,0
18,68,0,3.393315578488253e-05,0
18,69,0,3.476262937968872e-05,0
18,70,0,3.405198799659698e-05,0
18,71,0,4.3710211356139194e-05,0
18,72,0,2.9092553878806208e-05,0
18,73,0,4.776953947640401e-05,0
18,74,0,3.219465625602156e-05,0
18,75,0,2.9330696369349776e-05,0
18,76,0,2.9752235376707344e-05,0
18,77,0,2.910538924697355e-05,0
18,78,0,3.0179959777688874e-05,0
18,79,0,3.441914524056629e-05,0
18,80,0,3.482567964411735e-05,0
18,81,0,4.021189095751531e-05,0
18,82,0,4.3760893384615344e-05,0
18,83,0,3.978351738610555e-05,0
18,84,0,3.7804698794525546e-05,0
18,85,0,4.627998259364655e-05,0
18,86,0,3.675180439490968e-05,0
18,87,0,3.583766472104464e-05,0
18,88,0,7.128249387900467e-05,0
18,89,0,4.19626940645539e-05,0
18,90,0,3.8493160681720844e-05,0
18,91,0,3.7514630600297234e-05,0
18,92,0,3.514317268937436e-05,0
18,93,0,5.844557772122181e-05,0
18,94,0,7.038502123734517e-05,0
18,95,0,3.5877942915122164e-05,0
18,96,0,4.1921631429641525e-05,0
18,97,0,3.524946769354144e-05,0
18,98,0,6.185034982607054e-05,0
18,99,0,4.446840128156806e-05,0
18,100,0,3.7866147376306355e-05,0
18,101,0,4.0884481640164685e-05,0
18,102,0,3.90553870896645e-05,0
18,103,0,4.447549241823798e-05,0
18,104,0,5.8921855518561335e-05,0
18,105,0,4.3869596628611726e-05,0
18,106,0,6.789790096580467e-05,0
18,107,0,4.470376821106163e-05,0
18,108,0,4.8062953310701594e-05,0
18,109,0,6.185432155604303e-05,0
18,110,0,0.00011143204828847139,0
18,111,0,7.105921653042364e-05,0
18,112,0,3.7146917127531315e-05,0
18,113,0,0.0002148908753159509,0
18,114,0,5.475182513695835e-05,0
18,115,0,0.00013265581640823328,0
18,116,0,8.46877000194724e-05,0
18,117,0,0.0002524140686162318,0
18,118,0,0.00012996675672033198,0
18,119,0,0.00017533763710912305,0
18,120,0,0.00019133858388307675,0
18,121,0,0.00024666369338830776,0
18,122,0,9.848178815238437e-05,0
18,123,0,0.00012373355931716892,0
18,124,0,0.003226451180519827,0
18,125,0,0.0008946328313274261,0
18,126,0,0.010757746877627084,0
18,127,0,0.053484666849615274,0
18,128,0,0.13450118530810914,0
18,129,0,0.29724261504333604,0
18,130,0,0.16988113533905827,0
18,131,1,0.015421355641660838,0
18,132,1,0.6849619565287159,1
18,133,1,0.4374093972987011,1
19,1,0,0.00011881251372506218,0
19,2,0,3.1352562539481205e-05,0
19,3,0,3.237414823936113e-05,0
19,4,0,2.8944409521362384e-05,0
19,5,0,3.147778947765216e-05,0
19,6,0,3.402256240280666e-05,0
19,7,0,5.77317406212918e-05,0
19,8,0,4.800835399242067e-05,0
19,9,0,3.834885255806737e-05,0
19,10,0,3.834885255806737e-05,0
19,11,0,3.834885255806737e-05,0
19,12,0,3.834885255806737e-05,0
19,13,0,3.805427406649466e-05,0
19,14,0,3.805427406649466e-05,0
19,15,0,4.373708871903695e-05,0
19,16,0,4.356004650553771e-05,0
19,17,0,5.017113027434163e-05,0
19,18,0,9.123079434403532e-05,0
19,19,0,5.5675927724920944e-05,0
19,20,0,4.857656187325526e-05,0
19,21,0,4.434616978278985e-05,0
19,22,0,4.820342254490489e-05,0
19,23,0,4.3752263609104445e-05,0
19,24,0,5.4096635477483554e-05,0
19,25,0,4.270829686804267e-05,0
19,26,0,4.433616463412565e-05,0
19,27,0,4.433616463412565e-05,0
19,28,0,4.184707949526082e-05,0
19,29,0,4.532658849208035e-05,0
19,30,0,4.030751230663509e-05,0
19,31,0,4.736678882526559e-05,0
19,32,0,3.4516225719240336e-05,0
19,33,0,3.0422753891679387e-05,0
19,34,0,3.114617030271321e-05,0
19,35,0,3.156184052392664e-05,0
19,36,0,4.0226865976581714e-05,0
19,37,0,3.3452054411647786e-05,0
19,38,0,3.0047669262302003e-05,0
19,39,0,3.401824254873858e-05,0
19,40,0,2.8944409521362384e-05,0
19,41,0,3.1764687905256564e-05,0
19,42,0,3.0047669262302003e-05,0
19,43,0,3.0047669262302003e-05,0
19,44,0,2.9330696369349776e-05,0
19,45,0,3.25411564590521e-05,0
19,46,0,2.8944409521362384e-05,0
19,47,0,2.9938671437948447e-05,0
19,48,0,3.10376113674076e-05,0
19,49,0,3.807629244328577e-05,0
19,50,0,3.5248545558401086e-05,0
19,51,0,2.9651940122769117e-05,0
19,52,0,2.9330696369349776e-05,0
19,53,0,3.552658369384065e-05,0
19,54,0,3.8073536961850377e-05,0
19,55,0,3.653630877479169e-05,0
19,56,0,3.4096710608389914e-05,0
19,57,0,3.4096710608389914e-05,0
19,58,0,3.659893616679705e-05,0
19,59,0,3.177098714045071e-05,0
19,60,0,3.29439682628336e-05,0
19,61,0,3.211895726194457e-05,0
19,62,0,3.354890642443048e-05,0
19,63,0,3.3839773511501425e-05,0
19,64,0,3.2227596729958e-05,0
19,65,0,3.354890642443048e-05,0
19,66,0,5.350883964690998e-05,0
19,67,0,3.4737037484501956e-05,0
19,68,0,3.440747788172747e-05,0
19,69,0,3.418362971285107e-05,0
19,70,0,3.854699213066942e-05,0
19,71,0,3.3954331818600564e-05,0
19,72,0,3.821929453538865e-05,0
19,73,0,3.498297370540943e-05,0
19,74,0,4.034832320745123e-05,0
19,75,0,3.362910645061707e-05,0
19,76,0,3.701805217597364e-05,0
19,77,0,3.59248473100857e-05,0
19,78,0,4.324030674024826e-05,0
19,79,0,3.359034628858804e-05,0
19,80,0,3.564888826356728e-05,0
19,81,0,3.566406247424638e-05,0
19,82,0,3.253697329245274e-05,0
19,83,0,4.416498801869098e-05,0
19,84,0,3.7614522538322375e-05,0
19,85,0,5.037141433923465e-05,0
19,86,0,4.594021807569816e-05,0
19,87,0,3.536934109408079e-05,0
19,88,0,3.2366889299539866e-05,0
19,89,0,3.873703653834085e-05,0
19,90,0,3.483019186809987e-05,0
19,91,0,3.6820045174553046e-05,0
19,92,0,3.444114430547378e-05,0
19,93,0,3.564003563478393e-05,0
19,94,0,4.141626699394552e-05,0
19,95,0,4.06524415368735e-05,0
19,96,0,3.683670130027625e-05,0
19,97,0,3.0674357381719336e-05,0
19,98,0,3.73947696461311e-05,0
19,99,0,2.99061822158434e-05,0
19,100,0,3.279308922899637e-05,0
19,101,0,3.54663283404629e-05,0
19,102,0,3.513620487427732e-05,0
19,103,0,4.3117483500980336e-05,0
19,104,0,4.1892457960901824e-05,0
19,105,0,3.244387686299201e-05,0
19,106,0,4.435425529704903e-05,0
19,107,0,4.731973465569982e-05,0
19,108,0,3.811859338774986e-05,0
19,109,0,5.379398415069392e-05,0
19,110,0,4.141035157286049e-05,0
19,111,0,4.4950579459274266e-05,0
19,112,0,3.442812879181481e-05,0
19,113,0,3.317406501448806e-05,0
19,114,0,3.4762034153472175e-05,0
19,115,0,4.922705615592563e-05,0
19,116,0,4.8529019899935164e-05,0
19,117,0,5.1686722676173955e-05,0
19,118,0,4.1178151455682676e-05,0
19,119,0,4.356938108879655e-05,0
19,120,0,4.368492618023905e-05,0
19,121,0,3.405442942435198e-05,0
19,122,0,3.125038099458697e-05,0
19,123,0,3.45285042965993e-05,0
19,124,0,3.472856434169975e-05,0
19,125,0,3.3769253589113367e-05,0
19,126,0,2.910538924697355e-05,0
19,127,0,3.572005282641697e-05,0
19,128,0,2.910538924697355e-05,0
19,129,0,4.761702626199084e-05,0
19,130,0,3.258729679360622e-05,0
19,131,0,3.608637511708181e-05,0
19,132,0,3.117466694087336e-05,0
19,133,0,3.2145140461688394e-05,0
19,134,0,3.816447351473171e-05,0
19,135,0,4.289398119042396e-05,0
20,1,0,5.556790153000735e-05,0
20,2,0,5.8548230122325786e-05,0
20,3,0,4.346608598485952e-05,0
20,4,0,4.068844954059366e-05,0
20,5,0,4.028839787650764e-05,0
20,6,0,3.486945958698286e-05,0
20,7,0,3.2489820629202063e-05,0
20,8,0,3.149082408728606e-05,0
20,9,0,3.133300908010567e-05,0
20,10,0,2.895853274210579e-05,0
20,11,0,3.1764687905256564e-05,0
20,12,0,3.60762390698174e-05,0
20,13,0,3.418893116651184e-05,0
20,14,0,3.1429299936999865e-05,0
20,15,0,3.393315578488253e-05,0
20,16,0,3.219757039905436e-05,0
20,17,0,3.283955675278253e-05,0
20,18,0,3.133300908010567e-05,0
20,19,0,3.486945958698286e-05,0
20,20,0,4.213983950126841e-05,0
20,21,0,3.25411564590521e-05,0
20,22,0,3.25411564590521e-05,0
20,23,0,2.9330696369349776e-05,0
20,24,0,2.960124974916816e-05,0
20,25,0,2.910538924697355e-05,0
20,26,0,3.8143476262248264e-05,0
20,27,0,3.4644797858269445e-05,0
20,28,0,3.3121818715144694e-05,0
20,29,0,3.3121818715144694e-05,0
20,30,0,3.279616025129085e-05,0
20,31,0,3.233149535550803e-05,0
20,32,0,3.101145782067626e-05,0
20,33,0,3.1950241757257636e-05,0
20,34,0,3.414924174786136e-05,0
20,35,0,3.158236117405212e-05,0
20,36,0,3.0047669262302003e-05,0
20,37,0,3.326743640980765e-05,0
20,38,0,3.0305304319046496e-05,0
20,39,0,3.0072510858598834e-05,0
20,40,0,3.152068438591707e-05,0
20,41,0,3.1187872652392335e-05,0
20,42,0,2.9330696369349776e-05,0
20,43,0,2.9330696369349776e-05,0
20,44,0,2.910538924697355e-05,0
20,45,0,3.0047669262302003e-05,0
20,46,0,3.486945958698286e-05,0
20,47,0,3.04135849826172e-05,0
20,48,0,3.403743699569968e-05,0
20,49,0,2.968788116742997e-05,0
20,50,0,2.910538924697355e-05,0
20,51,0,2.910538924697355e-05,0
20,52,0,3.22911886140995e-05,0
20,53,0,3.0293736683491196e-05,0
20,54,0,4.041333741704819e-05,0
20,55,0,2.8944409521362384e-05,0
20,56,0,2.9651940122769117e-05,0
20,57,0,3.0047669262302003e-05,0
20,58,0,4.471156996544386e-05,0
20,59,0,3.080873882867647e-05,0
20,60,0,3.0828769847662144e-05,0
20,61,0,3.158236117405212e-05,0
20,62,0,3.6966645972190525e-05,0
20,63,0,3.4944124310309025e-05,0
20,64,0,3.8199350227643305e-05,0
20,65,0,3.335952499756889e-05,0
20,66,0,4.170576133455343e-05,0
20,67,0,3.15459599708011e-05,0
20,68,0,3.8606678148021546e-05,0
20,69,0,3.847471771280393e-05,0
20,70,0,3.173847752916639e-05,0
20,71,0,3.851727278063653e-05,0
20,72,0,6.986194485923725e-05,0
20,73,0,6.461237514789725e-05,0
20,74,0,6.047503385360225e-05,0
20,75,0,4.980224645322219e-05,0
20,76,0,5.731900477050057e-05,0
20,77,0,3.0072510858598834e-05,0
20,78,0,3.382515151220759e-05,0
20,79,0,3.2361203956621934e-05,0
20,80,0,3.093348071521791e-05,0
20,81,0,3.843571072438306e-05,0
20,82,0,3.660563671143923e-05,0
20,83,0,3.0072510858598834e-05,0
20,84,0,4.019991776256553e-05,0
20,85,0,3.1063271362562416e-05,0
20,86,0,3.630576705354068e-05,0
20,87,0,3.427657362620618e-05,0
20,88,0,3.167625057860598e-05,0
20,89,0,3.585291928292601e-05,0
20,90,0,2.99061822158434e-05,0
20,91,0,3.063722211578011e-05,0
20,92,0,3.652329826603623e-05,0
20,93,0,3.777620313183385e-05,0
20,94,0,3.528671716951158e-05,0
20,95,0,3.527889276864786e-05,0
20,96,0,3.31190663458382e-05,0
20,97,0,4.0915267707150776e-05,0
20,98,0,3.500789549015546e-05,0
20,99,0,3.824590634487016e-05,0
20,100,0,3.104610023269171e-05,0
20,101,0,3.3165514187720124e-05,0
20,102,0,4.63842654535939e-05,0
20,103,0,4.323061457213e-05,0
20,104,0,4.346252597149362e-05,0
20,105,0,4.895585624422227e-05,0
20,106,0,3.9251366790325564e-05,0
20,107,0,3.715693296981565e-05,0
20,108,0,4.022359439131284e-05,0
20,109,0,3.872242277245376e-05,0
20,110,0,5.141965394557646e-05,0
20,111,0,3.770918697491305e-05,0
20,112,0,5.398366777148999e-05,0
20,113,0,3.177098714045071e-05,0
20,114,0,4.493502877450334e-05,0
20,115,0,3.7491749285282404e-05,0
20,116,0,4.188707730073223e-05,0
20,117,0,3.866706807186759e-05,0
20,118,0,4.0408936874014915e-05,0
20,119,0,3.4720066128420996e-05,0
20,120,0,4.397855368041536e-05,0
20,121,0,4.042969798104676e-05,0
20,122,0,7.159919802096061e-05,0
20,123,0,3.7091461597009864e-05,0
20,124,0,4.116515131010753e-05,0
20,125,0,4.2379961162370196e-05,0
20,126,0,4.8946720280280713e-05,0
20,127,0,4.4061847279654054e-05,0
20,128,0,3.939172275329194e-05,0
20,129,0,4.5329010292880486e-05,0
20,130,0,0.00012355277100790723,0
20,131,0,9.161661589212473e-05,0
20,132,0,8.633455205020393e-05,0
20,133,0,6.631472999202827e-05,0
20,134,0,6.522256958788062e-05,0
20,135,0,6.458540455736774e-05,0
20,136,0,7.39015140454109e-05,0
20,137,0,5.903692685285224e-05,0
20,138,0,9.103235659432395e-05,0
20,139,0,0.00028177528857775724,0
20,140,0,0.0003853855747019835,0
20,141,0,0.0002149573144508966,0
20,142,0,0.0002321655156145435,0
20,143,0,0.00021623625140283377,0
20,144,0,0.00023977061488211925,0
20,145,0,0.00047104844931321007,0
20,146,0,0.00010001764995993757,0
20,147,0,0.00018523589939107804,0
20,148,0,0.0001863463533958391,0
20,149,0,0.0002996489544883734,0
20,150,0,0.00036504895886395333,0
20,151,0,0.0007655274734569272,0
20,152,0,0.00498495339828981,0
20,153,0,0.004617694337300297,0
20,154,0,0.007134385720110855,0
20,155,0,0.005673654434803528,0
20,156,0,0.08955653149981505,0
20,157,0,0.012086342993056772,0
20,158,0,0.01011307628750018,0
20,159,0,0.005497656518934423,0
20,160,0,0.006221309305579188,0
20,161,0,0.005425017720156286,0
20,162,0,0.18738629785448216,0
20,163,0,0.0038525742063500014,0
20,164,0,0.028684454380204658,0
20,165,0,0.015548737256159783,0
20,166,0,0.019617337957277846,0
20,167,0,0.0076823701540183024,0
20,168,0,0.40560889000061157,1
20,169,0,0.6079071101628108,1
20,170,1,0.5481591667707709,1
20,171,1,0.3290787908701731,0
20,172,1,0.23504497233289293,0
20,173,1,0.22156203455409026,0
20,174,1,0.4216469761479403,1
20,175,1,0.2131117137896405,0
20,176,1,0.6482271221363732,1
20,177,1,0.42261477672046266,1
20,178,1,0.8686695095442706,1
20,179,1,0.9696594163605529,1
20,180,1,0.9877216969301825,1
20,181,1,0.9841030007543706,1
20,182,1,0.9937426750273828,1
20,183,1,0.993751523264695,1
20,184,1,0.9969923680665606,1
21,1,0,4.242894739897146e-05,0
21,2,0,0.00021786050941580897,0
21,3,0,0.00021786050941580897,0
21,4,0,5.19630320509273e-05,0
21,5,0,7.655654139041883e-05,0
21,6,0,3.836292455945287e-05,0
21,7,0,3.617930603492909e-05,0
21,8,0,4.857656187325526e-05,0
21,9,0,4.433616463412565e-05,0
21,10,0,3.526992708437449e-05,0
21,11,0,3.383900233240925e-05,0
21,12,0,3.283137339916283e-05,0
21,13,0,4.1215163146751125e-05,0
21,14,0,3.5072657738056225e-05,0
21,15,0,3.5476698899378655e-05,0
21,16,0,3.518044067042186e-05,0
21,17,0,3.411729806178563e-05,0
21,18,0,3.283137339916283e-05,0
21,19,0,3.681363107245811e-05,0
21,20,0,3.44964636915874e-05,0
21,21,0,3.387004377791482e-05,0
21,22,0,3.238112158329177e-05,0
21,23,0,3.119218718729079e-05,0
21,24,0,3.22410565074117e-05,0
21,25,0,3.396552588803794e-05,0
21,26,0,3.0305304319046496e-05,0
21,27,0,3.3989564355488614e-05,0
21,28,0,3.4518220257203126e-05,0
21,29,0,3.486101636855917e-05,0
21,30,0,3.576928402517816e-05,0
21,31,0,3.2954118626110654e-05,0
21,32,0,3.0422753891679387e-05,0
21,33,0,4.405499023889468e-05,0
21,34,0,3.2202024611189694e-05,0
21,35,0,3.261058308976389e-05,0
21,36,0,3.070295681304597e-05,0
21,37,0,3.145347280980536e-05,0
21,38,0,3.063722211578011e-05,0
21,39,0,3.158236117405212e-05,0
21,40,0,3.338707402782621e-05,0
21,41,0,3.9802731246806836e-05,0
21,42,0,3.27594995066901e-05,0
21,43,0,2.9523690249498077e-05,0
21,44,0,3.270076172369811e-05,0
21,45,0,3.059195545337003e-05,0
21,46,0,3.2997744824614504e-05,0
21,47,0,3.1721408244889435e-05,0
21,48,0,3.546120276315892e-05,0
21,49,0,3.123326292327552e-05,0
21,50,0,3.443982609553459e-05,0
21,51,0,3.118278639113695e-05,0
21,52,0,3.4231476490942987e-05,0
21,53,0,3.9350747866846916e-05,0
21,54,0,3.2177305314178474e-05,0
21,55,0,3.103162063804508e-05,0
21,56,0,3.133975817122068e-05,0
21,57,0,3.133975817122068e-05,0
21,58,0,3.0828769847662144e-05,0
21,59,0,3.10165624986767e-05,0
21,60,0,4.240942921487031e-05,0
21,61,0,3.476977097383511e-05,0
21,62,0,3.30088344829894e-05,0
21,63,0,3.1764687905256564e-05,0
21,64,0,3.855703094098806e-05,0
21,65,0,3.0047669262302003e-05,0
21,66,0,3.219757039905436e-05,0
21,67,0,2.9330696369349776e-05,0
21,68,0,3.603524903974018e-05,0
21,69,0,3.472237361238768e-05,0
21,70,0,3.2826679039886576e-05,0
21,71,0,3.717628193472197e-05,0
21,72,0,3.318621118951529e-05,0
21,73,0,3.362910645061707e-05,0
21,74,0,3.594013898053455e-05,0
21,75,0,3.555077244059005e-05,0
21,76,0,3.6471425836962084e-05,0
21,77,0,3.686597347289411e-05,0
21,78,0,3.776713515256265e-05,0
21,79,0,3.481308046849441e-05,0
21,80,0,2.910538924697355e-05,0
21,81,0,2.910538924697355e-05,0
21,82,0,3.069716786507085e-05,0
21,83,0,4.4170159099843616e-05,0
21,84,0,4.041073729626727e-05,0
21,85,0,4.001373674293132e-05,0
21,86,0,4.0900470608836885e-05,0
21,87,0,3.6947679397130755e-05,0
21,88,0,3.602450119646798e-05,0
21,89,0,3.9469958621641497e-05,0
21,90,0,3.896943297251223e-05,0
21,91,0,3.899735327953928e-05,0
21,92,0,3.8528167433620585e-05,0
21,93,0,3.723369204797685e-05,0
21,94,0,2.9330696369349776e-05,0
21,95,0,3.03542800968621e-05,0
21,96,0,3.0479512246954768e-05,0
21,97,0,3.25411564590521e-05,0
21,98,0,3.0047669262302003e-05,0
21,99,0,3.0047669262302003e-05,0
21,100,0,2.9330696369349776e-05,0
21,101,0,3.279783959344182e-05,0
21,102,0,2.9330696369349776e-05,0
21,103,0,3.104610023269171e-05,0
21,104,0,3.104610023269171e-05,0
21,105,0,3.104610023269171e-05,0
21,106,0,3.187324409475656e-05,0
21,107,0,3.495345883506487e-05,0
21,108,0,2.988082937812723e-05,0
21,109,0,4.21806823838353e-05,0
21,110,0,3.0611249561095404e-05,0
21,111,0,3.645981052631759e-05,0
21,112,0,3.695559412796258e-05,0
21,113,0,3.226665284475453e-05,0
21,114,0,3.591050588651461e-05,0
21,115,0,2.981685479429138e-05,0
21,116,0,3.63157531216912e-05,0
21,117,0,3.310638943459924e-05,0
21,118,0,3.80884752668035e-05,0
21,119,0,3.773702321826281e-05,0
21,120,0,3.484541323842821e-05,0
21,121,0,3.147778947765216e-05,0
21,122,0,3.3657400703563287e-05,0
21,123,0,3.224724519933794e-05,0
21,124,0,3.373001180743444e-05,0
21,125,0,3.4945769191093054e-05,0
21,126,0,3.0479512246954768e-05,0
21,127,0,3.281119657007096e-05,0
21,128,0,3.223411640642928e-05,0
21,129,0,3.2802192570258244e-05,0
21,130,0,2.910538924697355e-05,0
21,131,0,4.203628583827246e-05,0
21,132,0,3.5780451055369615e-05,0
21,133,0,3.350818950678107e-05,0
21,134,0,3.535800457975189e-05,0
21,135,0,3.65987518778795e-05,0
21,136,0,3.851182236409275e-05,0
21,137,0,3.767236721105786e-05,0
21,138,0,3.900492733648681e-05,0
21,139,0,5.272408397925523e-05,0
21,140,0,4.367937746868551e-05,0
21,141,0,4.4081428154236925e-05,0
21,142,0,5.895248998081379e-05,0
21,143,0,4.456268331645776e-05,0
21,144,0,5.564345023473365e-05,0
21,145,0,4.613449856871149e-05,0
21,146,0,5.464474410550442e-05,0
21,147,0,6.1018212922575714e-05,0
21,148,0,3.9260263356805324e-05,0
22,1,0,4.438403523335995e-05,0
22,2,0,0.0003041509846035984,0
22,3,0,4.8390285838471256e-05,0
22,4,0,5.235248656930856e-05,0
22,5,0,4.5228821073252806e-05,0
22,6,0,4.685713034877994e-05,0
22,7,0,4.7749961603554426e-05,0
22,8,0,5.4025371874610395e-05,0
22,9,0,5.095871183974892e-05,0
22,10,0,5.082547636738644e-05,0
22,11,0,4.944595513547183e-05,0
22,12,0,4.774342578941959e-05,0
22,13,0,3.373887840017226e-05,0
22,14,0,3.898900313811093e-05,0
22,15,0,3.566629277408571e-05,0
22,16,0,3.745402837736498e-05,0
22,17,0,3.456360317669395e-05,0
22,18,0,3.531674458939083e-05,0
22,19,0,3.2653851519046207e-05,0
22,20,0,3.407879442954436e-05,0
22,21,0,3.393315578488253e-05,0
22,22,0,3.133300908010567e-05,0
22,23,0,2.8944409521362384e-05,0
22,24,0,3.624822865189227e-05,0
22,25,0,3.443434414487219e-05,0
22,26,0,3.4254985058719165e-05,0
22,27,0,3.0179959777688874e-05,0
22,28,0,3.22911886140995e-05,0
22,29,0,2.9651940122769117e-05,0
22,30,0,3.364229894047084e-05,0
22,31,0,3.1252638359689495e-05,0
22,32,0,3.166972943613998e-05,0
22,33,0,3.391216781100544e-05,0
22,34,0,3.358496832424979e-05,0
22,35,0,3.354856916149538e-05,0
22,36,0,2.9330696369349776e-05,0
22,37,0,2.9819488768686444e-05,0
22,38,0,2.968788116742997e-05,0
22,39,0,3.13963457714643e-05,0
23,1,0,3.4254985058719165e-05,0
23,2,0,2.9494821796707584e-05,0
23,3,0,3.3580777715041666e-05,0
23,4,0,3.706704293376043e-05,0
23,5,0,4.003513093362429e-05,0
23,6,0,3.468033787065595e-05,0
23,7,0,3.1352562539481205e-05,0
23,8,0,3.1352562539481205e-05,0
23,9,0,3.440747788172747e-05,0
23,10,0,3.177098714045071e-05,0
23,11,0,3.2547609670222807e-05,0
23,12,0,2.9330696369349776e-05,0
23,13,0,2.981685479429138e-05,0
23,14,0,3.338387285205676e-05,0
23,15,0,3.22911886140995e-05,0
23,16,0,2.9459830369720856e-05,0
23,17,0,3.558588637940186e-05,0
23,18,0,2.910538924697355e-05,0
23,19,0,2.981685479429138e-05,0
23,20,0,2.981685479429138e-05,0
23,21,0,3.22911886140995e-05,0
23,22,0,3.1209931406000577e-05,0
23,23,0,2.9330696369349776e-05,0
23,24,0,3.173847752916639e-05,0
23,25,0,3.410823734391058e-05,0
23,26,0,3.2147504543025193e-05,0
23,27,0,4.0515049668915154e-05,0
23,28,0,3.9741306599250516e-05,0
23,29,0,3.217405269230923e-05,0
23,30,0,2.910538924697355e-05,0
23,31,0,2.8722069620670554e-05,0
23,32,0,2.910538924697355e-05,0
23,33,0,2.907184286945038e-05,0
23,34,0,3.187821190864887e-05,0
23,35,0,3.729199114624599e-05,0
23,36,0,3.599478856306223e-05,0
23,37,0,3.62810408025382e-05,0
23,38,0,3.770448960671245e-05,0
23,39,0,4.879982951901436e-05,0
23,40,0,3.924833106358076e-05,0
23,41,0,3.3926314736790395e-05,0
23,42,0,3.091653622751374e-05,0
23,43,0,3.479774810123541e-05,0
23,44,0,4.278849806627434e-05,0
23,45,0,3.2297592255944346e-05,0
23,46,0,3.1111724702463615e-05,0
23,47,0,3.5690578829344595e-05,0
23,48,0,3.405442942435198e-05,0
23,49,0,2.9523690249498077e-05,0
23,50,0,3.152068438591707e-05,0
23,51,0,3.298048180919659e-05,0
23,52,0,3.1187872652392335e-05,0
23,53,0,2.910538924697355e-05,0
23,54,0,3.755588199149124e-05,0
23,55,0,3.7327227000442894e-05,0
23,56,0,3.198003744547472e-05,0
23,57,0,3.4115001311058204e-05,0
23,58,0,3.0064288191661625e-05,0
23,59,0,3.211373207607888e-05,0
23,60,0,2.981685479429138e-05,0
23,61,0,2.8722069620670554e-05,0
23,62,0,2.8722069620670554e-05,0
23,63,0,3.109232144026674e-05,0
23,64,0,3.408057161045495e-05,0
23,65,0,3.4495597677667226e-05,0
23,66,0,3.152068438591707e-05,0
23,67,0,2.910538924697355e-05,0
23,68,0,3.0778305600051554e-05,0
23,69,0,3.572005282641697e-05,0
23,70,0,2.981685479429138e-05,0
23,71,0,3.0372954239753224e-05,0
23,72,0,3.0778305600051554e-05,0
23,73,0,3.07907408989991e-05,0
23,74,0,3.307444379588993e-05,0
23,75,0,3.0047669262302003e-05,0
23,76,0,3.4676348445930134e-05,0
23,77,0,2.9330696369349776e-05,0
23,78,0,3.5409518089035214e-05,0
23,79,0,3.0047669262302003e-05,0
23,80,0,3.754720390524111e-05,0
23,81,0,3.219757039905436e-05,0
23,82,0,3.0047669262302003e-05,0
23,83,0,4.0963722137848855e-05,0
23,84,0,3.8061522035995195e-05,0
23,85,0,3.501579886672147e-05,0
23,86,0,4.2752285404836374e-05,0
23,87,0,3.894618522273731e-05,0
23,88,0,3.6705503910339835e-05,0
23,89,0,4.54348169833221e-05,0
23,90,0,4.0798667587960835e-05,0
23,91,0,4.6120346333724346e-05,0
23,92,0,3.572122939749678e-05,0
23,93,0,2.988082937812723e-05,0
23,94,0,3.340813093614242e-05,0
23,95,0,3.647794674300059e-05,0
23,96,0,3.9065093202215164e-05,0
23,97,0,3.261097607190394e-05,0
23,98,0,3.766872007196043e-05,0
23,99,0,3.589223450544764e-05,0
23,100,0,3.4837215171516535e-05,0
23,101,0,3.4837215171516535e-05,0
23,102,0,3.226665284475453e-05,0
23,103,0,3.713429057329903e-05,0
23,104,0,2.9330696369349776e-05,0
23,105,0,3.149082408728606e-05,0
23,106,0,3.5166993294118345e-05,0
23,107,0,3.25411564590521e-05,0
23,108,0,3.209892584524056e-05,0
23,109,0,3.6149843955233487e-05,0
23,110,0,3.134634626275282e-05,0
23,111,0,4.2316934620162675e-05,0
23,112,0,3.6224613923184354e-05,0
23,113,0,3.549441572730087e-05,0
23,114,0,3.133300908010567e-05,0
23,115,0,2.9296890314270586e-05,0
23,116,0,3.393315578488253e-05,0
23,117,0,3.476126415789997e-05,0
23,118,0,2.9330696369349776e-05,0
23,119,0,3.04135849826172e-05,0
23,120,0,3.6229919794030344e-05,0
23,121,0,2.968788116742997e-05,0
23,122,0,2.9330696369349776e-05,0
23,123,0,3.093566636035267e-05,0
23,124,0,3.89197634824252e-05,0
23,125,0,4.937467488675945e-05,0
23,126,0,3.133300908010567e-05,0
23,127,0,3.2549737359189226e-05,0
23,128,0,3.159000052205769e-05,0
23,129,0,2.981685479429138e-05,0
23,130,0,2.981685479429138e-05,0
24,1,0,3.4254985058719165e-05,0
24,2,0,3.104610023269171e-05,0
24,3,0,3.0072510858598834e-05,0
24,4,0,3.89844817501039e-05,0
24,5,0,3.400627322437912e-05,0
24,6,0,3.0305304319046496e-05,0
24,7,0,3.279308922899637e-05,0
24,8,0,2.9330696369349776e-05,0
24,9,0,3.197369676319155e-05,0
24,10,0,2.9523690249498077e-05,0
24,11,0,3.1950241757257636e-05,0
24,12,0,2.910538924697355e-05,0
24,13,0,3.109232144026674e-05,0
24,14,0,2.910538924697355e-05,0
24,15,0,3.63885548131715e-05,0
24,16,0,3.491890112363124e-05,0
24,17,0,2.981685479429138e-05,0
24,18,0,3.07907408989991e-05,0
24,19,0,2.981685479429138e-05,0
24,20,0,3.403743699569968e-05,0
24,21,0,3.0479512246954768e-05,0
24,22,0,3.133300908010567e-05,0
24,23,0,3.247130982083841e-05,0
24,24,0,3.025488538559305e-05,0
24,25,0,3.134634626275282e-05,0
24,26,0,3.714337809737521e-05,0
24,27,0,3.476262937968872e-05,0
24,28,0,3.476262937968872e-05,0
24,29,0,2.8944409521362384e-05,0
24,30,0,3.134634626275282e-05,0
24,31,0,3.246845806420509e-05,0
24,32,0,3.18611204187831e-05,0
24,33,0,3.182254846884254e-05,0
24,34,0,3.7634646874850126e-05,0
24,35,0,3.263994613001356e-05,0
24,36,0,3.224724519933794e-05,0
24,37,0,3.5344156325535035e-05,0
24,38,0,4.2150081714439754e-05,0
24,39,0,3.538150149523889e-05,0
24,40,0,3.1890826300853764e-05,0
24,41,0,3.231643422282483e-05,0
24,42,0,3.270997769694779e-05,0
24,43,0,4.3350525428686545e-05,0
24,44,0,3.310638943459924e-05,0
24,45,0,3.373001180743444e-05,0
24,46,0,3.147778947765216e-05,0
24,47,0,3.6529064753555554e-05,0
24,48,0,3.134634626275282e-05,0
24,49,0,3.0935439819850646e-05,0
24,50,0,3.985260692746524e-05,0
24,51,0,3.476262937968872e-05,0
24,52,0,3.134634626275282e-05,0
24,53,0,2.8944409521362384e-05,0
24,54,0,3.0047669262302003e-05,0
24,55,0,3.1795794827781794e-05,0
24,56,0,3.348494123191288e-05,0
24,57,0,3.484641988266854e-05,0
24,58,0,3.322226362301962e-05,0
24,59,0,3.17343685375505e-05,0
24,60,0,3.367917308948947e-05,0
24,61,0,3.367917308948947e-05,0
24,62,0,3.367917308948947e-05,0
24,63,0,4.0626480409324796e-05,0
24,64,0,3.573837405049858e-05,0
24,65,0,3.1526935234452994e-05,0
24,66,0,3.1526935234452994e-05,0
24,67,0,3.1872232475049535e-05,0
24,68,0,3.872422684487214e-05,0
24,69,0,3.369350890471255e-05,0
24,70,0,3.0859122090390393e-05,0
24,71,0,3.2547609670222807e-05,0
24,72,0,3.931596828569068e-05,0
24,73,0,3.701568909408973e-05,0
24,74,0,3.373750197505512e-05,0
24,75,0,3.375943713331505e-05,0
24,76,0,3.6235226491419737e-05,0
24,77,0,3.462658421801195e-05,0
24,78,0,3.683795693369877e-05,0
24,79,0,3.3933815146490186e-05,0
24,80,0,4.2162534091534115e-05,0
24,81,0,4.107573930548976e-05,0
24,82,0,3.7804698794525546e-05,0
24,83,0,5.9383128080887724e-05,0
24,84,0,3.258667999928798e-05,0
24,85,0,3.760753423018909e-05,0
24,86,0,3.68766974574145e-05,0
24,87,0,4.5376769911748295e-05,0
24,88,0,3.182375412081976e-05,0
24,89,0,5.552300006646583e-05,0
24,90,0,4.0252610152397025e-05,0
24,91,0,3.127183840380409e-05,0
24,92,0,3.3381637761458205e-05,0
24,93,0,3.2124982981196683e-05,0
24,94,0,3.50466716663008e-05,0
24,95,0,3.366947497063358e-05,0
24,96,0,3.3192437125699085e-05,0
24,97,0,3.251540416270424e-05,0
24,98,0,3.2112618388747754e-05,0
24,99,0,2.9676454563848115e-05,0
24,100,0,3.2219212022967404e-05,0
24,101,0,3.082461083702164e-05,0
24,102,0,2.9896269498067434e-05,0
24,103,0,2.910538924697355e-05,0
24,104,0,3.2147504543025193e-05,0
24,105,0,3.396901993472146e-05,0
24,106,0,3.187821190864887e-05,0
24,107,0,3.236232626478972e-05,0
24,108,0,3.234347742771605e-05,0
24,109,0,3.2423113811129816e-05,0
24,110,0,4.169091321343078e-05,0
24,111,0,3.380017271047596e-05,0
24,112,0,3.564970285703991e-05,0
24,113,0,3.123598972746401e-05,0
24,114,0,3.082461083702164e-05,0
24,115,0,2.9211399802712934e-05,0
24,116,0,3.586998528307385e-05,0
24,117,0,4.0059805935366814e-05,0
24,118,0,3.4115001311058204e-05,0
24,119,0,3.367917308948947e-05,0
24,120,0,4.89388398848257e-05,0
24,121,0,3.5813070674263565e-05,0
24,122,0,5.448236021175453e-05,0
24,123,0,3.4304619234843925e-05,0
24,124,0,4.952972993901224e-05,0
24,125,0,4.3436887717533185e-05,0
24,126,0,3.201659057328324e-05,0
24,127,0,4.1739655852090133e-05,0
24,128,0,4.67836439262462e-05,0
24,129,0,4.0130371869695726e-05,0
24,130,0,5.917859413622507e-05,0
24,131,0,3.8748880023926095e-05,0
24,132,0,4.271874410796168e-05,0
24,133,0,4.8044335595779244e-05,0
24,134,0,4.039250398415565e-05,0
24,135,0,3.7776031305314195e-05,0
24,136,0,4.3616769276991254e-05,0
24,137,0,6.599048756154299e-05,0
24,138,0,4.590984496651924e-05,0
24,139,0,6.950715092615e-05,0
24,140,0,6.505487490356406e-05,0
24,141,0,4.8147406309735164e-05,0
24,142,0,4.6332414645739927e-05,0
24,143,0,5.1534183550390495e-05,0
24,144,0,5.713617954528933e-05,0
24,145,0,6.286942238197487e-05,0
24,146,0,8.40510612680468e-05,0
24,147,0,3.272474131948952e-05,0
24,148,0,4.5765226979923483e-05,0
24,149,0,5.936980170222589e-05,0
24,150,0,7.191616046694161e-05,0
24,151,0,5.952292624847018e-05,0
24,152,0,5.093781543127486e-05,0
24,153,0,7.31593379438268e-05,0
24,154,0,5.640609169631235e-05,0
24,155,0,5.788306254660882e-05,0
24,156,0,6.849835232622433e-05,0
24,157,0,5.4159658135441044e-05,0
24,158,0,6.557682817055267e-05,0
24,159,0,5.139015989742696e-05,0
24,160,0,7.257839720651233e-05,0
24,161,0,0.00010040552283130391,0
24,162,0,0.00019119357375152986,0
24,163,0,0.00018205274168898484,0
24,164,0,0.0002909757640000946,0
24,165,0,0.0002520506462741965,0
24,166,0,0.00033197422021921555,0
24,167,0,0.00031393117381465965,0
24,168,0,0.00030021744768095175,0
24,169,0,0.00043532324208390706,0
24,170,0,0.004557404711851298,0
24,171,0,0.00960763094589536,0
24,172,0,0.023696184675564717,0
24,173,0,0.04568518899023968,0
24,174,0,0.669288411749166,1
24,175,0,0.8007744829534026,1
24,176,1,0.16602443159889552,0
24,177,1,0.7765515119361386,1
24,178,1,0.7965073607681624,1
24,179,1,0.9583161895049871,1
24,180,1,0.9726940157463675,1
24,181,1,0.9949332997800402,1
24,182,1,0.9967032669445895,1
24,183,1,0.9949542134873184,1
24,184,1,0.9958850820135293,1
24,185,1,0.9948919356711967,1
24,186,1,0.9930726017743119,1
25,1,0,5.6554050431708486e-05,0
25,2,0,4.107650546584719e-05,0
25,3,0,4.3736101399045914e-05,0
25,4,0,4.384055496031609e-05,0
25,5,0,3.452256665830229e-05,0
25,6,0,3.6064588149629665e-05,0
25,7,0,3.310638943459924e-05,0
25,8,0,3.492325646619311e-05,0
25,9,0,3.224724519933794e-05,0
25,10,0,3.6529064753555554e-05,0
25,11,0,3.320024408447393e-05,0
25,12,0,3.6529064753555554e-05,0
25,13,0,3.147778947765216e-05,0
25,14,0,3.271069930022856e-05,0
25,15,0,3.455451985339565e-05,0
25,16,0,3.44486544995393e-05,0
25,17,0,3.44486544995393e-05,0
25,18,0,3.8332635500200374e-05,0
25,19,0,3.9186803759437405e-05,0
25,20,0,3.224724519933794e-05,0
25,21,0,2.910538924697355e-05,0
25,22,0,3.123598972746401e-05,0
25,23,0,2.981685479429138e-05,0
25,24,0,3.186005356876863e-05,0
25,25,0,2.8722069620670554e-05,0
25,26,0,3.0179959777688874e-05,0
25,27,0,3.1105556175199714e-05,0
25,28,0,2.910538924697355e-05,0
25,29,0,3.22911886140995e-05,0
25,30,0,2.910538924697355e-05,0
25,31,0,2.910538924697355e-05,0
25,32,0,3.1105556175199714e-05,0
25,33,0,2.8722069620670554e-05,0
25,34,0,2.942416540211247e-05,0
25,35,0,3.467621638181247e-05,0
25,36,0,3.1111724702463615e-05,0
25,37,0,3.2297592255944346e-05,0
25,38,0,3.177098714045071e-05,0
25,39,0,3.3954331818600564e-05,0
25,40,0,3.600370116539038e-05,0
25,41,0,3.29439682628336e-05,0
25,42,0,3.323831159912391e-05,0
25,43,0,3.0184947179417843e-05,0
25,44,0,3.1323110863350406e-05,0
25,45,0,3.602968308422884e-05,0
25,46,0,3.228734267650513e-05,0
25,47,0,3.219757039905436e-05,0
25,48,0,2.9296890314270586e-05,0
26,1,0,4.9166997222233734e-05,0
26,2,0,3.254118620259733e-05,0
26,3,0,3.6253104526196204e-05,0
26,4,0,3.219757039905436e-05,0
26,5,0,3.4089950267608686e-05,0
26,6,0,2.8944409521362384e-05,0
26,7,0,4.0692928491732104e-05,0
26,8,0,3.4784323029567096e-05,0
26,9,0,3.237660671821149e-05,0
26,10,0,3.177098714045071e-05,0
26,11,0,3.2547609670222807e-05,0
26,12,0,3.177098714045071e-05,0
26,13,0,3.177098714045071e-05,0
26,14,0,3.3055391221811424e-05,0
26,15,0,3.4345594295725e-05,0
26,16,0,3.247130982083841e-05,0
26,17,0,2.968788116742997e-05,0
26,18,0,3.209892584524056e-05,0
26,19,0,3.617189707750641e-05,0
26,20,0,2.9296890314270586e-05,0
26,21,0,3.145707982517852e-05,0
26,22,0,3.393315578488253e-05,0
26,23,0,2.9330696369349776e-05,0
26,24,0,2.9296890314270586e-05,0
26,25,0,3.25411564590521e-05,0
26,26,0,3.412580192642968e-05,0
26,27,0,3.283955675278253e-05,0
26,28,0,3.6233375677761445e-05,0
26,29,0,3.173847752916639e-05,0
26,30,0,3.173847752916639e-05,0
26,31,0,3.3502840976612e-05,0
26,32,0,2.9330696369349776e-05,0
26,33,0,3.132048106708375e-05,0
26,34,0,3.319501061515734e-05,0
26,35,0,3.2124982981196683e-05,0
26,36,0,3.132048106708375e-05,0
26,37,0,3.6718742776903654e-05,0
26,38,0,3.1494675341022085e-05,0
26,39,0,3.240705952254588e-05,0
26,40,0,4.0692928491732104e-05,0
26,41,0,3.4379086903770425e-05,0
26,42,0,3.215788847592916e-05,0
26,43,0,3.177098714045071e-05,0
26,44,0,3.4075681136476765e-05,0
26,45,0,3.1105556175199714e-05,0
26,46,0,3.450243845916743e-05,0
26,47,0,3.414317420898711e-05,0
26,48,0,3.0179959777688874e-05,0
26,49,0,3.248399219310602e-05,0
26,50,0,3.2576397862473545e-05,0
26,51,0,3.0047669262302003e-05,0
26,52,0,3.2547609670222807e-05,0
26,53,0,2.9330696369349776e-05,0
26,54,0,3.2547609670222807e-05,0
26,55,0,2.9330696369349776e-05,0
26,56,0,3.209892584524056e-05,0
26,57,0,2.9330696369349776e-05,0
26,58,0,2.870940329017633e-05,0
26,59,0,3.552248919214899e-05,0
26,60,0,3.0887160091379644e-05,0
26,61,0,3.364229894047084e-05,0
26,62,0,3.209892584524056e-05,0
26,63,0,3.1764687905256564e-05,0
26,64,0,2.9092553878806208e-05,0
26,65,0,3.001303686142706e-05,0
26,66,0,2.9459830369720856e-05,0
26,67,0,2.8722069620670554e-05,0
26,68,0,2.9651940122769117e-05,0
26,69,0,2.8722069620670554e-05,0
26,70,0,2.9782488418079974e-05,0
26,71,0,3.526240555249577e-05,0
26,72,0,3.252336108784402e-05,0
26,73,0,3.152068438591707e-05,0
26,74,0,3.1429299936999865e-05,0
26,75,0,3.146972241459448e-05,0
26,76,0,2.910538924697355e-05,0
27,1,0,3.133300908010567e-05,0
27,2,0,4.09842184077961e-05,0
27,3,0,3.237414823936113e-05,0
27,4,0,4.6817246042014124e-05,0
27,5,0,4.3085026760059824e-05,0
27,6,0,4.0992345887311146e-05,0
27,7,0,4.2554811316626795e-05,0
27,8,0,4.6086148105103694e-05,0
27,9,0,5.08172175640756e-05,0
27,10,0,4.222792592191886e-05,0
27,11,0,3.686597347289411e-05,0
27,12,0,3.3370781698017785e-05,0
27,13,0,3.4470152219867794e-05,0
27,14,0,3.29439682628336e-05,0
27,15,0,3.2547609670222807e-05,0
27,16,0,3.29439682628336e-05,0
27,17,0,3.2547609670222807e-05,0
27,18,0,3.349322095468296e-05,0
27,19,0,3.2297592255944346e-05,0
27,20,0,3.6891747368736156e-05,0
27,21,0,2.8722069620670554e-05,0
27,22,0,3.152068438591707e-05,0
27,23,0,3.152068438591707e-05,0
27,24,0,3.1494675341022085e-05,0
27,25,0,2.910538924697355e-05,0
27,26,0,2.910538924697355e-05,0
27,27,0,2.981685479429138e-05,0
27,28,0,3.093566636035267e-05,0
27,29,0,3.279783959344182e-05,0
27,30,0,3.25411564590521e-05,0
27,31,0,3.173847752916639e-05,0
27,32,0,3.22911886140995e-05,0
27,33,0,2.981685479429138e-05,0
27,34,0,3.152068438591707e-05,0
27,35,0,2.981685479429138e-05,0
27,36,0,2.910538924697355e-05,0
27,37,0,3.225622650261554e-05,0
27,38,0,4.075751612093983e-05,0
27,39,0,3.142417430391337e-05,0
27,40,0,5.258778268715417e-05,0
27,41,0,3.104610023269171e-05,0
27,42,0,3.104610023269171e-05,0
27,43,0,3.3914921562909664e-05,0
27,44,0,3.200120593239624e-05,0
27,45,0,3.2820170499477114e-05,0
27,46,0,3.370348114259716e-05,0
27,47,0,3.0072510858598834e-05,0
27,48,0,3.0807616443930635e-05,0
27,49,0,3.6417873192187014e-05,0
27,50,0,3.0072510858598834e-05,0
27,51,0,3.212546324198166e-05,0
27,52,0,3.3311531144527415e-05,0
27,53,0,3.22911886140995e-05,0
27,54,0,3.0047669262302003e-05,0
27,55,0,3.4787622144200955e-05,0
27,56,0,2.968788116742997e-05,0
27,57,0,3.25411564590521e-05,0
27,58,0,2.9330696369349776e-05,0
27,59,0,2.9752235376707344e-05,0
27,60,0,3.0479512246954768e-05,0
27,61,0,3.185235492665295e-05,0
27,62,0,2.981685479429138e-05,0
27,63,0,3.0245380630013906e-05,0
27,64,0,3.748057365523859e-05,0
27,65,0,3.110842026450995e-05,0
27,66,0,3.0984028259679576e-05,0
27,67,0,3.830291058122435e-05,0
27,68,0,3.109232144026674e-05,0
27,69,0,3.8968699502272115e-05,0
27,70,0,3.011455345866628e-05,0
27,71,0,3.8328996302394815e-05,0
27,72,0,3.3357178244236996e-05,0
27,73,0,3.6617598798314825e-05,0
27,74,0,3.158236117405212e-05,0
27,75,0,3.347198466810822e-05,0
27,76,0,3.797703429644818e-05,0
27,77,0,3.386690907693602e-05,0
27,78,0,3.158236117405212e-05,0
27,79,0,3.373838264394673e-05,0
27,80,0,3.44964636915874e-05,0
27,81,0,3.1853154583928985e-05,0
27,82,0,3.821630889149049e-05,0
27,83,0,2.9330696369349776e-05,0
27,84,0,3.0047669262302003e-05,0
27,85,0,2.9330696369349776e-05,0
27,86,0,3.0288703918220634e-05,0
27,87,0,3.465484959326916e-05,0
27,88,0,3.486945958698286e-05,0
27,89,0,2.9330696369349776e-05,0
27,90,0,3.1764687905256564e-05,0
27,91,0,3.5864757190695155e-05,0
27,92,0,2.9330696369349776e-05,0
27,93,0,3.240705952254588e-05,0
27,94,0,3.922829939350405e-05,0
27,95,0,3.1714576967134234e-05,0
27,96,0,3.508139972133261e-05,0
27,97,0,3.209892584524056e-05,0
27,98,0,4.225347032376633e-05,0
27,99,0,3.8363409941916796e-05,0
27,100,0,3.001303686142706e-05,0
27,101,0,3.04135849826172e-05,0
27,102,0,3.0047669262302003e-05,0
27,103,0,2.9330696369349776e-05,0
27,104,0,3.2041010528892374e-05,0
27,105,0,3.476977097383511e-05,0
27,106,0,3.0047669262302003e-05,0
27,107,0,3.709417555642871e-05,0
27,108,0,3.067050549439202e-05,0
27,109,0,3.839349824109366e-05,0
27,110,0,3.476262937968872e-05,0
27,111,0,3.10165624986767e-05,0
27,112,0,5.594748788642594e-05,0
27,113,0,3.102909405710851e-05,0
27,114,0,3.27893488659935e-05,0
27,115,0,4.78584947971469e-05,0
27,116,0,3.4752722308815673e-05,0
27,117,0,3.355841084436136e-05,0
27,118,0,3.818484156602863e-05,0
27,119,0,3.929570822063539e-05,0
27,120,0,4.2441421552613626e-05,0
27,121,0,4.631868716987067e-05,0
27,122,0,3.762178905581529e-05,0
27,123,0,3.109232144026674e-05,0
27,124,0,4.8269176478329815e-05,0
27,125,0,3.7721980880928076e-05,0
27,126,0,4.710825121886519e-05,0
27,127,0,4.3485928944435874e-05,0
27,128,0,4.095971909926998e-05,0
27,129,0,6.73555700691683e-05,0
27,130,0,3.279308922899637e-05,0
27,131,0,4.117266914366387e-05,0
27,132,0,4.690233943861002e-05,0
27,133,0,4.131507204791429e-05,0
27,134,0,4.0568921322997855e-05,0
27,135,0,5.82618173670967e-05,0
27,136,0,4.13352245353761e-05,0
27,137,0,3.22911886140995e-05,0
27,138,0,2.981685479429138e-05,0
27,139,0,3.339919024978917e-05,0
27,140,0,5.069604329858982e-05,0
28,1,0,5.6435955713066254e-05,0
28,2,0,4.654889010466785e-05,0
28,3,0,4.4069119468690455e-05,0
28,4,0,4.4069119468690455e-05,0
28,5,0,4.599614669697515e-05,0
28,6,0,4.032150608666047e-05,0
28,7,0,4.5586335039513115e-05,0
28,8,0,3.476521992748363e-05,0
28,9,0,3.247363856317787e-05,0
28,10,0,3.0479512246954768e-05,0
28,11,0,3.27504449521388e-05,0
28,12,0,2.9330696369349776e-05,0
28,13,0,3.1417238863107036e-05,0
28,14,0,3.271069930022856e-05,0
28,15,0,3.7421991254908335e-05,0
28,16,0,3.147778947765216e-05,0
28,17,0,3.263994613001356e-05,0
28,18,0,3.403483450330073e-05,0
28,19,0,2.981685479429138e-05,0
28,20,0,3.740550310521727e-05,0
28,21,0,3.185235492665295e-05,0
28,22,0,4.7867467678662596e-05,0
28,23,0,3.764603755216324e-05,0
28,24,0,3.66159892699739e-05,0
28,25,0,3.7906424823425156e-05,0
28,26,0,3.787742015756141e-05,0
28,27,0,3.4439995927242016e-05,0
28,28,0,2.981685479429138e-05,0
28,29,0,2.981685479429138e-05,0
28,30,0,3.169187062693211e-05,0
28,31,0,2.9330696369349776e-05,0
28,32,0,3.186763519032836e-05,0
28,33,0,2.99061822158434e-05,0
28,34,0,2.99061822158434e-05,0
28,35,0,3.2695103067285065e-05,0
28,36,0,4.176941087673744e-05,0
28,37,0,3.539321275262304e-05,0
28,38,0,3.660758941048187e-05,0
28,39,0,3.238680219187101e-05,0
28,40,0,3.139427687574466e-05,0
28,41,0,2.981685479429138e-05,0
28,42,0,2.942416540211247e-05,0
28,43,0,3.0179959777688874e-05,0
28,44,0,3.1865913166577586e-05,0
28,45,0,2.910538924697355e-05,0
28,46,0,3.324548611041043e-05,0
28,47,0,4.00708968463188e-05,0
28,48,0,2.942416540211247e-05,0
28,49,0,3.5622296692823994e-05,0
28,50,0,3.22911886140995e-05,0
28,51,0,3.09795466654041e-05,0
28,52,0,3.10165624986767e-05,0
28,53,0,3.25411564590521e-05,0
28,54,0,3.04135849826172e-05,0
28,55,0,3.25411564590521e-05,0
28,56,0,3.001303686142706e-05,0
28,57,0,2.9330696369349776e-05,0
28,58,0,2.9330696369349776e-05,0
28,59,0,3.0047669262302003e-05,0
28,60,0,2.9330696369349776e-05,0
28,61,0,3.098081340355574e-05,0
28,62,0,2.9330696369349776e-05,0
28,63,0,3.214034131183118e-05,0
28,64,0,3.808526739231372e-05,0
28,65,0,3.907324903656739e-05,0
28,66,0,3.2901566753986145e-05,0
28,67,0,3.8274303650379926e-05,0
28,68,0,3.524585540988925e-05,0
28,69,0,3.283955675278253e-05,0
28,70,0,2.8944409521362384e-05,0
28,71,0,3.524585540988925e-05,0
28,72,0,2.9330696369349776e-05,0
28,73,0,3.070105981620812e-05,0
28,74,0,3.364229894047084e-05,0
28,75,0,2.9330696369349776e-05,0
28,76,0,4.068441252612825e-05,0
28,77,0,3.656061666901618e-05,0
28,78,0,3.513620487427732e-05,0
28,79,0,3.244387686299201e-05,0
28,80,0,3.5858502869418674e-05,0
28,81,0,3.343890355270349e-05,0
28,82,0,3.628382671311523e-05,0
28,83,0,3.3133960077707394e-05,0
28,84,0,2.9332299984886266e-05,0
28,85,0,2.9651940122769117e-05,0
28,86,0,3.039339545922015e-05,0
28,87,0,3.8583204592805594e-05,0
28,88,0,3.440747788172747e-05,0
28,89,0,3.0047669262302003e-05,0
28,90,0,3.4303458893678035e-05,0
28,91,0,3.4209982269454195e-05,0
28,92,0,3.6859150809576335e-05,0
28,93,0,4.096512545014848e-05,0
28,94,0,3.947334193850987e-05,0
28,95,0,4.456498334882392e-05,0
28,96,0,5.734805221624652e-05,0
28,97,0,4.536886694537945e-05,0
28,98,0,3.761278886246082e-05,0
28,99,0,4.124360022921912e-05,0
28,100,0,4.862637560196735e-05,0
28,101,0,5.082910202048768e-05,0
28,102,0,4.5213360782658295e-05,0
28,103,0,4.4552504000760536e-05,0
28,104,0,4.981536926913613e-05,0
28,105,0,4.178551919758228e-05,0
28,106,0,5.2902040965560746e-05,0
28,107,0,3.33128138898606e-05,0
28,108,0,4.23639269326253e-05,0
28,109,0,6.236211194010078e-05,0
28,110,0,5.641880452736606e-05,0
28,111,0,3.5225747061652105e-05,0
28,112,0,4.3135519140199836e-05,0
28,113,0,4.007357349352246e-05,0
28,114,0,3.929151849271456e-05,0
28,115,0,3.576963252662992e-05,0
28,116,0,4.8498964416602184e-05,0
28,117,0,4.141866052952418e-05,0
28,118,0,3.411239767103333e-05,0
28,119,0,3.2257990062333935e-05,0
28,120,0,3.465499093811836e-05,0
28,121,0,3.287970452020467e-05,0
28,122,0,3.15781005020289e-05,0
28,123,0,3.466186332761336e-05,0
28,124,0,5.247972697717804e-05,0
28,125,0,4.161697758323322e-05,0
28,126,0,3.892646852420951e-05,0
28,127,0,5.6807075687909885e-05,0
28,128,0,6.893202838259915e-05,0
28,129,0,7.660264137774259e-05,0
28,130,0,7.347066904621075e-05,0
28,131,0,4.741547499041637e-05,0
28,132,0,6.607857359681204e-05,0
28,133,0,5.479125405103178e-05,0
28,134,0,7.588650731946569e-05,0
28,135,0,3.5737012165056824e-05,0
28,136,0,6.340935971487483e-05,0
28,137,0,3.729496877932419e-05,0
28,138,0,3.414483372109544e-05,0
28,139,0,3.557461961615718e-05,0
28,140,0,3.796358763575882e-05,0
28,141,0,3.6885285715313506e-05,0
28,142,0,4.3912244301118434e-05,0
28,143,0,4.7976477455937704e-05,0
28,144,0,3.731141130630827e-05,0
28,145,0,4.4083616805483314e-05,0
28,146,0,4.624889200353829e-05,0
28,147,0,4.97402081646626e-05,0
28,148,0,6.148514374410947e-05,0
28,149,0,5.175425473163481e-05,0
28,150,0,4.5639785298659184e-05,0
28,151,0,4.812848060121824e-05,0
28,152,0,6.271567688551908e-05,0
28,153,0,4.116197022885553e-05,0
28,154,0,3.545538458023334e-05,0
28,155,0,3.930872864806002e-05,0
28,156,0,3.211835883298965e-05,0
28,157,0,3.294110255430395e-05,0
28,158,0,3.1622219588294654e-05,0
29,1,0,3.133300908010567e-05,0
29,2,0,3.1429299936999865e-05,0
29,3,0,3.40441869229859e-05,0
29,4,0,3.668770346020238e-05,0
29,5,0,3.1352562539481205e-05,0
29,6,0,3.5980134436050546e-05,0
29,7,0,3.177098714045071e-05,0
29,8,0,3.641978616665571e-05,0
29,9,0,3.25411564590521e-05,0
29,10,0,2.8944409521362384e-05,0
29,11,0,3.1625125003185784e-05,0
29,12,0,2.9651940122769117e-05,0
29,13,0,4.0955815599437864e-05,0
29,14,0,3.2547609670222807e-05,0
29,15,0,3.4784323029567096e-05,0
29,16,0,3.641978616665571e-05,0
29,17,0,3.177098714045071e-05,0
29,18,0,3.177098714045071e-05,0
29,19,0,3.451712469192591e-05,0
29,20,0,3.573837405049858e-05,0
29,21,0,3.1526935234452994e-05,0
29,22,0,3.568299529973439e-05,0
29,23,0,2.8722069620670554e-05,0
29,24,0,3.22911886140995e-05,0
29,25,0,3.2568059452669774e-05,0
29,26,0,3.0807616443930635e-05,0
29,27,0,4.3943587207094055e-05,0
29,28,0,4.6024377289907844e-05,0
29,29,0,3.450243845916743e-05,0
29,30,0,3.701026543075271e-05,0
29,31,0,3.366570703111013e-05,0
29,32,0,3.177098714045071e-05,0
29,33,0,3.4379086903770425e-05,0
29,34,0,3.4115001311058204e-05,0
29,35,0,3.1940616904678995e-05,0
29,36,0,3.888804827172923e-05,0
29,37,0,3.335952499756889e-05,0
29,38,0,3.0828769847662144e-05,0
29,39,0,3.612783455894694e-05,0
29,40,0,2.880381490498514e-05,0
29,41,0,3.641201521737863e-05,0
29,42,0,3.0828769847662144e-05,0
29,43,0,3.292018000675247e-05,0
29,44,0,3.610436059254808e-05,0
29,45,0,3.612783455894694e-05,0
29,46,0,4.314130492025467e-05,0
29,47,0,3.539231976072319e-05,0
29,48,0,3.210697697976855e-05,0
29,49,0,3.455578848032262e-05,0
29,50,0,3.4881695492614204e-05,0
29,51,0,3.124133250252087e-05,0
29,52,0,3.1872232475049535e-05,0
29,53,0,3.0064288191661625e-05,0
29,54,0,3.177098714045071e-05,0
29,55,0,4.0672408222335214e-05,0
29,56,0,3.4379086903770425e-05,0
29,57,0,3.72320007238755e-05,0
29,58,0,3.4379086903770425e-05,0
29,59,0,3.4379086903770425e-05,0
29,60,0,3.600370116539038e-05,0
29,61,0,3.4928372874752344e-05,0
29,62,0,3.5248545558401086e-05,0
29,63,0,3.289342262301022e-05,0
29,64,0,2.942416540211247e-05,0
29,65,0,3.1865913166577586e-05,0
29,66,0,3.186681971858019e-05,0
29,67,0,3.760938868847264e-05,0
29,68,0,3.210668408107588e-05,0
29,69,0,3.2931379842099174e-05,0
29,70,0,3.437227057828176e-05,0
29,71,0,2.8944409521362384e-05,0
29,72,0,3.103711088791991e-05,0
29,73,0,3.437227057828176e-05,0
29,74,0,2.968788116742997e-05,0
29,75,0,3.132048106708375e-05,0
29,76,0,3.6668407025870014e-05,0
29,77,0,3.500185427308673e-05,0
29,78,0,3.463338089833179e-05,0
29,79,0,3.3568782062527e-05,0
29,80,0,3.1079889659437494e-05,0
29,81,0,3.596686059209714e-05,0
29,82,0,3.132048106708375e-05,0
29,83,0,3.1494675341022085e-05,0
29,84,0,3.1494675341022085e-05,0
29,85,0,3.6456294017933804e-05,0
29,86,0,3.1079889659437494e-05,0
29,87,0,3.501496320328464e-05,0
29,88,0,2.983039525244099e-05,0
29,89,0,3.25411564590521e-05,0
29,90,0,2.8944409521362384e-05,0
29,91,0,3.6515143615062414e-05,0
29,92,0,2.8944409521362384e-05,0
29,93,0,2.9330696369349776e-05,0
29,94,0,3.0047669262302003e-05,0
29,95,0,2.981685479429138e-05,0
29,96,0,3.7144632935667347e-05,0
29,97,0,4.7377834149432636e-05,0
29,98,0,3.4123745963428464e-05,0
29,99,0,3.185235492665295e-05,0
29,100,0,2.8722069620670554e-05,0
29,101,0,3.19735532448686e-05,0
29,102,0,3.22911886140995e-05,0
29,103,0,3.0807616443930635e-05,0
29,104,0,3.0807616443930635e-05,0
29,105,0,3.063722211578011e-05,0
29,106,0,2.9760916022437322e-05,0
29,107,0,3.104610023269171e-05,0
29,108,0,3.104610023269171e-05,0
29,109,0,3.389290314385436e-05,0
29,110,0,3.405080076482975e-05,0
29,111,0,3.1950310249337015e-05,0
29,112,0,3.104610023269171e-05,0
29,113,0,3.362243881840247e-05,0
29,114,0,2.8944409521362384e-05,0
29,115,0,2.9760916022437322e-05,0
29,116,0,3.2820170499477114e-05,0
29,117,0,2.9330696369349776e-05,0
29,118,0,2.880381490498514e-05,0
29,119,0,3.393148623342868e-05,0
29,120,0,3.293862515103451e-05,0
29,121,0,3.2968145826152017e-05,0
29,122,0,4.4539167495421716e-05,0
29,123,0,3.6159075979943146e-05,0
29,124,0,3.480846961257966e-05,0
29,125,0,3.2154934868995074e-05,0
29,126,0,3.216779664802078e-05,0
29,127,0,3.482328610535553e-05,0
29,128,0,2.9715560878743744e-05,0
29,129,0,3.082235215305153e-05,0
29,130,0,3.456961055303978e-05,0
29,131,0,2.9846389268149814e-05,0
29,132,0,3.236047191861862e-05,0
29,133,0,7.200362991404877e-05,0
29,134,0,3.3627953141295506e-05,0
29,135,0,3.397499632323944e-05,0
29,136,0,3.105119203056303e-05,0
29,137,0,3.872816168599193e-05,0
29,138,0,3.4419667965125e-05,0
29,139,0,3.972303966390361e-05,0
29,140,0,3.1492031847841675e-05,0
29,141,0,3.636888421814002e-05,0
29,142,0,3.44282529686622e-05,0
29,143,0,3.1966965530057726e-05,0
29,144,0,4.651905478630362e-05,0
29,145,0,4.006421509712687e-05,0
29,146,0,4.02919528337756e-05,0
29,147,0,5.1085175860901284e-05,0
29,148,0,5.159243074915367e-05,0
29,149,0,3.476521992748363e-05,0
29,150,0,3.393568452152831e-05,0
29,151,0,3.429781767351876e-05,0
29,152,0,4.6345834776612524e-05,0
29,153,0,3.68729858912287e-05,0
29,154,0,3.6307223969399027e-05,0
29,155,0,3.89697627882196e-05,0
29,156,0,4.157057130048759e-05,0
29,157,0,3.7698645876319e-05,0
29,158,0,3.602263001209766e-05,0
29,159,0,4.294102821015612e-05,0
29,160,0,3.221622015019949e-05,0
29,161,0,4.3364042442709287e-05,0
29,162,0,4.308375778844584e-05,0
29,163,0,3.87378291646589e-05,0
29,164,0,3.8131549996237137e-05,0
29,165,0,4.192665095293387e-05,0
29,166,0,3.147530046012774e-05,0
29,167,0,4.143528626592836e-05,0
29,168,0,4.468114725459753e-05,0
29,169,0,3.627662194148033e-05,0
29,170,0,4.3468757656074575e-05,0
29,171,0,3.967984315105745e-05,0
30,1,0,5.9032457631747594e-05,0
30,2,0,4.792691946892956e-05,0
30,3,0,4.7519484561015346e-05,0
30,4,0,3.417019297431569e-05,0
30,5,0,3.206595162755328e-05,0
30,6,0,3.5575794838460604e-05,0
30,7,0,3.5628828452674685e-05,0
30,8,0,3.258243797646232e-05,0
30,9,0,3.341426209791633e-05,0
30,10,0,3.449662415582425e-05,0
30,11,0,3.39077512573887e-05,0
30,12,0,3.415305117479161e-05,0
30,13,0,3.718052687434382e-05,0
30,14,0,3.2849784148623906e-05,0
30,15,0,3.275599216333327e-05,0
30,16,0,4.071120995839875e-05,0
30,17,0,3.9270259885951445e-05,0
30,18,0,4.215809782634316e-05,0
30,19,0,3.284844622918188e-05,0
30,20,0,3.81794376577732e-05,0
30,21,0,5.577385786730522e-05,0
30,22,0,4.29515440828641e-05,0
30,23,0,3.6227819268998315e-05,0
30,24,0,3.6178757220661084e-05,0
30,25,0,4.674796036727828e-05,0
30,26,0,3.505554098914173e-05,0
30,27,0,3.124803433249885e-05,0
30,28,0,3.451544091470851e-05,0
30,29,0,3.552637327222419e-05,0
30,30,0,3.602676209754544e-05,0
30,31,0,3.369838541966401e-05,0
30,32,0,3.4856078389080586e-05,0
30,33,0,4.070272545533249e-05,0
30,34,0,3.1764687905256564e-05,0
30,35,0,3.0047669262302003e-05,0
30,36,0,3.3783089124996816e-05,0
30,37,0,3.079502895174744e-05,0
30,38,0,4.14604334182921e-05,0
30,39,0,3.6607376862494984e-05,0
30,40,0,3.273044546356958e-05,0
30,41,0,3.380232342523095e-05,0
30,42,0,3.3610420193387855e-05,0
30,43,0,3.2547609670222807e-05,0
30,44,0,3.1526935234452994e-05,0
30,45,0,3.1490597912029144e-05,0
30,46,0,3.425500454057978e-05,0
30,47,0,3.450243845916743e-05,0
30,48,0,3.450243845916743e-05,0
30,49,0,3.367917308948947e-05,0
30,50,0,3.4864804309817814e-05,0
30,51,0,4.462612222902223e-05,0
30,52,0,3.53283104448006e-05,0
30,53,0,4.984951806046322e-05,0
30,54,0,4.3720310187040395e-05,0
30,55,0,6.062648295012977e-05,0
30,56,0,4.837690556398381e-05,0
30,57,0,4.9388190290165056e-05,0
30,58,0,3.256726143710044e-05,0
30,59,0,3.563069887552955e-05,0
30,60,0,3.9117010880866566e-05,0
30,61,0,5.191937954723257e-05,0
30,62,0,6.758241897607835e-05,0
30,63,0,4.5203409488874525e-05,0
30,64,0,3.5575794838460604e-05,0
30,65,0,4.80879490694907e-05,0
30,66,0,4.535605805269204e-05,0
30,67,0,3.4623105358594635e-05,0
30,68,0,3.790694163699216e-05,0
30,69,0,3.548264482141446e-05,0
30,70,0,3.4254985058719165e-05,0
30,71,0,3.2901566753986145e-05,0
30,72,0,3.7097600794558316e-05,0
30,73,0,3.2901566753986145e-05,0
30,74,0,3.516689864832173e-05,0
30,75,0,3.941325513765841e-05,0
30,76,0,3.806854525763962e-05,0
30,77,0,3.2546897633434945e-05,0
30,78,0,3.147495820754102e-05,0
30,79,0,3.0047669262302003e-05,0
30,80,0,3.1426455326531945e-05,0
30,81,0,3.674242693025031e-05,0
30,82,0,4.737272867533589e-05,0
30,83,0,3.3194271487124164e-05,0
30,84,0,3.800669570255929e-05,0
30,85,0,3.522692338580899e-05,0
30,86,0,3.2745742772312155e-05,0
30,87,0,3.615091583948989e-05,0
30,88,0,3.0203162567167273e-05,0
30,89,0,3.4332804097767784e-05,0
30,90,0,3.422820249070469e-05,0
30,91,0,3.073597548117898e-05,0
30,92,0,3.1494675341022085e-05,0
30,93,0,3.173847752916639e-05,0
30,94,0,3.945764715023958e-05,0
30,95,0,3.13963457714643e-05,0
30,96,0,3.258667999928798e-05,0
30,97,0,3.3627514852317844e-05,0
30,98,0,3.166972943613998e-05,0
30,99,0,3.4375959049694e-05,0
30,100,0,3.4416316515750496e-05,0
30,101,0,3.5766020967104805e-05,0
30,102,0,3.591298914183899e-05,0
30,103,0,3.242032721010971e-05,0
30,104,0,2.9330696369349776e-05,0
30,105,0,3.8692656319434206e-05,0
30,106,0,3.5409347543051676e-05,0
30,107,0,4.468515158799068e-05,0
30,108,0,3.990874130109966e-05,0
30,109,0,3.6507778881730225e-05,0
30,110,0,4.236854391225847e-05,0
30,111,0,3.868588303940276e-05,0
30,112,0,5.6169759838949935e-05,0
30,113,0,4.001406929470854e-05,0
30,114,0,5.4283540693672664e-05,0
30,115,0,6.996523780199045e-05,0
30,116,0,4.872056873325391e-05,0
30,117,0,6.41336257943636e-05,0
30,118,0,4.881975350612979e-05,0
30,119,0,6.77223551413405e-05,0
30,120,0,0.0001141743190994562,0
30,121,0,9.304081314781288e-05,0
30,122,0,7.229110871500465e-05,0
30,123,0,5.653803319481646e-05,0
30,124,0,0.00011690635023232008,0
30,125,0,0.00014692481396048348,0
30,126,0,6.502947070698728e-05,0
30,127,0,0.00016545598037801733,0
30,128,0,0.000166267827823873,0
30,129,0,0.0002884351603632064,0
30,130,0,9.169506310448455e-05,0
30,131,0,0.0002780583546749132,0
30,132,0,0.00014850616138835113,0
30,133,0,0.00012043123404290413,0
30,134,0,0.00015826037495688384,0
30,135,0,7.760070827842508e-05,0
30,136,0,5.703186923684389e-05,0
30,137,0,7.511293779824795e-05,0
30,138,0,0.00012559751801451577,0
30,139,0,5.163597240462855e-05,0
30,140,0,7.423765692462585e-05,0
30,141,0,6.101178108710064e-05,0
30,142,0,7.189628896081169e-05,0
30,143,0,8.254227379679171e-05,0
31,1,0,4.213665942069875e-05,0
31,2,0,3.834885255806737e-05,0
31,3,0,3.2704132649842185e-05,0
31,4,0,3.205539771313692e-05,0
31,5,0,3.326743640980765e-05,0
31,6,0,3.362667242995242e-05,0
31,7,0,3.6529064753555554e-05,0
31,8,0,3.492325646619311e-05,0
31,9,0,3.9392400122684787e-05,0
31,10,0,3.0047669262302003e-05,0
31,11,0,3.1764687905256564e-05,0
31,12,0,3.222120696567507e-05,0
31,13,0,2.9752235376707344e-05,0
31,14,0,3.0047669262302003e-05,0
31,15,0,3.104610023269171e-05,0
31,16,0,3.1714576967134234e-05,0
31,17,0,3.393315578488253e-05,0
31,18,0,3.04135849826172e-05,0
31,19,0,3.486945958698286e-05,0
31,20,0,3.0047669262302003e-05,0
31,21,0,3.666847398506046e-05,0
31,22,0,3.7991099981012424e-05,0
31,23,0,3.513941738453864e-05,0
31,24,0,3.1429299936999865e-05,0
31,25,0,3.23564146201821e-05,0
31,26,0,2.9330696369349776e-05,0
31,27,0,3.3502840976612e-05,0
31,28,0,2.9330696369349776e-05,0
31,29,0,3.403743699569968e-05,0
31,30,0,3.3370781698017785e-05,0
31,31,0,3.90113433627379e-05,0
31,32,0,3.152068438591707e-05,0
31,33,0,3.291845575845034e-05,0
31,34,0,2.9330696369349776e-05,0
31,35,0,3.3809052219441656e-05,0
31,36,0,3.1187872652392335e-05,0
31,37,0,3.3121818715144694e-05,0
31,38,0,3.233149535550803e-05,0
31,39,0,3.803304693464606e-05,0
31,40,0,3.929809360041012e-05,0
31,41,0,3.2581775206968745e-05,0
31,42,0,3.496684851152143e-05,0
31,43,0,3.496684851152143e-05,0
31,44,0,3.496684851152143e-05,0
31,45,0,3.440189741459738e-05,0
31,46,0,3.2968145826152017e-05,0
31,47,0,3.182254846884254e-05,0
31,48,0,3.988868165644008e-05,0
31,49,0,3.52413046050891e-05,0
31,50,0,3.926500722585449e-05,0
31,51,0,3.5366447503286536e-05,0
31,52,0,3.738738655582149e-05,0
31,53,0,3.261097607190394e-05,0
31,54,0,3.5226002116051615e-05,0
31,55,0,3.452256665830229e-05,0
31,56,0,3.1890826300853764e-05,0
31,57,0,3.633063462015644e-05,0
31,58,0,3.0305304319046496e-05,0
31,59,0,3.963911718398954e-05,0
31,60,0,3.0047669262302003e-05,0
31,61,0,2.9330696369349776e-05,0
31,62,0,3.0047669262302003e-05,0
31,63,0,3.219757039905436e-05,0
31,64,0,2.9330696369349776e-05,0
31,65,0,3.4924502284932816e-05,0
31,66,0,4.1407580427844404e-05,0
31,67,0,3.30700286990369e-05,0
31,68,0,3.6571617522204784e-05,0
31,69,0,4.13577671816041e-05,0
31,70,0,3.2227596729958e-05,0
31,71,0,2.981685479429138e-05,0
31,72,0,2.910538924697355e-05,0
31,73,0,2.910538924697355e-05,0
31,74,0,2.886907602258728e-05,0
31,75,0,2.981685479429138e-05,0
31,76,0,2.981685479429138e-05,0
31,77,0,3.0245380630013906e-05,0
31,78,0,4.075445237979138e-05,0
31,79,0,3.377597572431366e-05,0
31,80,0,3.4495597677667226e-05,0
31,81,0,3.3657646153689046e-05,0
31,82,0,3.476952311409116e-05,0
31,83,0,3.23564146201821e-05,0
31,84,0,3.209892584524056e-05,0
31,85,0,2.9752235376707344e-05,0
31,86,0,3.0047669262302003e-05,0
31,87,0,3.421267880681295e-05,0
31,88,0,3.2547609670222807e-05,0
31,89,0,3.1187872652392335e-05,0
31,90,0,2.910538924697355e-05,0
31,91,0,3.144754235880003e-05,0
31,92,0,3.083259236551428e-05,0
31,93,0,3.5995816812949794e-05,0
31,94,0,3.68470338753548e-05,0
31,95,0,4.095485583450656e-05,0
31,96,0,3.0245380630013906e-05,0
31,97,0,3.8179116194787e-05,0
31,98,0,3.275527424455319e-05,0
31,99,0,3.456882845950994e-05,0
31,100,0,3.195169691845111e-05,0
31,101,0,3.25411564590521e-05,0
31,102,0,3.95967277588827e-05,0
31,103,0,3.311277172084323e-05,0
31,104,0,3.2569984772704306e-05,0
31,105,0,2.9651940122769117e-05,0
31,106,0,3.8148481171193094e-05,0
31,107,0,7.622059388759023e-05,0
31,108,0,4.696060535428172e-05,0
31,109,0,3.9091248503096216e-05,0
31,110,0,4.705081694067548e-05,0
31,111,0,4.056146314063658e-05,0
31,112,0,3.612818430749046e-05,0
31,113,0,3.285137041636103e-05,0
31,114,0,3.2820170499477114e-05,0
31,115,0,3.0401879070530398e-05,0
31,116,0,6.733454484250572e-05,0
31,117,0,5.268070298078578e-05,0
31,118,0,5.541498110603927e-05,0
31,119,0,3.553042234621117e-05,0
31,120,0,3.419645704819492e-05,0
31,121,0,4.697445421571103e-05,0
31,122,0,3.534581127363289e-05,0
31,123,0,5.845569959645288e-05,0
31,124,0,4.1686536112874716e-05,0
31,125,0,3.5879925776589795e-05,0
31,126,0,3.666678690939452e-05,0
31,127,0,4.5788638127332845e-05,0
31,128,0,3.207782029143024e-05,0
31,129,0,4.1018613068476484e-05,0
31,130,0,4.103280216026771e-05,0
31,131,0,7.629545145394815e-05,0
31,132,0,0.00012435437709646196,0
31,133,0,5.808036675626397e-05,0
31,134,0,0.00010813786060809328,0
31,135,0,8.104955850584848e-05,0
31,136,0,4.038348467619451e-05,0
31,137,0,7.612345319049567e-05,0
31,138,0,4.862105921842358e-05,0
31,139,0,9.181636239191928e-05,0
31,140,0,5.1852398869918456e-05,0
31,141,0,5.680300671765191e-05,0
31,142,0,5.32323263836702e-05,0
31,143,0,4.155398260843495e-05,0
31,144,0,6.4137920781404e-05,0
31,145,0,0.00010597171848270641,0
31,146,0,0.00012431915087161654,0
31,147,0,7.979675690945827e-05,0
31,148,0,0.00018325936685995148,0
31,149,0,0.00013090775364663247,0
31,150,0,0.004454956390773105,0
31,151,0,0.0010225519731321526,0
31,152,0,0.019169571300432155,0
31,153,0,0.004292639896918593,0
31,154,0,0.027752497797126296,0
31,155,0,0.0012351318977158747,0
31,156,0,0.0011002834810478106,0
31,157,0,0.009808413995457886,0
31,158,0,0.000679220171675039,0
31,159,0,0.0026358767019681955,0
31,160,0,0.002395646968430053,0
31,161,0,0.016435498797300867,0
31,162,0,0.004149993105440098,0
31,163,0,0.09472901452493658,0
31,164,0,0.006886113354841965,0
31,165,0,0.08622901558146667,0
31,166,0,0.07242288752683237,0
31,167,0,0.21906186353322438,0
31,168,0,0.30199779110779257,0
31,169,0,0.2926395261742435,0
31,170,0,0.6602931132984784,1
31,171,0,0.8069183166401825,1
31,172,0,0.33751767186749176,0
31,173,0,0.49943868388212626,1
31,174,1,0.9336599171834996,1
31,175,1,0.8149703782239808,1
31,176,1,0.973482513718794,1
31,177,1,0.9385907934795038,1
31,178,1,0.9799618848592699,1
31,179,1,0.913231741832136,1
31,180,1,0.9794198085047416,1
31,181,1,0.9778780985554446,1
31,182,1,0.9887979069976257,1
31,183,1,0.989532103104683,1
31,184,1,0.9767260376716469,1
31,185,1,0.9954190234924004,1
31,186,1,0.9969974822681509,1
31,187,1,0.9944930082774069,1
31,188,1,0.9955498049056634,1
31,189,1,0.9911641309494139,1
31,190,1,0.9897124792383473,1
31,191,1,0.9779502571584794,1
31,192,1,0.9981669661411903,1
31,193,1,0.9984549157356626,1
31,194,1,0.9981793936232634,1
31,195,1,0.9987256755995277,1
31,196,1,0.9989605708026664,1
32,1,0,3.4254985058719165e-05,0
32,2,0,3.3269557385136286e-05,0
32,3,0,3.4089950267608686e-05,0
32,4,0,3.692619258199982e-05,0
32,5,0,3.0047669262302003e-05,0
32,6,0,3.1429299936999865e-05,0
32,7,0,3.147778947765216e-05,0
32,8,0,3.4470152219867794e-05,0
32,9,0,3.25411564590521e-05,0
32,10,0,2.9330696369349776e-05,0
32,11,0,2.8722069620670554e-05,0
32,12,0,3.44942429425686e-05,0
32,13,0,3.123598972746401e-05,0
32,14,0,3.123598972746401e-05,0
32,15,0,3.8616502455039913e-05,0
32,16,0,3.171783923655589e-05,0
32,17,0,3.378757145481023e-05,0
32,18,0,3.422239474549525e-05,0
32,19,0,3.66164003922104e-05,0
32,20,0,4.078659727985561e-05,0
32,21,0,3.3664407206644165e-05,0
32,22,0,3.194419177451235e-05,0
32,23,0,3.44964636915874e-05,0
32,24,0,3.1853154583928985e-05,0
32,25,0,3.204860601671468e-05,0
32,26,0,3.643142150791664e-05,0
32,27,0,3.698797605791803e-05,0
32,28,0,3.310076607441252e-05,0
32,29,0,3.1853154583928985e-05,0
32,30,0,3.7191337499697504e-05,0
32,31,0,3.397068710591446e-05,0
32,32,0,3.2672774232093206e-05,0
32,33,0,3.125038099458697e-05,0
32,34,0,3.2910750440090117e-05,0
32,35,0,3.1950241757257636e-05,0
32,36,0,3.0245380630013906e-05,0
32,37,0,3.334052919717319e-05,0
32,38,0,3.377597572431366e-05,0
32,39,0,3.0179959777688874e-05,0
32,40,0,3.724803910810868e-05,0
32,41,0,3.1429299936999865e-05,0
32,42,0,3.47506645937233e-05,0
32,43,0,3.0064288191661625e-05,0
32,44,0,3.364471099570935e-05,0
32,45,0,3.446018292962726e-05,0
32,46,0,3.279368405067761e-05,0
32,47,0,3.1187872652392335e-05,0
32,48,0,3.1187872652392335e-05,0
32,49,0,3.549097710518293e-05,0
32,50,0,3.1494675341022085e-05,0
32,51,0,3.377597572431366e-05,0
32,52,0,2.9523690249498077e-05,0
32,53,0,3.1187872652392335e-05,0
32,54,0,3.152068438591707e-05,0
32,55,0,3.4495597677667226e-05,0
32,56,0,5.067664199702195e-05,0
32,57,0,3.702076273181879e-05,0
32,58,0,4.13969010021219e-05,0
32,59,0,4.121531905552281e-05,0
32,60,0,4.4376696545659133e-05,0
32,61,0,3.6128636446634534e-05,0
32,62,0,3.9222859321050886e-05,0
32,63,0,3.4096710608389914e-05,0
32,64,0,4.053544408075503e-05,0
32,65,0,3.4096710608389914e-05,0
32,66,0,3.4586744117111e-05,0
32,67,0,3.749357056014434e-05,0
32,68,0,3.7744506778795526e-05,0
32,69,0,3.861693985377919e-05,0
32,70,0,4.1306798406060056e-05,0
32,71,0,3.7828826217932074e-05,0
32,72,0,3.364765720873634e-05,0
32,73,0,3.364765720873634e-05,0
32,74,0,3.85499160671605e-05,0
32,75,0,4.245800577845594e-05,0
32,76,0,3.3619911343503935e-05,0
32,77,0,3.177098714045071e-05,0
32,78,0,3.505483740654723e-05,0
32,79,0,3.8505679767136147e-05,0
32,80,0,3.432860248731476e-05,0
32,81,0,3.516997729337258e-05,0
32,82,0,3.2547609670222807e-05,0
32,83,0,3.367917308948947e-05,0
32,84,0,3.8767638216772084e-05,0
32,85,0,3.4977781385969384e-05,0
32,86,0,3.440747788172747e-05,0
32,87,0,3.215788847592916e-05,0
32,88,0,3.177098714045071e-05,0
32,89,0,3.514317268937436e-05,0
32,90,0,3.177098714045071e-05,0
32,91,0,3.4110829647734495e-05,0
32,92,0,3.428740614152183e-05,0
32,93,0,5.206710814369755e-05,0
32,94,0,3.451712469192591e-05,0
32,95,0,3.504017195409567e-05,0
32,96,0,3.7652983013279966e-05,0
32,97,0,3.755086943032338e-05,0
32,98,0,4.789567764559634e-05,0
32,99,0,3.2297592255944346e-05,0
32,100,0,3.1526935234452994e-05,0
32,101,0,4.097897500924987e-05,0
32,102,0,3.858023946740748e-05,0
32,103,0,4.471175228298632e-05,0
32,104,0,3.914043076116687e-05,0
32,105,0,3.765483566889703e-05,0
32,106,0,4.637367487799926e-05,0
32,107,0,4.33001904517421e-05,0
32,108,0,3.0848213307771606e-05,0
32,109,0,3.7279905494962994e-05,0
32,110,0,3.389498894923958e-05,0
32,111,0,4.171117209459362e-05,0
32,112,0,3.6937751456076945e-05,0
32,113,0,3.4315925502305306e-05,0
32,114,0,3.444117277967456e-05,0
32,115,0,4.371653403178933e-05,0
32,116,0,3.0984028259679576e-05,0
32,117,0,3.16136161575092e-05,0
32,118,0,5.792730193733681e-05,0
32,119,0,3.866253155023267e-05,0
32,120,0,5.819092378982912e-05,0
32,121,0,3.091697551913762e-05,0
32,122,0,4.515652535154041e-05,0
32,123,0,4.986554921389594e-05,0
32,124,0,4.144759181863623e-05,0
32,125,0,3.2474951702628035e-05,0
32,126,0,4.802656613972263e-05,0
32,127,0,3.899781951383593e-05,0
32,128,0,5.009261539968168e-05,0
32,129,0,6.843952436140571e-05,0
32,130,0,3.6898958232638147e-05,0
32,131,0,3.5872771549483114e-05,0
32,132,0,6.667747992011088e-05,0
32,133,0,4.225081029429839e-05,0
32,134,0,4.929516390976422e-05,0
32,135,0,6.319566614605087e-05,0
32,136,0,5.879057386225408e-05,0
32,137,0,4.627284277407266e-05,0
32,138,0,0.00011922306146354093,0
32,139,0,5.596152221060217e-05,0
32,140,0,6.007393128305808e-05,0
32,141,0,0.0001157745590146561,0
32,142,0,6.318998268189871e-05,0
32,143,0,5.646410290838833e-05,0
32,144,0,6.594015457255401e-05,0
32,145,0,4.107297371999974e-05,0
33,1,0,0.00010551443715506583,0
33,2,0,0.00014503334659865386,0
33,3,0,9.502631215330435e-05,0
33,4,0,0.00011104180983636599,0
33,5,0,0.00013777435596110224,0
33,6,0,0.00013267139869607003,0
33,7,0,7.888245045323691e-05,0
33,8,0,7.012537269970958e-05,0
33,9,0,6.825853627137882e-05,0
33,10,0,3.6553711547419646e-05,0
33,11,0,4.3697114505592e-05,0
33,12,0,4.668100996088052e-05,0
33,13,0,4.8900102287321845e-05,0
33,14,0,4.178947900742004e-05,0
33,15,0,4.9649309776441225e-05,0
33,16,0,4.293718428315265e-05,0
33,17,0,4.09933668385767e-05,0
33,18,0,8.780489999637203e-05,0
33,19,0,5.104441973595014e-05,0
33,20,0,6.393096154279528e-05,0
33,21,0,5.326924525524168e-05,0
33,22,0,5.6155037796931234e-05,0
33,23,0,5.921396711363749e-05,0
33,24,0,5.007547987469821e-05,0
33,25,0,6.035371826602568e-05,0
33,26,0,4.9490522235366024e-05,0
33,27,0,7.780864653477144e-05,0
33,28,0,5.9231610264264655e-05,0
33,29,0,6.16530740062158e-05,0
33,30,0,4.707205354752479e-05,0
33,31,0,5.180376919278565e-05,0
33,32,0,7.272969683229221e-05,0
33,33,0,5.3484092127456615e-05,0
33,34,0,5.159824133807991e-05,0
33,35,0,6.29589037872656e-05,0
33,36,0,3.2595034271018995e-05,0
33,37,0,5.008591011500594e-05,0
33,38,0,5.360283970303243e-05,0
33,39,0,4.746493591561237e-05,0
33,40,0,5.258117482713511e-05,0
33,41,0,6.754015913293144e-05,0
33,42,0,8.45538054263161e-05,0
33,43,0,4.41250334974906e-05,0
33,44,0,0.00016329287846839776,0
33,45,0,0.0001828909151382126,0
33,46,0,8.920140426023532e-05,0
33,47,0,7.077671684074959e-05,0
33,48,0,0.00021160963208269077,0
33,49,0,0.0001522649061316286,0
33,50,0,8.177070391543691e-05,0
34,1,0,3.4254985058719165e-05,0
34,2,0,2.8944409521362384e-05,0
34,3,0,3.1764687905256564e-05,0
34,4,0,2.9330696369349776e-05,0
34,5,0,3.22911886140995e-05,0
34,6,0,3.2489820629202063e-05,0
34,7,0,3.2489820629202063e-05,0
34,8,0,3.132048106708375e-05,0
34,9,0,3.431804614375299e-05,0
34,10,0,3.390515617567515e-05,0
34,11,0,3.132048106708375e-05,0
34,12,0,3.421178425540321e-05,0
34,13,0,3.465499093811836e-05,0
34,14,0,3.147778947765216e-05,0
34,15,0,3.592566820912275e-05,0
34,16,0,3.1441508797875196e-05,0
34,17,0,3.182254846884254e-05,0
34,18,0,3.118622868313412e-05,0
34,19,0,3.863337738857032e-05,0
34,20,0,3.935703561248823e-05,0
34,21,0,3.451193320615766e-05,0
34,22,0,3.49301820532434e-05,0
34,23,0,3.653630877479169e-05,0
34,24,0,3.7429412344363024e-05,0
34,25,0,3.7429412344363024e-05,0
34,26,0,3.543219368117969e-05,0
34,27,0,3.81000506597372e-05,0
34,28,0,3.7828826217932074e-05,0
34,29,0,3.5588189734366306e-05,0
34,30,0,3.625565291763999e-05,0
34,31,0,3.753824218288118e-05,0
34,32,0,3.3834794037453744e-05,0
34,33,0,4.4366348693157954e-05,0
34,34,0,3.4194072257374304e-05,0
34,35,0,3.393303410993167e-05,0
34,36,0,3.1526935234452994e-05,0
34,37,0,3.2366889299539866e-05,0
34,38,0,3.1872232475049535e-05,0
34,39,0,3.1352562539481205e-05,0
34,40,0,3.3954331818600564e-05,0
34,41,0,3.680800942753115e-05,0
34,42,0,3.341475607059537e-05,0
34,43,0,3.4935949323375176e-05,0
34,44,0,3.277206543289852e-05,0
34,45,0,4.566304182763122e-05,0
34,46,0,4.555823606087759e-05,0
34,47,0,4.061729002547399e-05,0
34,48,0,3.177098714045071e-05,0
34,49,0,3.280869754559665e-05,0
34,50,0,3.568855033578497e-05,0
34,51,0,3.1352562539481205e-05,0
34,52,0,3.2547609670222807e-05,0
34,53,0,2.8944409521362384e-05,0
34,54,0,4.013387138343261e-05,0
34,55,0,3.0620439905206095e-05,0
34,56,0,3.2489820629202063e-05,0
34,57,0,3.851652133062977e-05,0
34,58,0,3.393988503297661e-05,0
34,59,0,3.4699908174187153e-05,0
34,60,0,3.35291186664835e-05,0
34,61,0,3.977212671316092e-05,0
34,62,0,3.552953360806499e-05,0
34,63,0,3.7890141032927664e-05,0
34,64,0,3.514317268937436e-05,0
34,65,0,3.514317268937436e-05,0
34,66,0,3.3626837746714427e-05,0
34,67,0,5.3569602847275736e-05,0
34,68,0,3.692619258199982e-05,0
34,69,0,3.4586744117111e-05,0
34,70,0,3.3640985898592586e-05,0
34,71,0,3.1063226176412726e-05,0
34,72,0,3.0047669262302003e-05,0
34,73,0,3.5965711762913547e-05,0
34,74,0,4.405101651041619e-05,0
34,75,0,3.4353197907355015e-05,0
34,76,0,3.393988503297661e-05,0
34,77,0,3.361068542484395e-05,0
34,78,0,3.490840041672048e-05,0
34,79,0,3.2547609670222807e-05,0
34,80,0,3.40441869229859e-05,0
34,81,0,3.3502840976612e-05,0
34,82,0,4.2363769155901494e-05,0
34,83,0,3.687791715081743e-05,0
34,84,0,3.903374097630371e-05,0
34,85,0,3.4641174004188786e-05,0
34,86,0,4.007881609147189e-05,0
34,87,0,3.565683037980432e-05,0
34,88,0,3.313685997688416e-05,0
34,89,0,3.337821629819774e-05,0
34,90,0,3.1223877621288755e-05,0
34,91,0,3.111061323761017e-05,0
34,92,0,3.209892584524056e-05,0
34,93,0,3.0047669262302003e-05,0
34,94,0,5.30970933326226e-05,0
34,95,0,3.0828769847662144e-05,0
34,96,0,3.158236117405212e-05,0
34,97,0,3.6074782263937865e-05,0
34,98,0,6.080867341750295e-05,0
34,99,0,3.371646116535755e-05,0
34,100,0,3.6802037604000505e-05,0
34,101,0,3.39424157064839e-05,0
34,102,0,3.0047669262302003e-05,0
34,103,0,3.405080076482975e-05,0
34,104,0,3.459325135356766e-05,0
34,105,0,3.607061918632948e-05,0
34,106,0,2.9330696369349776e-05,0
34,107,0,2.9330696369349776e-05,0
34,108,0,2.9330696369349776e-05,0
34,109,0,3.476126415789997e-05,0
34,110,0,3.201278563998604e-05,0
34,111,0,4.3528583287428923e-05,0
34,112,0,3.816480236218627e-05,0
34,113,0,4.673578616005083e-05,0
34,114,0,3.92696472493758e-05,0
34,115,0,3.2219212022967404e-05,0
34,116,0,4.6223750835061085e-05,0
34,117,0,6.100551902147158e-05,0
34,118,0,4.060255983083458e-05,0
34,119,0,3.27633770397224e-05,0
34,120,0,4.4306536798657864e-05,0
34,121,0,3.508042785718665e-05,0
34,122,0,5.27134047179597e-05,0
34,123,0,4.478433915655541e-05,0
34,124,0,3.85713557325727e-05,0
34,125,0,3.631001601374721e-05,0
34,126,0,5.66434768899022e-05,0
34,127,0,4.011297854332948e-05,0
34,128,0,4.419764334738054e-05,0
34,129,0,3.549213819390038e-05,0
34,130,0,5.210038935150652e-05,0
34,131,0,3.7062475146473116e-05,0
34,132,0,5.742843489634964e-05,0
34,133,0,3.626595066624522e-05,0
34,134,0,4.174625479337272e-05,0
34,135,0,4.514818984235441e-05,0
34,136,0,4.104510422401585e-05,0
34,137,0,3.8193270747235e-05,0
34,138,0,7.128199155835184e-05,0
34,139,0,3.4713742751583916e-05,0
34,140,0,3.580324914939726e-05,0
34,141,0,8.197926732128808e-05,0
34,142,0,8.928927736876726e-05,0
34,143,0,6.241940116077348e-05,0
34,144,0,5.6167202582052004e-05,0
34,145,0,5.7848612976829565e-05,0
34,146,0,5.3834184907712995e-05,0
34,147,0,5.9337654605952815e-05,0
34,148,0,0.0001155869143642765,0
34,149,0,0.00010787160585230003,0
34,150,0,0.000248773692397975,0
34,151,0,8.148311322294081e-05,0
34,152,0,0.0001499583360487216,0
34,153,0,5.207148001978358e-05,0
34,154,0,6.110731681104762e-05,0
34,155,0,7.60753591634872e-05,0
34,156,0,0.00011242162678808187,0
34,157,0,0.00014241774513587988,0
34,158,0,0.000149005899386834,0
34,159,0,0.00013064243848384273,0
34,160,0,0.0001088023363770864,0
34,161,0,8.003409303343698e-05,0
34,162,0,0.00017341389375090052,0
34,163,0,0.00012095525941051155,0
34,164,0,0.00020590356641275203,0
34,165,0,0.00022402647941029879,0
34,166,0,0.0013448583838767117,0
34,167,0,0.00027981044538455825,0
34,168,0,0.0002252434602541534,0
34,169,0,0.0010207380827811686,0
34,170,0,0.01759642703349859,0
34,171,0,0.020054315248622553,0
34,172,0,0.11041826523412002,0
34,173,0,0.006831370266803432,0
34,174,0,0.0077799799330936096,0
34,175,0,0.07629056753678087,0
34,176,0,0.08180772051114707,0
34,177,0,0.14425923716934613,0
34,178,0,0.23157549582653256,0
34,179,0,0.014039802943659462,0
34,180,1,0.07287287595317027,0
34,181,1,0.11780003453037445,0
34,182,1,0.15271112738510012,0
34,183,1,0.5023967513858167,1
34,184,1,0.7775019485567339,1
34,185,1,0.895179333117349,1
34,186,1,0.9151279373513251,1
34,187,1,0.991851976872466,1
34,188,1,0.9938806028791026,1
34,189,1,0.9965112413419832,1
34,190,1,0.9942854970283287,1
34,191,1,0.9958961623415498,1
34,192,1,0.9958810933361744,1
34,193,1,0.9938553000772496,1
34,194,1,0.9941992206240827,1
34,195,1,0.9890986403295791,1
34,196,1,0.9963889524385695,1
34,197,1,0.9962733137940801,1
34,198,1,0.9964841095313005,1
34,199,1,0.9955950358075908,1
34,200,1,0.997461465782651,1
34,201,1,0.9965617063295987,1
34,202,1,0.9985320589951492,1
34,203,1,0.9950086908319231,1
35,1,0,0.00018014080348542914,0
35,2,0,4.2189525366244654e-05,0
35,3,0,4.0611982987422046e-05,0
35,4,0,4.621696128246945e-05,0
35,5,0,4.8635742770772735e-05,0
35,6,0,4.9727784393380706e-05,0
35,7,0,4.5079180964753456e-05,0
35,8,0,5.287239311305635e-05,0
35,9,0,4.5316660235328626e-05,0
35,10,0,6.85981763281815e-05,0
35,11,0,6.312918269734544e-05,0
35,12,0,6.787763534484779e-05,0
35,13,0,4.3275098127998845e-05,0
35,14,0,8.561975083026856e-05,0
35,15,0,0.00011006480441911581,0
35,16,0,4.911707439422674e-05,0
35,17,0,7.785988764143347e-05,0
35,18,0,0.00011581736153547259,0
35,19,0,8.881436753446252e-05,0
35,20,0,5.753440018920028e-05,0
35,21,0,5.277608367416543e-05,0
35,22,0,4.828351208880879e-05,0
35,23,0,5.6050243373777505e-05,0
35,24,0,4.7208916463998406e-05,0
35,25,0,3.7121976401847645e-05,0
35,26,0,3.426948782197942e-05,0
35,27,0,4.777498682491246e-05,0
35,28,0,3.9302125209654396e-05,0
35,29,0,3.8360288668244736e-05,0
35,30,0,4.388915468576042e-05,0
35,31,0,3.7987928513586426e-05,0
35,32,0,3.512009575845871e-05,0
35,33,0,3.803598717803471e-05,0
35,34,0,3.475575997902861e-05,0
35,35,0,4.015175330788892e-05,0
35,36,0,3.5895738699286007e-05,0
35,37,0,4.563417923505861e-05,0
35,38,0,3.391085593812056e-05,0
35,39,0,4.22008034061541e-05,0
35,40,0,4.3711806058499145e-05,0
35,41,0,4.1523450151331685e-05,0
35,42,0,5.192221110074217e-05,0
35,43,0,3.847090815380857e-05,0
35,44,0,4.3121073002852396e-05,0
35,45,0,4.911899807846138e-05,0
35,46,0,5.2426471997228e-05,0
35,47,0,5.4367457184369094e-05,0
35,48,0,3.882866725533988e-05,0
35,49,0,5.4707551470848014e-05,0
35,50,0,3.543323286366401e-05,0
35,51,0,4.171510920236254e-05,0
35,52,0,6.466519690475614e-05,0
35,53,0,0.0001734877980736374,0
35,54,0,7.944651385494895e-05,0
35,55,0,0.0003090620140253297,0
35,56,0,0.0002984395166953055,0
35,57,0,0.0002666077068834861,0
35,58,0,0.00012093367229793269,0
35,59,0,0.00011798838737744701,0
35,60,0,8.006281628217546e-05,0
35,61,0,4.936611023664054e-05,0
35,62,0,3.68200057568089e-05,0
35,63,0,3.591405111332374e-05,0
35,64,0,4.3471602726542305e-05,0
35,65,0,4.2838680580098367e-05,0
35,66,0,3.4562641197777706e-05,0
35,67,0,3.8922966040602504e-05,0
35,68,0,4.723827979999454e-05,0
35,69,0,6.566585055936817e-05,0
35,70,0,4.206535911846523e-05,0
35,71,0,3.8814163396467646e-05,0
35,72,0,3.498326734662011e-05,0
35,73,0,4.433152309255875e-05,0
35,74,0,4.036953006068112e-05,0
35,75,0,4.426040490767908e-05,0
35,76,0,4.48784730666488e-05,0
35,77,0,3.625251380332614e-05,0
35,78,0,3.6104405157457326e-05,0
35,79,0,3.8970795983958685e-05,0
35,80,0,5.707844854471874e-05,0
35,81,0,6.655009060261733e-05,0
35,82,0,5.68364793545484e-05,0
35,83,0,5.0566653241662975e-05,0
35,84,0,4.371798069615347e-05,0
35,85,0,6.743145642481359e-05,0
35,86,0,4.3445651013550334e-05,0
35,87,0,5.158805951501852e-05,0
35,88,0,5.747756815096351e-05,0
35,89,0,5.6006417552994234e-05,0
35,90,0,5.9358215129341035e-05,0
35,91,0,8.91226934086688e-05,0
35,92,0,0.00013531021875562546,0
35,93,0,9.819124396026336e-05,0
35,94,0,0.00010360498510387478,0
35,95,0,5.608754618078918e-05,0
35,96,0,9.144376582534182e-05,0
35,97,0,8.093677006624147e-05,0
35,98,0,5.4744072157801276e-05,0
35,99,0,6.020022949488446e-05,0
35,100,0,9.689489643815511e-05,0
35,101,0,8.476346479293774e-05,0
35,102,0,0.000190989208433107,0
35,103,0,6.96554383580946e-05,0
35,104,0,8.774021115820668e-05,0
35,105,0,6.874020106965779e-05,0
35,106,0,6.978912875237415e-05,0
35,107,0,7.218428204329024e-05,0
35,108,0,5.261973548513227e-05,0
35,109,0,0.00011973175971990107,0
35,110,0,4.403410489979075e-05,0
35,111,0,7.377078997023355e-05,0
35,112,0,4.122470469736538e-05,0
35,113,0,6.111660535323563e-05,0
35,114,0,4.3769559189620275e-05,0
35,115,0,5.922017058865846e-05,0
35,116,0,7.385327900186409e-05,0
35,117,0,6.578876135508572e-05,0
35,118,0,0.00012379661239901734,0
35,119,0,7.054680415420468e-05,0
35,120,0,0.00011023039666891281,0
35,121,0,0.00010696697056953307,0
35,122,0,0.0001059843904845526,0
35,123,0,0.00011497412551442226,0
35,124,0,6.404664951456358e-05,0
35,125,0,9.650440802633585e-05,0
35,126,0,5.6266446250126844e-05,0
35,127,0,8.5163120605996e-05,0
35,128,0,0.00010855873067468388,0
35,129,0,0.00028754205804119826,0
35,130,0,0.0001596651174555455,0
35,131,0,0.0005154733797585777,0
35,132,0,0.0018027067495295086,0
35,133,0,0.0009622523506598065,0
35,134,0,0.00018513152494851315,0
35,135,0,0.0003188980244757572,0
35,136,0,0.0006101961198146173,0
35,137,0,0.0009700683489546703,0
35,138,0,0.00018281238631847157,0
35,139,0,0.00021436072827022267,0
35,140,0,0.000332296074968873,0
35,141,0,0.0001177628146515483,0
35,142,0,0.00035889687515811757,0
35,143,0,0.0001918016571002213,0
35,144,0,0.0005325144877366605,0
35,145,0,0.0002278228797446831,0
35,146,0,0.0002690439506757325,0
35,147,0,0.0004688103074063965,0
35,148,0,0.000947195287394498,0
35,149,0,0.00047924856322742416,0
35,150,0,0.0002174469392015164,0
35,151,0,0.0012915915286479758,0
35,152,0,0.0007551689686244312,0
35,153,0,0.0004056011425996644,0
35,154,0,0.0006608792535507559,0
35,155,0,0.0007248804096259195,0
35,156,0,0.0006889534754025795,0
35,157,0,0.0030334749600516835,0
35,158,0,0.0009661448253661627,0
35,159,0,0.0010175665334589013,0
35,160,0,0.0038103083001302597,0
35,161,0,0.0065803592573680965,0
35,162,0,0.008806694820253208,0
35,163,0,0.01956560663886924,0
35,164,0,0.0038115231852542974,0
35,165,0,0.003961535452231612,0
35,166,0,0.01989327078043274,0
35,167,0,0.035201208179319536,0
35,168,0,0.17615040638196144,0
35,169,0,0.22286951504700406,0
35,170,0,0.14589538820005002,0
35,171,0,0.2578600085585394,0
35,172,0,0.38567282049363116,1
35,173,0,0.2774609189488858,0
35,174,0,0.15277446107159195,0
35,175,0,0.22010934809159868,0
35,176,0,0.7786047728757879,1
35,177,0,0.9563150227610183,1
35,178,0,0.29407310453095636,0
35,179,1,0.3180298337451102,0
35,180,1,0.7325576381928646,1
35,181,1,0.8377940026643917,1
35,182,1,0.8939436598312249,1
35,183,1,0.8835371703610281,1
35,184,1,0.978666267155123,1
35,185,1,0.9498916135999631,1
35,186,1,0.9739065244132309,1
35,187,1,0.9834202338258047,1
35,188,1,0.9944215941432231,1
35,189,1,0.9957740115888567,1
35,190,1,0.9957686710122128,1
35,191,1,0.9971965720137868,1
35,192,1,0.9969797259552529,1
35,193,1,0.998065284863825,1
35,194,1,0.996147880934354,1
35,195,1,0.9966468978726278,1
35,196,1,0.9980762303068343,1
35,197,1,0.9966021248582781,1
35,198,1,0.9984267374223871,1
36,1,0,0.0005489628344885721,0
36,2,0,0.0005588614406918862,0
36,3,0,0.00014050209828905116,0
36,4,0,9.551033758817813e-05,0
36,5,0,7.124246371204516e-05,0
36,6,0,9.57057139427068e-05,0
36,7,0,5.933283889801164e-05,0
36,8,0,3.798304541308205e-05,0
36,9,0,3.901611364797939e-05,0
36,10,0,3.9873773252921447e-05,0
36,11,0,3.905379404922452e-05,0
36,12,0,3.994336212016906e-05,0
36,13,0,4.258831750715429e-05,0
36,14,0,5.695301300906715e-05,0
36,15,0,3.591315639461585e-05,0
36,16,0,4.484764690576041e-05,0
36,17,0,4.274872301392434e-05,0
36,18,0,4.386555922729012e-05,0
36,19,0,4.1463052433760776e-05,0
36,20,0,5.415451947508795e-05,0
36,21,0,5.771019981620605e-05,0
36,22,0,5.7473996882056806e-05,0
36,23,0,8.045303642472218e-05,0
36,24,0,4.5892037710580095e-05,0
36,25,0,5.160710511018523e-05,0
36,26,0,5.381505841959225e-05,0
36,27,0,6.542825814681859e-05,0
36,28,0,5.8352373468103787e-05,0
36,29,0,6.64584745198157e-05,0
36,30,0,8.474205844998858e-05,0
36,31,0,6.684701365129112e-05,0
36,32,0,6.729820429124712e-05,0
36,33,0,7.255168598198568e-05,0
36,34,0,0.000140577047402162,0
36,35,0,9.275077162344074e-05,0
36,36,0,7.769256364763451e-05,0
36,37,0,6.722674093264809e-05,0
36,38,0,8.626335090034651e-05,0
36,39,0,8.981307924883277e-05,0
36,40,0,7.26219775452874e-05,0
36,41,0,8.887721780621863e-05,0
36,42,0,0.00010205589931435409,0
36,43,0,7.370165451952651e-05,0
36,44,0,5.800206966466262e-05,0
36,45,0,9.086400677691054e-05,0
36,46,0,8.755624581951734e-05,0
36,47,0,9.498307403110436e-05,0
36,48,0,8.227226200609507e-05,0
36,49,0,0.00013440925406065372,0
36,50,0,9.82199294327643e-05,0
36,51,0,5.947852018681905e-05,0
36,52,0,4.652684701504381e-05,0
36,53,0,4.388306547579811e-05,0
36,54,0,4.466090000850149e-05,0
36,55,0,6.438485626851371e-05,0
36,56,0,9.328852433919694e-05,0
36,57,0,9.741688386371407e-05,0
36,58,0,7.458547856384974e-05,0
36,59,0,0.00014834414317477118,0
36,60,0,0.00013891328013032966,0
36,61,0,0.00028825301596625656,0
36,62,0,0.0002628363884349117,0
36,63,0,0.0002759799877465106,0
36,64,0,0.0002331400190799506,0
36,65,0,0.00017802780372506313,0
36,66,0,8.195310665589303e-05,0
36,67,0,0.00011860320053480392,0
36,68,0,8.297175653216945e-05,0
36,69,0,0.00015153429003190883,0
36,70,0,0.0001052582406814827,0
36,71,0,0.00015085230556516734,0
36,72,0,0.0002629412245285724,0
36,73,0,0.00010760122316033983,0
36,74,0,0.00013039632922197763,0
36,75,0,0.00012328229419335886,0
36,76,0,0.00010337714466142822,0
36,77,0,0.00037631245741774605,0
36,78,0,0.0001894835321182799,0
36,79,0,0.0001651733998663615,0
36,80,0,0.00015232164886882504,0
36,81,0,0.00019087367645367914,0
36,82,0,0.00026512873602500543,0
36,83,0,0.00028233776153025456,0
36,84,0,0.00020952750869186696,0
36,85,0,0.0005991906963962463,0
36,86,0,0.0002024320120624296,0
36,87,0,0.0002612161599151297,0
36,88,0,0.000331810726536406,0
36,89,0,0.0006728142560810269,0
36,90,0,0.0014949058968263577,0
36,91,0,0.00047250696560834684,0
36,92,0,0.0005398504684673584,0
36,93,0,0.0006450362204488632,0
36,94,0,0.0021078437022577444,0
36,95,0,0.0009592382928707289,0
36,96,0,0.009324059016638993,0
36,97,0,0.0010227176404115491,0
36,98,0,0.005417473095990995,0
36,99,0,0.0010629995015190767,0
36,100,0,0.0010822265309204464,0
36,101,0,0.0012937372623483179,0
36,102,0,0.0008875102149198008,0
36,103,0,0.001078291458965634,0
36,104,0,0.0008225124503807357,0
36,105,0,0.0018933952430484464,0
36,106,0,0.0008933544251167454,0
36,107,0,0.0035087637230609182,0
36,108,0,0.004354576333526872,0
36,109,0,0.009014443577221067,0
36,110,0,0.007090056700828298,0
36,111,0,0.015144255189748636,0
36,112,0,0.006173921085977086,0
36,113,0,0.16316540178139124,0
36,114,0,0.44571300362222077,1
36,115,1,0.14890546686040357,0
36,116,1,0.014512247198163911,0
36,117,1,0.15954443225235815,0
36,118,1,0.546312821345145,1
36,119,1,0.043287844136464644,0
36,120,1,0.4003745461517871,1
36,121,1,0.7887616517957763,1
36,122,1,0.9757574194616211,1
36,123,1,0.9535847478572993,1
36,124,1,0.9097823280550046,1
36,125,1,0.9904683245592908,1
36,126,1,0.9867511858345486,1
37,1,0,4.242894739897146e-05,0
37,2,0,6.0266990843791376e-05,0
37,3,0,4.4025543282184796e-05,0
37,4,0,4.510170750060367e-05,0
37,5,0,3.209892584524056e-05,0
37,6,0,4.26764167377788e-05,0
37,7,0,4.134330883920056e-05,0
37,8,0,5.0262810765184584e-05,0
37,9,0,5.120870886198157e-05,0
37,10,0,4.768331281396709e-05,0
37,11,0,4.417440626680745e-05,0
37,12,0,4.419320926635598e-05,0
37,13,0,3.6083012273536184e-05,0
37,14,0,3.214551121888356e-05,0
37,15,0,3.4791368884326906e-05,0
37,16,0,3.239435140373953e-05,0
37,17,0,3.549329493998933e-05,0
37,18,0,3.7860121232781484e-05,0
37,19,0,3.166972943613998e-05,0
37,20,0,3.2361203956621934e-05,0
37,21,0,2.9368963324900275e-05,0
37,22,0,3.570535817418345e-05,0
37,23,0,3.973652782234906e-05,0
37,24,0,3.279308922899637e-05,0
37,25,0,3.5880849802725336e-05,0
37,26,0,3.736437754238846e-05,0
37,27,0,3.55143953074633e-05,0
37,28,0,3.1429299936999865e-05,0
37,29,0,3.21946199086912e-05,0
37,30,0,3.173847752916639e-05,0
37,31,0,3.403743699569968e-05,0
37,32,0,2.910538924697355e-05,0
37,33,0,2.910538924697355e-05,0
37,34,0,3.1494675341022085e-05,0
37,35,0,2.8944409521362384e-05,0
37,36,0,3.2112589036912786e-05,0
37,37,0,3.078325782051534e-05,0
37,38,0,3.393315578488253e-05,0
37,39,0,3.755139603603731e-05,0
37,40,0,4.4013106272402276e-05,0
37,41,0,3.104610023269171e-05,0
37,42,0,3.118278639113695e-05,0
37,43,0,3.104610023269171e-05,0
37,44,0,3.063722211578011e-05,0
37,45,0,2.99061822158434e-05,0
37,46,0,3.104610023269171e-05,0
37,47,0,3.0047669262302003e-05,0
37,48,0,2.9330696369349776e-05,0
37,49,0,3.2387928578085125e-05,0
37,50,0,3.286194292517579e-05,0
37,51,0,3.3165514187720124e-05,0
37,52,0,3.3165514187720124e-05,0
37,53,0,2.99061822158434e-05,0
37,54,0,3.1063226176412726e-05,0
37,55,0,3.5531423321433695e-05,0
37,56,0,3.213026867666626e-05,0
37,57,0,3.330965150398151e-05,0
37,58,0,4.355305148330223e-05,0
37,59,0,3.3263329501600074e-05,0
37,60,0,4.3151350986933433e-05,0
37,61,0,2.880381490498514e-05,0
37,62,0,3.173847752916639e-05,0
37,63,0,3.540428119352672e-05,0
37,64,0,3.1063226176412726e-05,0
37,65,0,3.494323814392438e-05,0
37,66,0,3.809136589858222e-05,0
37,67,0,3.406182128538551e-05,0
37,68,0,3.688840810966719e-05,0
37,69,0,2.9437527537035583e-05,0
37,70,0,3.2775126133618914e-05,0
37,71,0,3.355841084436136e-05,0
37,72,0,3.426951717745834e-05,0
37,73,0,3.694109366968103e-05,0
37,74,0,4.237161604572073e-05,0
37,75,0,3.830456183072389e-05,0
37,76,0,3.152068438591707e-05,0
37,77,0,3.2219212022967404e-05,0
37,78,0,3.7236764081610944e-05,0
37,79,0,4.292386750298995e-05,0
37,80,0,3.5346079269167765e-05,0
37,81,0,3.685805917253064e-05,0
37,82,0,7.063450851090752e-05,0
37,83,0,5.282550680017803e-05,0
37,84,0,5.256571692522094e-05,0
37,85,0,3.5346079269167765e-05,0
37,86,0,5.70710140631297e-05,0
37,87,0,3.967148976214572e-05,0
37,88,0,3.1455457628563085e-05,0
37,89,0,5.201100309352873e-05,0
37,90,0,4.945514465480739e-05,0
37,91,0,5.6601054104731596e-05,0
37,92,0,4.094269167328657e-05,0
37,93,0,3.8868812602568074e-05,0
37,94,0,5.435056077285326e-05,0
37,95,0,3.6393463289543714e-05,0
37,96,0,7.081693714364138e-05,0
37,97,0,5.160180932200408e-05,0
37,98,0,5.200916210141486e-05,0
37,99,0,3.8979025496932515e-05,0
37,100,0,6.306355996052383e-05,0
37,101,0,0.00010532806499033053,0
37,102,0,4.427092849252789e-05,0
37,103,0,5.926941787715223e-05,0
37,104,0,0.00020382336958558339,0
37,105,0,0.00018818827217875354,0
37,106,0,8.598217488727692e-05,0
37,107,0,0.00011163502525176164,0
37,108,0,0.0009138658238547694,0
37,109,0,0.0006306248889917843,0
37,110,0,0.0003032213577651741,0
37,111,0,0.003042305196288002,0
37,112,1,0.007843768842696677,0
37,113,1,0.00535520255118344,0
37,114,1,0.0007215655872225976,0
37,115,1,0.033348684619084516,0
37,116,1,0.032138442207349766,0
37,117,1,0.256952809719897,0
37,118,1,0.32989727021177856,0
37,119,1,0.21346652250103898,0
37,120,1,0.36499027263103423,1
37,121,1,0.570704553098887,1
38,1,0,8.126389256559157e-05,0
38,2,0,7.555166218290913e-05,0
38,3,0,4.080633487141692e-05,0
38,4,0,3.9408030211649574e-05,0
38,5,0,3.368677179403334e-05,0
38,6,0,4.994772972627759e-05,0
38,7,0,4.355165313549069e-05,0
38,8,0,3.847753130906202e-05,0
38,9,0,4.48506984866539e-05,0
38,10,0,4.5969990209530386e-05,0
38,11,0,4.4058545274325675e-05,0
38,12,0,4.826291463313719e-05,0
38,13,0,3.284575331115794e-05,0
38,14,0,3.667876683082603e-05,0
38,15,0,5.579164459666626e-05,0
38,16,0,0.0002044274199641533,0
38,17,0,8.725762529457729e-05,0
38,18,0,0.00013613665729696016,0
38,19,0,8.538558946112887e-05,0
38,20,0,0.00015493895948035386,0
38,21,0,7.849209408859337e-05,0
38,22,0,5.32952613774631e-05,0
38,23,0,6.597802411568908e-05,0
38,24,0,5.518155963739218e-05,0
38,25,0,4.336843539674557e-05,0
38,26,0,0.00011669817380913318,0
38,27,0,6.273709246501151e-05,0
38,28,0,5.968052528552134e-05,0
38,29,0,5.61797087757376e-05,0
38,30,0,6.670277023188287e-05,0
38,31,0,8.064903211617043e-05,0
38,32,0,9.264739081859002e-05,0
38,33,0,5.648276931388947e-05,0
38,34,0,0.00013117619124641973,0
38,35,0,7.706622016702567e-05,0
38,36,0,6.988693911405559e-05,0
38,37,0,5.142723566569969e-05,0
38,38,0,9.870202546127146e-05,0
38,39,0,0.00010187250209563394,0
38,40,0,8.895737084353799e-05,0
38,41,0,6.898192705139837e-05,0
38,42,0,4.7714268046806374e-05,0
38,43,0,5.529895946602743e-05,0
38,44,0,3.91570821602575e-05,0
38,45,0,4.008318430616506e-05,0
38,46,0,9.249910955995122e-05,0
38,47,0,8.579090025606618e-05,0
38,48,0,7.571304351268216e-05,0
38,49,0,0.00010652437551829207,0
38,50,0,0.00010011567132530519,0
38,51,0,0.0001082532206559406,0
38,52,0,0.00010581627802680506,0
38,53,0,8.637409802102612e-05,0
38,54,0,0.0003129459762262528,0
38,55,0,0.00012380000682546462,0
38,56,0,0.00012500576063916748,0
38,57,0,0.00020471750455250165,0
38,58,0,0.00017204809606058378,0
38,59,0,0.00011378813086995302,0
38,60,0,5.939635720513246e-05,0
38,61,0,5.627272785825571e-05,0
38,62,0,6.379347830544609e-05,0
38,63,0,5.104232206043283e-05,0
38,64,0,6.069970351530239e-05,0
38,65,0,5.3975201484260724e-05,0
38,66,0,5.949965755617521e-05,0
38,67,0,5.718179940986842e-05,0
38,68,0,9.804311515933077e-05,0
38,69,0,7.049352792496015e-05,0
38,70,0,0.00012183104211268868,0
38,71,0,0.00012189123831123675,0
38,72,0,0.0001603256760916485,0
38,73,0,0.00017290573567959943,0
38,74,0,0.00013417789603118547,0
38,75,0,0.00012136572290730871,0
38,76,0,0.00013180198517272987,0
38,77,0,0.00021713479290421677,0
38,78,0,0.00015346052953998444,0
38,79,0,0.00011127267977874885,0
38,80,0,0.00011156476837717355,0
38,81,0,0.00012445584695808568,0
38,82,0,5.845715700196309e-05,0
38,83,0,0.00016881276382553438,0
38,84,0,7.974378171866178e-05,0
38,85,0,9.376464841848701e-05,0
38,86,0,0.00014695949041313168,0
38,87,0,0.00018359494496562453,0
38,88,0,0.0002924503719736588,0
38,89,0,0.00010993966200488257,0
38,90,0,0.00036336987829353225,0
38,91,0,0.00016579217497739661,0
38,92,0,0.0008967391329530909,0
38,93,0,0.0002577195964983084,0
38,94,0,0.00019246154645605057,0
38,95,0,0.00024067408442732035,0
38,96,0,0.00021576585986663596,0
38,97,0,0.0002417025561706609,0
38,98,0,0.00011566333758913943,0
38,99,0,0.0001264586461579456,0
38,100,0,0.00019244593713662472,0
38,101,0,0.0002656244573727965,0
38,102,0,0.00040040620634671333,0
38,103,0,0.00017151931363914365,0
38,104,0,0.00034996746183063636,0
38,105,0,0.00024381217832013507,0
38,106,0,0.00017629711530477382,0
38,107,0,9.801257199385179e-05,0
38,108,0,0.0001301585775889509,0
38,109,0,0.00011766476690806458,0
38,110,0,0.00017630698825095792,0
38,111,0,0.00015260135790852713,0
38,112,0,0.00017981526289556168,0
38,113,0,0.0001507120200183749,0
38,114,0,0.0001933941665237236,0
38,115,0,0.00022999941510377803,0
38,116,0,0.0004836555586482863,0
38,117,0,0.000621020527277144,0
38,118,0,0.000648189825651444,0
38,119,0,0.0008540370978419592,0
38,120,0,0.0005375400261550755,0
38,121,0,0.0005238791679339029,0
38,122,0,0.0006944629603491928,0
38,123,0,0.0015561622505747556,0
38,124,0,0.0005699498367350672,0
38,125,0,0.0007069906021252133,0
39,1,0,3.133300908010567e-05,0
39,2,0,2.99061822158434e-05,0
39,3,0,3.142417430391337e-05,0
39,4,0,3.142417430391337e-05,0
39,5,0,3.206159687613079e-05,0
39,6,0,3.0305304319046496e-05,0
39,7,0,4.035681951659713e-05,0
39,8,0,3.333976655267868e-05,0
39,9,0,3.0072510858598834e-05,0
39,10,0,3.0072510858598834e-05,0
39,11,0,3.0072510858598834e-05,0
39,12,0,3.118278639113695e-05,0
39,13,0,3.3937499569865324e-05,0
39,14,0,3.506069008196063e-05,0
39,15,0,3.506764292234257e-05,0
39,16,0,3.6362331764021246e-05,0
39,17,0,3.59248473100857e-05,0
39,18,0,3.54583691627039e-05,0
39,19,0,3.237414823936113e-05,0
39,20,0,3.0305304319046496e-05,0
39,21,0,3.2826679039886576e-05,0
39,22,0,3.5175410444056016e-05,0
39,23,0,3.329846042720576e-05,0
39,24,0,3.4379086903770425e-05,0
39,25,0,4.161884958590871e-05,0
39,26,0,3.7795654567209605e-05,0
39,27,0,3.177098714045071e-05,0
39,28,0,3.2124982981196683e-05,0
39,29,0,3.173847752916639e-05,0
39,30,0,3.939808278938745e-05,0
39,31,0,3.4379086903770425e-05,0
39,32,0,3.516997729337258e-05,0
39,33,0,3.4379086903770425e-05,0
39,34,0,3.173847752916639e-05,0
39,35,0,2.9330696369349776e-05,0
39,36,0,3.0233030788287972e-05,0
39,37,0,3.3919588179182515e-05,0
40,1,0,0.00017275028096973166,0
40,2,0,0.0003064606751583275,0
40,3,0,8.962033722819456e-05,0
40,4,0,0.0002742236269134601,0
40,5,0,0.0001847228385574275,0
40,6,0,0.00012386611643889602,0
40,7,0,8.05371333415285e-05,0
40,8,0,0.00010787122353486434,0
40,9,0,6.308019068529596e-05,0
40,10,0,6.745375290711237e-05,0
40,11,0,6.324115959164372e-05,0
40,12,0,4.4426064065625476e-05,0
40,13,0,5.036974644395444e-05,0
40,14,0,4.906789109955412e-05,0
40,15,0,5.810283093850861e-05,0
40,16,0,6.925591973609866e-05,0
40,17,0,8.842978037460363e-05,0
40,18,0,5.936565134714759e-05,0
40,19,0,7.315221159651178e-05,0
40,20,0,7.124267723824249e-05,0
40,21,0,6.065104198673443e-05,0
40,22,0,8.038409406523184e-05,0
40,23,0,6.78648782377005e-05,0
40,24,0,4.398835482474063e-05,0
40,25,0,4.486737467537609e-05,0
40,26,0,4.3111753811710787e-05,0
40,27,0,3.819860411230592e-05,0
40,28,0,4.511266457117867e-05,0
40,29,0,5.158199540354885e-05,0
40,30,0,4.177470878504653e-05,0
40,31,0,8.221016852754001e-05,0
40,32,0,0.00010771054556772492,0
40,33,0,8.224920286641249e-05,0
40,34,0,9.199384802860228e-05,0
40,35,0,0.00015050649697158705,0
40,36,0,0.00010328777393494779,0
40,37,0,0.00010724571251413837,0
40,38,0,0.00013350215514779394,0
40,39,0,0.00013364994508243387,0
40,40,0,0.00011995203377412752,0
40,41,0,6.313310886169667e-05,0
40,42,0,6.285374736322357e-05,0
40,43,0,7.188468509133013e-05,0
40,44,0,7.513364886325436e-05,0
40,45,0,6.330129731838664e-05,0
40,46,0,4.644850684152009e-05,0
40,47,0,4.3827158612427e-05,0
40,48,0,4.724587379506358e-05,0
40,49,0,4.9024163677265e-05,0
40,50,0,3.788713000214722e-05,0
40,51,0,4.033522555881691e-05,0
40,52,0,3.575841687467533e-05,0
40,53,0,5.128777999698349e-05,0
40,54,0,9.069247376080642e-05,0
40,55,0,5.1169188041437345e-05,0
40,56,0,0.0001003789543757563,0
40,57,0,0.00010478575735450927,0
40,58,0,0.00010602599021190272,0
40,59,0,0.00021971646373237212,0
40,60,0,0.00010494963933526642,0
40,61,0,8.805830142064615e-05,0
40,62,0,0.00010526946812347447,0
40,63,0,0.0001415554527250544,0
40,64,0,0.0001260262448345938,0
40,65,0,0.00013178562494688413,0
40,66,0,0.0001538125348352662,0
40,67,0,0.0002042478808367786,0
40,68,0,9.112244698124732e-05,0
40,69,0,0.0002644395910565564,0
40,70,0,0.00021965069256549445,0
40,71,0,9.867921813983738e-05,0
40,72,0,0.000247049668662545,0
40,73,0,0.000253676309347794,0
40,74,0,0.00010185173887644862,0
40,75,0,0.00012670353555585285,0
40,76,0,0.00013788121179911526,0
40,77,0,0.00011708438853386778,0
40,78,0,0.00014038786019788635,0
40,79,0,0.000101873959508035,0
40,80,0,0.00010397173855086879,0
40,81,0,0.0001370419288033369,0
40,82,0,5.539542482314452e-05,0
40,83,0,7.624543289506277e-05,0
40,84,0,0.00014358122485503413,0
40,85,0,9.513763091417509e-05,0
40,86,0,0.00014024054161444876,0
40,87,0,0.00010747156945062595,0
40,88,0,0.0001553272303775404,0
40,89,0,0.00014827384264853998,0
40,90,0,0.00014798758492245802,0
40,91,0,0.00020068803598544566,0
40,92,0,0.00018658425310869356,0
40,93,0,0.00020722678672315594,0
40,94,0,0.00016127395642359874,0
40,95,0,0.00020492838987030312,0
40,96,0,0.0002471883462095576,0
40,97,0,0.0003247911807698684,0
40,98,0,0.00010232295930494605,0
40,99,0,0.00039477577461601905,0
40,100,0,0.00033636864556636065,0
40,101,0,0.0005959942027459452,0
40,102,0,0.00041391555530587956,0
40,103,0,0.0008537160833195621,0
40,104,0,0.0013229603345977226,0
40,105,0,0.008543766817313359,0
40,106,0,0.00503199261101303,0
40,107,0,0.0009925710155707541,0
40,108,0,0.013553856290832108,0
40,109,0,0.001162960717914813,0
40,110,0,0.0009592157953817386,0
40,111,0,0.0026659652630794377,0
40,112,0,0.0007021254179341499,0
40,113,0,0.0009552256894030572,0
40,114,0,0.0015724407843387227,0
40,115,0,0.0015938426021245271,0
40,116,0,0.001218380585213791,0
40,117,0,0.010746058828938209,0
40,118,0,0.0067725023822784195,0
40,119,0,0.002727418474881585,0
40,120,0,0.05397482908183816,0
40,121,0,0.1378363802868946,0
40,122,0,0.04449842856001376,0
40,123,0,0.03281720049862274,0
40,124,0,0.023121582238301575,0
40,125,0,0.07474833105885044,0
40,126,0,0.1203915253814921,0
40,127,0,0.11022387182449826,0
40,128,0,0.2015462842798304,0
40,129,0,0.07361333873064572,0
40,130,0,0.15860027090769954,0
40,131,1,0.1830122309824404,0
40,132,1,0.4704451787912645,1
40,133,1,0.25893801227520374,0
41,1,0,3.325368847712165e-05,0
41,2,0,2.9330696369349776e-05,0
41,3,0,3.646351694225058e-05,0
41,4,0,3.2547609670222807e-05,0
41,5,0,3.177098714045071e-05,0
41,6,0,3.2547609670222807e-05,0
41,7,0,3.377757513790992e-05,0
41,8,0,2.9651940122769117e-05,0
41,9,0,3.550721871345598e-05,0
41,10,0,2.981685479429138e-05,0
41,11,0,3.152068438591707e-05,0
41,12,0,3.1187872652392335e-05,0
41,13,0,3.24624859146063e-05,0
41,14,0,2.9459830369720856e-05,0
41,15,0,3.377597572431366e-05,0
41,16,0,2.981685479429138e-05,0
41,17,0,2.907184286945038e-05,0
41,18,0,2.981685479429138e-05,0
41,19,0,2.8722069620670554e-05,0
41,20,0,3.0047669262302003e-05,0
41,21,0,2.9330696369349776e-05,0
41,22,0,3.0047669262302003e-05,0
41,23,0,3.25411564590521e-05,0
41,24,0,3.133300908010567e-05,0
41,25,0,3.261168683401529e-05,0
41,26,0,3.179499684398761e-05,0
41,27,0,3.3165514187720124e-05,0
41,28,0,3.2489820629202063e-05,0
41,29,0,3.25411564590521e-05,0
41,30,0,3.663512741401857e-05,0
41,31,0,2.9651940122769117e-05,0
41,32,0,3.638497940363771e-05,0
41,33,0,3.263428892570717e-05,0
41,34,0,4.164079949639344e-05,0
41,35,0,2.99061822158434e-05,0
41,36,0,3.621246046461501e-05,0
41,37,0,3.3165514187720124e-05,0
41,38,0,3.237414823936113e-05,0
41,39,0,3.4901479148151965e-05,0
41,40,0,2.99061822158434e-05,0
41,41,0,3.097206007133299e-05,0
41,42,0,2.9715560878743744e-05,0
41,43,0,3.134634626275282e-05,0
41,44,0,2.9938671437948447e-05,0
41,45,0,2.968788116742997e-05,0
41,46,0,3.012769870262461e-05,0
41,47,0,3.0047669262302003e-05,0
41,48,0,3.099444887531018e-05,0
41,49,0,2.9651940122769117e-05,0
41,50,0,2.9330696369349776e-05,0
41,51,0,3.25411564590521e-05,0
41,52,0,2.9330696369349776e-05,0
41,53,0,3.6691183094083885e-05,0
41,54,0,3.0047669262302003e-05,0
41,55,0,3.25411564590521e-05,0
41,56,0,3.067050549439202e-05,0
41,57,0,3.3014908981896866e-05,0
41,58,0,3.209892584524056e-05,0
41,59,0,2.8944409521362384e-05,0
41,60,0,3.258010243661544e-05,0
41,61,0,3.8453364012854e-05,0
41,62,0,3.4787622144200955e-05,0
41,63,0,2.9296890314270586e-05,0
41,64,0,3.25411564590521e-05,0
41,65,0,3.258729679360622e-05,0
41,66,0,3.277534531963933e-05,0
41,67,0,2.9660198619169174e-05,0
41,68,0,3.209892584524056e-05,0
41,69,0,2.981685479429138e-05,0
41,70,0,3.222187849188395e-05,0
41,71,0,3.3227393945977496e-05,0
41,72,0,3.613399150692578e-05,0
41,73,0,3.475010424357172e-05,0
41,74,0,3.958350279472045e-05,0
41,75,0,3.133300908010567e-05,0
41,76,0,4.809039934609218e-05,0
41,77,0,3.133300908010567e-05,0
41,78,0,5.3627579038916025e-05,0
41,79,0,3.341442839788653e-05,0
41,80,0,3.90689293810336e-05,0
41,81,0,3.10165624986767e-05,0
41,82,0,3.1764687905256564e-05,0
41,83,0,3.10165624986767e-05,0
41,84,0,3.794208246818968e-05,0
41,85,0,9.737919552048087e-05,0
41,86,0,4.296847562873894e-05,0
41,87,0,7.913726702156176e-05,0
41,88,0,5.762047699700498e-05,0
41,89,0,7.448767724122734e-05,0
41,90,0,4.8701215938568737e-05,0
41,91,0,6.504478145263444e-05,0
41,92,0,4.139937062392395e-05,0
41,93,0,3.689512551436527e-05,0
41,94,0,5.259821701809251e-05,0
41,95,0,4.3075292141784285e-05,0
41,96,0,3.274937160836424e-05,0
41,97,0,4.555617448572297e-05,0
41,98,0,6.144250470437158e-05,0
41,99,0,4.593946813959325e-05,0
41,100,0,8.674337426831132e-05,0
41,101,0,7.462181168722712e-05,0
41,102,0,9.792071215838639e-05,0
41,103,0,6.21481942426059e-05,0
41,104,0,0.0001572758614116225,0
41,105,0,0.00011951831142824951,0
41,106,0,0.0005272570310805025,0
41,107,0,9.876212616396659e-05,0
41,108,0,0.0010000105727073353,0
41,109,0,0.0006093805750533463,0
41,110,0,0.001406291101537649,0
41,111,1,0.000632474743654283,0
41,112,1,0.0002231045915906712,0
41,113,1,0.004319791785584523,0
41,114,1,0.010339152605655258,0
41,115,1,0.04578083566106905,0
41,116,1,0.042352300443629566,0
41,117,1,0.061522938127480296,0
41,118,1,0.5722110997359242,1
41,119,1,0.7287267513580579,1
41,120,1,0.9123472437730052,1
41,121,1,0.9917810062245135,1
41,122,1,0.9925883651706913,1
41,123,1,0.9494791848408657,1
42,1,0,3.133300908010567e-05,0
42,2,0,3.62484645397723e-05,0
42,3,0,2.9330696369349776e-05,0
42,4,0,3.04135849826172e-05,0
42,5,0,2.9330696369349776e-05,0
42,6,0,3.011455345866628e-05,0
42,7,0,2.9330696369349776e-05,0
42,8,0,3.0288703918220634e-05,0
42,9,0,2.9330696369349776e-05,0
42,10,0,3.4863047707482246e-05,0
42,11,0,3.32357853328642e-05,0
42,12,0,3.173847752916639e-05,0
42,13,0,3.173847752916639e-05,0
42,14,0,3.922410874329422e-05,0
42,15,0,4.009334457298372e-05,0
42,16,0,3.4551353386600664e-05,0
42,17,0,3.638710099031624e-05,0
42,18,0,4.1984509937364887e-05,0
42,19,0,3.3357178244236996e-05,0
42,20,0,3.9623942124078346e-05,0
42,21,0,3.607203175715574e-05,0
42,22,0,3.2917864159147815e-05,0
42,23,0,4.125698888422551e-05,0
42,24,0,3.715333625136112e-05,0
42,25,0,4.02032585806862e-05,0
42,26,0,3.715333625136112e-05,0
42,27,0,3.811188648618381e-05,0
42,28,0,3.0828769847662144e-05,0
42,29,0,3.3730812852019415e-05,0
42,30,0,3.158236117405212e-05,0
42,31,0,3.373838264394673e-05,0
42,32,0,3.0828769847662144e-05,0
42,33,0,3.0828769847662144e-05,0
42,34,0,3.116642070379165e-05,0
42,35,0,3.0402986673879764e-05,0
42,36,0,3.0828769847662144e-05,0
42,37,0,3.080873882867647e-05,0
42,38,0,2.968788116742997e-05,0
42,39,0,2.968788116742997e-05,0
42,40,0,2.8944409521362384e-05,0
42,41,0,3.166972943613998e-05,0
42,42,0,3.244387686299201e-05,0
42,43,0,3.201659057328324e-05,0
42,44,0,3.429781767351876e-05,0
42,45,0,3.791542780715308e-05,0
42,46,0,2.9330696369349776e-05,0
42,47,0,3.102909405710851e-05,0
42,48,0,2.9330696369349776e-05,0
42,49,0,3.597400003966265e-05,0
42,50,0,3.22911886140995e-05,0
42,51,0,3.185235492665295e-05,0
42,52,0,3.287943870771559e-05,0
42,53,0,3.152068438591707e-05,0
42,54,0,2.981685479429138e-05,0
42,55,0,2.981685479429138e-05,0
42,56,0,3.141628618436143e-05,0
42,57,0,3.109232144026674e-05,0
42,58,0,3.9317482649694594e-05,0
42,59,0,3.966095110905379e-05,0
42,60,0,3.994509318548392e-05,0
42,61,0,3.185235492665295e-05,0
42,62,0,3.276839452092024e-05,0
42,63,0,3.133300908010567e-05,0
42,64,0,3.1764687905256564e-05,0
42,65,0,3.2182998257067074e-05,0
42,66,0,3.3502840976612e-05,0
42,67,0,3.0479512246954768e-05,0
42,68,0,3.0047669262302003e-05,0
42,69,0,2.981685479429138e-05,0
42,70,0,3.0047669262302003e-05,0
42,71,0,3.215959160863616e-05,0
42,72,0,3.102909405710851e-05,0
42,73,0,3.234087593774801e-05,0
42,74,0,3.0047669262302003e-05,0
42,75,0,3.7902058472937894e-05,0
42,76,0,4.0263463305369944e-05,0
42,77,0,3.3832687549717434e-05,0
42,78,0,3.109232144026674e-05,0
42,79,0,3.06620599018838e-05,0
42,80,0,3.197075952528134e-05,0
42,81,0,3.334588937835176e-05,0
42,82,0,3.679409216562145e-05,0
42,83,0,3.705709958495717e-05,0
42,84,0,3.1795794827781794e-05,0
42,85,0,3.819545870718431e-05,0
42,86,0,3.623977559190827e-05,0
42,87,0,3.465870907009034e-05,0
42,88,0,3.913889210776979e-05,0
42,89,0,3.393315578488253e-05,0
42,90,0,3.10165624986767e-05,0
42,91,0,4.2027153687082635e-05,0
42,92,0,3.5034877755620795e-05,0
42,93,0,3.287943870771559e-05,0
42,94,0,3.371039481464388e-05,0
42,95,0,4.33239668345415e-05,0
42,96,0,4.623443675234057e-05,0
42,97,0,3.714963188092841e-05,0
42,98,0,5.197662659223722e-05,0
42,99,0,4.205177601842797e-05,0
42,100,0,6.231142145491407e-05,0
42,101,0,3.574314455559679e-05,0
42,102,0,4.00492284692962e-05,0
42,103,0,4.47396013576174e-05,0
42,104,0,7.324312701110728e-05,0
42,105,0,3.5684576886448976e-05,0
42,106,0,6.184232027972408e-05,0
42,107,0,5.4945323619042835e-05,0
42,108,0,7.790372891122992e-05,0
42,109,0,3.962327285318047e-05,0
42,110,0,4.449736624899324e-05,0
42,111,0,5.965813907960216e-05,0
42,112,0,0.00015371957297525751,0
42,113,0,4.3348655664763564e-05,0
42,114,0,9.498863371429132e-05,0
42,115,0,0.00013288116901915761,0
42,116,0,0.00010333563631906893,0
42,117,0,6.385582128144767e-05,0
42,118,0,4.326943207766819e-05,0
42,119,0,5.487272242875844e-05,0
42,120,0,6.434870087938628e-05,0
42,121,0,0.00021334618287192255,0
42,122,0,0.00021493233295286998,0
42,123,0,0.00015515153459773714,0
42,124,0,0.00022218465718111554,0
42,125,0,0.0004915212388718512,0
42,126,0,0.000770837589893261,0
42,127,0,0.0002191103672269859,0
42,128,0,0.00012910098532332423,0
42,129,0,0.0001686066264886132,0
42,130,0,0.0031607810177151055,0
42,131,0,0.00022740192809854708,0
42,132,0,0.00073079298385389,0
42,133,0,0.0006396474076006085,0
42,134,0,0.0028888244262216716,0
42,135,0,0.0008246229667570101,0
42,136,1,0.0019412923241172652,0
42,137,1,0.0005323869413337942,0
42,138,1,0.0033760293090182116,0
42,139,1,0.0059237227356461405,0
42,140,1,0.06493758093095205,0
42,141,1,0.22565656764259537,0
42,142,1,0.5087048121599593,1
42,143,1,0.9774604266364015,1
42,144,1,0.9823087482928945,1
42,145,1,0.9836519883681178,1
42,146,1,0.9961344419624976,1
42,147,1,0.9648395471941966,1
42,148,1,0.9979020334743833,1
42,149,1,0.9971739480371604,1
42,150,1,0.9986103375791027,1
42,151,1,0.9975281409847301,1
42,152,1,0.9960546925776761,1
42,153,1,0.9948430525103262,1
42,154,1,0.9964122831489304,1
42,155,1,0.9978388634496552,1
42,156,1,0.9976357259626154,1
43,1,0,5.08280101620979e-05,0
43,2,0,3.415122877599202e-05,0
43,3,0,3.0047669262302003e-05,0
43,4,0,5.014625611687523e-05,0
43,5,0,4.358350530801091e-05,0
43,6,0,6.067866037325009e-05,0
43,7,0,3.393988503297661e-05,0
43,8,0,3.295389999185339e-05,0
43,9,0,3.5370616394118e-05,0
43,10,0,3.977173182371426e-05,0
43,11,0,4.876040356475885e-05,0
43,12,0,3.4379086903770425e-05,0
43,13,0,4.763601388893528e-05,0
43,14,0,3.1352562539481205e-05,0
43,15,0,3.2775126133618914e-05,0
43,16,0,4.738041321696035e-05,0
43,17,0,3.293441183092052e-05,0
43,18,0,3.357493068604799e-05,0
43,19,0,3.0072510858598834e-05,0
43,20,0,3.0072510858598834e-05,0
43,21,0,3.285137041636103e-05,0
43,22,0,3.477745814838417e-05,0
43,23,0,3.335803019043788e-05,0
43,24,0,3.0072510858598834e-05,0
43,25,0,3.254118620259733e-05,0
43,26,0,4.15274563296617e-05,0
43,27,0,3.6467353109033815e-05,0
43,28,0,3.506764292234257e-05,0
43,29,0,5.008550967944544e-05,0
43,30,0,5.4399777581905324e-05,0
43,31,0,4.468381410395133e-05,0
43,32,0,3.699475122200559e-05,0
43,33,0,3.9832765926856526e-05,0
43,34,0,3.787479666373766e-05,0
43,35,0,3.678057498134808e-05,0
43,36,0,3.509383475792442e-05,0
43,37,0,3.509383475792442e-05,0
43,38,0,3.5468326279148136e-05,0
43,39,0,3.6385136011784515e-05,0
43,40,0,3.525368382728694e-05,0
43,41,0,3.2127902836407305e-05,0
43,42,0,3.415821927918249e-05,0
43,43,0,3.70608564317297e-05,0
43,44,0,2.910538924697355e-05,0
43,45,0,3.0778305600051554e-05,0
43,46,0,3.948165139115401e-05,0
43,47,0,3.315150356889369e-05,0
43,48,0,3.315807781350672e-05,0
43,49,0,3.2068192546754316e-05,0
43,50,0,3.303136445475525e-05,0
43,51,0,3.15781005020289e-05,0
43,52,0,3.082461083702164e-05,0
43,53,0,5.134734892538346e-05,0
43,54,0,4.4767337317375245e-05,0
43,55,0,4.338592746331317e-05,0
43,56,0,4.024210672298546e-05,0
43,57,0,4.0958697725986704e-05,0
43,58,0,4.806835435806402e-05,0
43,59,0,3.870619320386561e-05,0
43,60,0,4.134851459358228e-05,0
43,61,0,3.9469958621641497e-05,0
43,62,0,4.7709196795558995e-05,0
43,63,0,4.079509695367937e-05,0
43,64,0,4.626505610540224e-05,0
43,65,0,4.225103724900775e-05,0
43,66,0,4.0341299099970064e-05,0
43,67,0,3.527201314142098e-05,0
43,68,0,3.0620439905206095e-05,0
43,69,0,3.0047669262302003e-05,0
43,70,0,2.9651940122769117e-05,0
43,71,0,3.2112589036912786e-05,0
43,72,0,3.476126415789997e-05,0
43,73,0,3.299735035108849e-05,0
43,74,0,4.032099521395615e-05,0
43,75,0,3.133300908010567e-05,0
43,76,0,3.7476535300923405e-05,0
43,77,0,3.684247427567393e-05,0
43,78,0,3.559330349563322e-05,0
43,79,0,3.68387318005603e-05,0
43,80,0,3.32783463244702e-05,0
43,81,0,3.1441508797875196e-05,0
43,82,0,3.270232095934113e-05,0
43,83,0,3.5358835212896805e-05,0
43,84,0,3.6208119648298515e-05,0
43,85,0,3.5344156325535035e-05,0
43,86,0,3.261827872414089e-05,0
43,87,0,3.848372684284595e-05,0
43,88,0,3.039339545922015e-05,0
43,89,0,3.2170949209948495e-05,0
43,90,0,2.99061822158434e-05,0
43,91,0,3.6979192617627224e-05,0
43,92,0,2.99061822158434e-05,0
43,93,0,2.99061822158434e-05,0
43,94,0,3.0305304319046496e-05,0
43,95,0,4.039238468696744e-05,0
43,96,0,3.56312764768734e-05,0
43,97,0,3.244387686299201e-05,0
43,98,0,3.166972943613998e-05,0
43,99,0,3.974928337613403e-05,0
43,100,0,3.4100951478823636e-05,0
43,101,0,3.328726570233456e-05,0
43,102,0,3.284887233527546e-05,0
43,103,0,3.9478865229265313e-05,0
43,104,0,4.07518569136476e-05,0
43,105,0,6.153312543614802e-05,0
43,106,0,8.021562463275235e-05,0
43,107,0,6.969271202433776e-05,0
43,108,0,5.8515511410535324e-05,0
43,109,0,0.00010164316556788087,0
43,110,0,4.04804621482874e-05,0
43,111,0,5.539217357318566e-05,0
43,112,0,4.5432738100426334e-05,0
43,113,0,3.666335174333674e-05,0
43,114,0,4.1154657246335894e-05,0
43,115,0,3.3660634079359615e-05,0
43,116,0,4.487154316383969e-05,0
43,117,0,6.068208682694812e-05,0
43,118,0,5.234484210196222e-05,0
43,119,0,8.224489165550616e-05,0
43,120,0,5.364695626563346e-05,0
43,121,0,2.9523690249498077e-05,0
43,122,0,3.52429873764165e-05,0
43,123,0,3.414317420898711e-05,0
43,124,0,2.910538924697355e-05,0
43,125,0,3.380017271047596e-05,0
43,126,0,3.5756128423145824e-05,0
43,127,0,3.8590222379186634e-05,0
43,128,0,3.8409386293473315e-05,0
43,129,0,3.832598716405996e-05,0
43,130,0,3.7715979405779114e-05,0
43,131,0,3.621902628507113e-05,0
43,132,0,3.263994613001356e-05,0
43,133,0,3.7716576725403514e-05,0
43,134,0,4.067623159968102e-05,0
43,135,0,5.259187558582404e-05,0
43,136,0,5.069935654457091e-05,0
43,137,0,3.49301820532434e-05,0
43,138,0,3.529709772535394e-05,0
43,139,0,3.743021705923887e-05,0
43,140,0,4.576650569941101e-05,0
43,141,0,4.115505156224764e-05,0
43,142,0,3.757481336156265e-05,0
43,143,0,3.687107017566395e-05,0
43,144,0,4.713778541441802e-05,0
43,145,0,6.030983987886299e-05,0
43,146,0,3.7633924762392046e-05,0
43,147,0,4.1383839288070086e-05,0
43,148,0,3.9539823614956796e-05,0
43,149,0,6.233565869594861e-05,0
43,150,0,4.2388434350711114e-05,0
43,151,0,3.660522799420227e-05,0
43,152,0,4.0921513371020746e-05,0
43,153,0,5.484923194962273e-05,0
43,154,0,3.5556784616743155e-05,0
43,155,0,4.297738499274624e-05,0
43,156,0,7.716962955912219e-05,0
43,157,0,4.936903871940079e-05,0
43,158,0,3.3047388158211055e-05,0
43,159,0,4.217708370819622e-05,0
43,160,0,5.3434037595814805e-05,0
43,161,0,5.60226322334347e-05,0
43,162,0,0.00010921059668200649,0
43,163,0,7.876677680628981e-05,0
43,164,0,9.274039395897454e-05,0
43,165,0,0.0001343873232987084,0
43,166,0,6.414112278252809e-05,0
43,167,0,0.0001532458404396136,0
43,168,0,0.00024014900404406713,0
43,169,0,0.00036348584781871306,0
43,170,0,0.0002492199033406354,0
43,171,0,0.00021590538190052676,0
43,172,0,0.0006694397839350211,0
44,1,0,3.3336343368525555e-05,0
44,2,0,3.237414823936113e-05,0
44,3,0,3.25411564590521e-05,0
44,4,0,2.9651940122769117e-05,0
44,5,0,2.9330696369349776e-05,0
44,6,0,3.25411564590521e-05,0
44,7,0,2.9330696369349776e-05,0
44,8,0,3.116642070379165e-05,0
44,9,0,3.23564146201821e-05,0
44,10,0,3.133300908010567e-05,0
44,11,0,3.715310649267535e-05,0
44,12,0,3.529118420305553e-05,0
44,13,0,3.0828769847662144e-05,0
44,14,0,3.4682637944831846e-05,0
44,15,0,3.476977097383511e-05,0
44,16,0,3.0608073382744165e-05,0
44,17,0,3.476977097383511e-05,0
44,18,0,3.3767735322564195e-05,0
44,19,0,4.0374416659384244e-05,0
44,20,0,4.0549957161322336e-05,0
44,21,0,3.080762376567571e-05,0
44,22,0,3.802704728843117e-05,0
44,23,0,3.3098208690639226e-05,0
44,24,0,3.5199236740920466e-05,0
44,25,0,3.3324069117872045e-05,0
44,26,0,3.440602163321095e-05,0
44,27,0,3.3324069117872045e-05,0
44,28,0,3.9899820065617964e-05,0
44,29,0,3.0047669262302003e-05,0
44,30,0,3.0305304319046496e-05,0
44,31,0,3.771571351188304e-05,0
44,32,0,3.429039582533435e-05,0
44,33,0,3.429039582533435e-05,0
44,34,0,4.5904232587014636e-05,0
44,35,0,3.551075700392596e-05,0
44,36,0,3.7546063636048765e-05,0
44,37,0,3.6338947460147905e-05,0
44,38,0,3.1313960968729026e-05,0
44,39,0,4.3940195385045365e-05,0
44,40,0,3.247006928630144e-05,0
44,41,0,3.0711431876028074e-05,0
44,42,0,3.3165514187720124e-05,0
44,43,0,4.247925501019167e-05,0
44,44,0,3.9286260705156996e-05,0
44,45,0,4.1092676300147414e-05,0
44,46,0,4.010058928505414e-05,0
44,47,0,3.9286260705156996e-05,0
44,48,0,4.5266623270009635e-05,0
44,49,0,3.834885255806737e-05,0
44,50,0,4.196817938696363e-05,0
44,51,0,4.260194244279228e-05,0
44,52,0,4.1092676300147414e-05,0
44,53,0,5.578216969168839e-05,0
44,54,0,5.6946213619035804e-05,0
45,1,0,6.124976491664838e-05,0
45,2,0,8.048469026302093e-05,0
45,3,0,8.970368480031916e-05,0
45,4,0,0.0001152365147568117,0
45,5,0,9.086992728710469e-05,0
45,6,0,6.477848554755477e-05,0
45,7,0,5.392336854646101e-05,0
45,8,0,4.242778201639588e-05,0
45,9,0,3.439622178812915e-05,0
45,10,0,4.153624053157697e-05,0
45,11,0,4.8341411050085256e-05,0
45,12,0,6.128885451669262e-05,0
45,13,0,4.0291412989526343e-05,0
45,14,0,3.8892534658211225e-05,0
45,15,0,5.055749807426618e-05,0
45,16,0,4.226551150655911e-05,0
45,17,0,4.3924132903855166e-05,0
45,18,0,3.7426670038107595e-05,0
45,19,0,3.571304252988993e-05,0
45,20,0,4.274858918918397e-05,0
45,21,0,3.763733077700836e-05,0
45,22,0,2.8722069620670554e-05,0
45,23,0,4.0064279326517125e-05,0
45,24,0,3.530193598218149e-05,0
45,25,0,3.185301862423299e-05,0
45,26,0,3.740562419239396e-05,0
45,27,0,3.230590827565866e-05,0
45,28,0,4.103153733528106e-05,0
45,29,0,3.174579608461602e-05,0
45,30,0,3.3692082872919155e-05,0
45,31,0,4.01828450432236e-05,0
45,32,0,3.377552178747939e-05,0
45,33,0,3.1526935234452994e-05,0
45,34,0,3.2297592255944346e-05,0
45,35,0,3.165020836072635e-05,0
45,36,0,3.152068438591707e-05,0
45,37,0,4.151439147740768e-05,0
45,38,0,3.1105556175199714e-05,0
45,39,0,3.887194946958831e-05,0
45,40,0,4.9822666468846296e-05,0
45,41,0,3.682797316294347e-05,0
45,42,0,4.19234691636858e-05,0
45,43,0,3.8918750626583435e-05,0
45,44,0,3.476262937968872e-05,0
45,45,0,3.651222736728753e-05,0
45,46,0,5.279554973581107e-05,0
45,47,0,3.952832820104281e-05,0
45,48,0,4.751827077501808e-05,0
45,49,0,4.2336719160252545e-05,0
45,50,0,3.344495366848653e-05,0
45,51,0,2.910538924697355e-05,0
45,52,0,3.2640052602409014e-05,0
45,53,0,2.910538924697355e-05,0
45,54,0,6.2717691959833e-05,0
45,55,0,3.330446856673283e-05,0
45,56,0,4.459407771477645e-05,0
45,57,0,5.155212823251296e-05,0
45,58,0,4.2500324277041915e-05,0
45,59,0,3.181090026723806e-05,0
45,60,0,3.4181336692011155e-05,0
45,61,0,3.380634727832483e-05,0
45,62,0,3.6245366725880914e-05,0
45,63,0,3.380634727832483e-05,0
45,64,0,3.643989455472063e-05,0
45,65,0,3.7093728972564745e-05,0
45,66,0,3.5498067638783054e-05,0
45,67,0,3.273648333426256e-05,0
45,68,0,3.452750624918627e-05,0
45,69,0,4.320597923613567e-05,0
45,70,0,4.06095571947192e-05,0
45,71,0,4.309873862892609e-05,0
45,72,0,5.92319983838366e-05,0
45,73,0,4.8451320089847064e-05,0
45,74,0,4.3845216442782504e-05,0
45,75,0,3.592735876296703e-05,0
45,76,0,3.388675596357073e-05,0
45,77,0,3.619535464109625e-05,0
45,78,0,3.919898369749382e-05,0
45,79,0,4.278568666482954e-05,0
45,80,0,3.9052705856825726e-05,0
45,81,0,4.039122752493243e-05,0
45,82,0,4.3156096763491484e-05,0
45,83,0,4.093330183801488e-05,0
45,84,0,4.374643864288319e-05,0
45,85,0,3.7567653009103545e-05,0
45,86,0,3.500518618774857e-05,0
45,87,0,3.593927596475924e-05,0
45,88,0,3.7567653009103545e-05,0
45,89,0,3.945663195249167e-05,0
45,90,0,4.947886668646002e-05,0
45,91,0,5.0999620209230027e-05,0
45,92,0,5.441617679458056e-05,0
45,93,0,4.995388738171421e-05,0
45,94,0,5.2882019342197575e-05,0
45,95,0,4.840847888124681e-05,0
45,96,0,4.248411443931452e-05,0
45,97,0,4.902550556443577e-05,0
45,98,0,4.840426361879646e-05,0
45,99,0,4.039155400373344e-05,0
45,100,0,4.87260467075186e-05,0
45,101,0,6.787851493806111e-05,0
45,102,0,6.039883879066217e-05,0
45,103,0,5.657484913916085e-05,0
45,104,0,6.084544331946815e-05,0
45,105,0,6.208537464573341e-05,0
45,106,0,5.524537201067628e-05,0
45,107,0,8.670757213166886e-05,0
45,108,0,6.28879597962106e-05,0
45,109,0,7.886796818834268e-05,0
45,110,0,0.0001251049408007477,0
45,111,0,4.9689585020991636e-05,0
45,112,0,5.242689025878577e-05,0
45,113,0,4.0436685155947965e-05,0
45,114,0,0.00010738980037703654,0
45,115,0,7.324870708555509e-05,0
45,116,0,5.6121159025356204e-05,0
45,117,0,4.5475728101964267e-05,0
45,118,0,4.86030918431739e-05,0
45,119,0,4.127932251326442e-05,0
45,120,0,4.393254263467793e-05,0
45,121,0,4.268061395288431e-05,0
45,122,0,6.6168819039941e-05,0
45,123,0,4.342443912971488e-05,0
45,124,0,5.967337949287593e-05,0
45,125,0,8.501827593259024e-05,0
45,126,0,6.834035288440864e-05,0
45,127,0,7.348957633540906e-05,0
45,128,0,8.267447639464437e-05,0
45,129,0,7.1036279029088e-05,0
45,130,0,7.393177259333875e-05,0
45,131,0,6.69180247923947e-05,0
45,132,0,9.177875808583086e-05,0
45,133,0,8.702838385828483e-05,0
45,134,0,8.511390496277686e-05,0
45,135,0,0.00010846487328098722,0
45,136,0,0.00014868809502493197,0
45,137,0,0.00011988775229119677,0
45,138,0,0.00010122703212434523,0
45,139,0,0.0001595338613436116,0
45,140,0,9.412741526651582e-05,0
45,141,0,0.00010916511602405748,0
45,142,0,8.690250010112562e-05,0
45,143,0,7.325397452511518e-05,0
45,144,0,0.00020713765646007118,0
45,145,0,7.444145193960739e-05,0
45,146,0,6.877856656462548e-05,0
45,147,0,0.00010691980289576222,0
45,148,0,0.0002120466610557842,0
45,149,0,0.0002566778736928435,0
45,150,0,0.00043411077498449566,0
45,151,0,0.0003781560406574209,0
45,152,0,0.00019045074630649893,0
46,1,0,3.6445134514094654e-05,0
46,2,0,4.5134319912037276e-05,0
46,3,0,4.808289396852146e-05,0
46,4,0,5.385663053387477e-05,0
46,5,0,3.380017271047596e-05,0
46,6,0,3.199953498813786e-05,0
46,7,0,3.15781005020289e-05,0
46,8,0,3.199953498813786e-05,0
46,9,0,3.199953498813786e-05,0
46,10,0,3.268011165897036e-05,0
46,11,0,3.122221480176343e-05,0
46,12,0,3.0047669262302003e-05,0
46,13,0,3.0047669262302003e-05,0
46,14,0,2.9330696369349776e-05,0
46,15,0,3.0047669262302003e-05,0
46,16,0,3.2468622711309934e-05,0
46,17,0,3.173847752916639e-05,0
46,18,0,3.90114028688745e-05,0
46,19,0,3.431669838134237e-05,0
46,20,0,3.0047669262302003e-05,0
46,21,0,3.1252638359689495e-05,0
46,22,0,3.429781767351876e-05,0
46,23,0,4.4526287693450816e-05,0
46,24,0,3.836125830870941e-05,0
46,25,0,3.1426455326531945e-05,0
46,26,0,5.305848774585831e-05,0
46,27,0,4.361048958476686e-05,0
46,28,0,4.233200033447104e-05,0
46,29,0,4.161903957917193e-05,0
46,30,0,4.191797057069636e-05,0
46,31,0,4.2546374063050746e-05,0
46,32,0,3.893954934167629e-05,0
46,33,0,4.997044990538329e-05,0
46,34,0,4.4333543479256814e-05,0
46,35,0,4.016896224406249e-05,0
46,36,0,4.630677723430716e-05,0
46,37,0,4.020960043598449e-05,0
46,38,0,3.67641893229948e-05,0
46,39,0,3.1446204571797114e-05,0
46,40,0,3.249248712786752e-05,0
46,41,0,3.6227135757493264e-05,0
46,42,0,3.7581291238990117e-05,0
46,43,0,3.9110038547653225e-05,0
46,44,0,3.143085163050517e-05,0
46,45,0,2.969093497020773e-05,0
46,46,0,3.322819569601089e-05,0
46,47,0,3.0305304319046496e-05,0
46,48,0,3.747568576658341e-05,0
46,49,0,3.2410157944763256e-05,0
46,50,0,3.5082569730360424e-05,0
46,51,0,3.8583164759855796e-05,0
46,52,0,7.497084007535768e-05,0
46,53,0,3.6387174900824755e-05,0
46,54,0,3.555077244059005e-05,0
46,55,0,4.560294924317377e-05,0
46,56,0,3.406249795894024e-05,0
46,57,0,3.91168794950507e-05,0
46,58,0,3.9480687806054206e-05,0
46,59,0,3.3370781698017785e-05,0
46,60,0,3.7559763978620916e-05,0
46,61,0,0.00013108574286565763,0
46,62,0,0.00013253940185841757,0
46,63,0,7.326593137397424e-05,0
46,64,0,5.328839367528465e-05,0
46,65,0,4.153941563300362e-05,0
46,66,0,4.4883369821666445e-05,0
46,67,0,4.3789444291151175e-05,0
46,68,0,4.489144741625393e-05,0
46,69,0,4.0503101868928225e-05,0
46,70,0,3.994166895605622e-05,0
46,71,0,3.3619367780469495e-05,0
46,72,0,2.9330696369349776e-05,0
46,73,0,3.0288703918220634e-05,0
46,74,0,3.04135849826172e-05,0
46,75,0,3.195153140086633e-05,0
46,76,0,2.9330696369349776e-05,0
46,77,0,6.105413612587015e-05,0
46,78,0,5.04756502347759e-05,0
46,79,0,3.5896906483759356e-05,0
46,80,0,6.838352255111134e-05,0
46,81,0,4.6167925487714196e-05,0
46,82,0,4.8632139390089116e-05,0
46,83,0,5.4135005554122974e-05,0
46,84,0,3.489788880907071e-05,0
46,85,0,3.567180841031339e-05,0
46,86,0,7.978319714628445e-05,0
46,87,0,7.9464427328987e-05,0
46,88,0,4.499389851006332e-05,0
46,89,0,6.124025091324202e-05,0
46,90,0,3.894713909279179e-05,0
46,91,0,3.662645233876535e-05,0
46,92,0,3.6005302063216974e-05,0
46,93,0,8.105937152262283e-05,0
46,94,0,4.0243505957060795e-05,0
46,95,0,6.521461455060949e-05,0
46,96,0,5.975758772245631e-05,0
46,97,0,4.828005922511046e-05,0
46,98,0,8.23696807070563e-05,0
46,99,0,3.984609684956478e-05,0
46,100,0,4.393133734092223e-05,0
46,101,0,4.811488040006998e-05,0
46,102,0,3.726689538765572e-05,0
46,103,0,4.093288849984034e-05,0
46,104,0,4.5585521916384376e-05,0
46,105,0,3.6148577734149786e-05,0
46,106,0,3.561762763926075e-05,0
46,107,0,3.3023316019864315e-05,0
46,108,0,4.3141180034529174e-05,0
46,109,0,4.556803891855521e-05,0
46,110,0,3.4831089697997117e-05,0
46,111,0,8.123028090134826e-05,0
46,112,0,5.306547537842406e-05,0
46,113,0,4.32843745172186e-05,0
46,114,0,0.00010891078446900501,0
46,115,0,0.0001467624130479409,0
46,116,0,0.00024900983721178613,0
46,117,0,0.00012129031712537078,0
46,118,0,4.716857271020588e-05,0
46,119,0,0.00012476863129403244,0
46,120,0,6.937284045754332e-05,0
46,121,0,7.30706192412022e-05,0
46,122,0,4.362967466618145e-05,0
46,123,0,9.282966928916698e-05,0
46,124,0,0.00012450542983542118,0
46,125,0,0.00015764631870238518,0
46,126,0,0.0009252681429738917,0
46,127,0,0.0006471132800048808,0
46,128,0,0.001593342959219963,0
46,129,0,0.00046567174676101746,0
46,130,0,0.0011353590055303373,0
46,131,0,0.0011004617117594457,0
46,132,0,0.005515032447379064,0
46,133,0,0.0031752378856894307,0
46,134,0,0.005557736225097455,0
46,135,0,0.00036565647917452044,0
46,136,0,0.0039012699844119046,0
46,137,0,0.0019137217642882793,0
46,138,0,0.0039910084839183966,0
46,139,0,0.01854216241423109,0
46,140,0,0.014037255657567659,0
46,141,0,0.017536112920521665,0
46,142,0,0.0009256412021761783,0
46,143,0,0.002793415575065131,0
46,144,0,0.0005093299854599978,0
46,145,0,0.0020295149592243307,0
46,146,0,0.0061077283992813595,0
47,1,0,0.00025893592493074214,0
47,2,0,9.600823541893107e-05,0
47,3,0,5.3839408550417723e-05,0
47,4,0,4.522584441454317e-05,0
47,5,0,4.4696883532522976e-05,0
47,6,0,5.163330978650406e-05,0
47,7,0,4.779142285508882e-05,0
47,8,0,5.582244481971381e-05,0
47,9,0,5.9347861158284716e-05,0
47,10,0,6.0507412040375894e-05,0
47,11,0,6.146349904194886e-05,0
47,12,0,6.485543681915171e-05,0
47,13,0,5.1112926911908327e-05,0
47,14,0,5.593345345647576e-05,0
47,15,0,7.048900291401061e-05,0
47,16,0,0.00011351012657749995,0
47,17,0,0.00011980846449197791,0
47,18,0,7.234078796970384e-05,0
47,19,0,9.242793662744509e-05,0
47,20,0,7.437295151115119e-05,0
47,21,0,8.015951034531504e-05,0
47,22,0,7.262552617059503e-05,0
47,23,0,8.607964896247008e-05,0
47,24,0,5.082849668978072e-05,0
47,25,0,7.353648978927692e-05,0
47,26,0,6.090826872732816e-05,0
47,27,0,5.8180390119862306e-05,0
47,28,0,5.7711929254834346e-05,0
47,29,0,5.239579920826076e-05,0
47,30,0,5.4205503071641873e-05,0
47,31,0,4.618682348086666e-05,0
47,32,0,4.380536316513745e-05,0
47,33,0,7.541858171806569e-05,0
47,34,0,4.3318260602232035e-05,0
47,35,0,4.789425887580009e-05,0
47,36,0,4.4852346732792404e-05,0
47,37,0,6.329891532371486e-05,0
47,38,0,7.817984261527519e-05,0
47,39,0,5.908126333765674e-05,0
47,40,0,8.109167665395795e-05,0
47,41,0,7.233794552992968e-05,0
47,42,0,8.650248039029808e-05,0
47,43,0,8.579101964410751e-05,0
47,44,0,7.7685129717122e-05,0
47,45,0,7.278983202663441e-05,0
47,46,0,8.642830337163667e-05,0
47,47,0,6.242200860101273e-05,0
47,48,0,4.151691119445748e-05,0
47,49,0,4.630148237882056e-05,0
47,50,0,4.235184595394356e-05,0
47,51,0,5.007041046373169e-05,0
47,52,0,4.676147099247265e-05,0
47,53,0,3.766261477676148e-05,0
47,54,0,4.213205725899872e-05,0
47,55,0,3.356302773619783e-05,0
47,56,0,3.613503821760769e-05,0
47,57,0,4.0633364346230834e-05,0
47,58,0,5.422288046779072e-05,0
47,59,0,5.872939927514592e-05,0
47,60,0,5.7006641217278306e-05,0
47,61,0,5.1485549412847193e-05,0
47,62,0,5.484364712273886e-05,0
47,63,0,5.51061618113237e-05,0
47,64,0,6.333445575680022e-05,0
47,65,0,0.00013967658313938306,0
47,66,0,7.712330873158422e-05,0
47,67,0,0.00015304762692390741,0
47,68,0,0.00011062985537353338,0
47,69,0,5.456397369403667e-05,0
47,70,0,0.00012383289515439615,0
47,71,0,6.310873309372451e-05,0
47,72,0,7.522951766218407e-05,0
47,73,0,8.337828547866926e-05,0
48,1,0,3.9415801773711965e-05,0
48,2,0,3.751838285432204e-05,0
48,3,0,3.4254985058719165e-05,0
48,4,0,3.2112589036912786e-05,0
48,5,0,2.968788116742997e-05,0
48,6,0,3.0047669262302003e-05,0
48,7,0,3.1764687905256564e-05,0
48,8,0,3.2547609670222807e-05,0
48,9,0,2.9330696369349776e-05,0
48,10,0,3.25411564590521e-05,0
48,11,0,3.25411564590521e-05,0
48,12,0,3.323831159912391e-05,0
48,13,0,3.1895214500987636e-05,0
48,14,0,2.9330696369349776e-05,0
48,15,0,2.910538924697355e-05,0
48,16,0,2.981685479429138e-05,0
48,17,0,3.0047669262302003e-05,0
48,18,0,3.556471876127965e-05,0
48,19,0,3.426974241191656e-05,0
48,20,0,2.9330696369349776e-05,0
48,21,0,3.476952311409116e-05,0
48,22,0,3.1526935234452994e-05,0
48,23,0,3.191086464480076e-05,0
48,24,0,3.414317420898711e-05,0
48,25,0,3.2547609670222807e-05,0
48,26,0,3.29439682628336e-05,0
48,27,0,3.5192938793225515e-05,0
48,28,0,3.152068438591707e-05,0
48,29,0,2.910538924697355e-05,0
48,30,0,3.1567673149265093e-05,0
48,31,0,3.25411564590521e-05,0
48,32,0,3.25411564590521e-05,0
48,33,0,2.9330696369349776e-05,0
48,34,0,3.443434414487219e-05,0
48,35,0,4.904926785489622e-05,0
48,36,0,3.305003697991721e-05,0
48,37,0,3.3836583649246486e-05,0
48,38,0,6.329676147862828e-05,0
48,39,0,3.9542610901440195e-05,0
48,40,0,3.735531927242432e-05,0
48,41,0,3.5634356182662837e-05,0
48,42,0,3.415036934575938e-05,0
48,43,0,3.8569446218617004e-05,0
48,44,0,4.338348406342139e-05,0
48,45,0,3.3452054411647786e-05,0
48,46,0,3.415036934575938e-05,0
48,47,0,3.120419738940609e-05,0
48,48,0,3.455025594826354e-05,0
48,49,0,3.080873882867647e-05,0
48,50,0,3.2997744824614504e-05,0
48,51,0,3.531467092696759e-05,0
48,52,0,3.114617030271321e-05,0
48,53,0,3.301149084854824e-05,0
48,54,0,3.530642858377148e-05,0
48,55,0,3.0047669262302003e-05,0
48,56,0,3.0047669262302003e-05,0
48,57,0,4.521890578146424e-05,0
48,58,0,3.185048990846312e-05,0
48,59,0,3.222120696567507e-05,0
48,60,0,3.10165624986767e-05,0
48,61,0,3.1420024810124794e-05,0
48,62,0,3.1764687905256564e-05,0
48,63,0,2.9330696369349776e-05,0
48,64,0,2.9888454127690635e-05,0
48,65,0,3.161914782784689e-05,0
48,66,0,2.9888454127690635e-05,0
48,67,0,3.280250841245728e-05,0
48,68,0,3.061906068769573e-05,0
48,69,0,3.4340094447726326e-05,0
48,70,0,3.215788847592916e-05,0
48,71,0,3.48763745060138e-05,0
48,72,0,3.925864618830554e-05,0
48,73,0,3.0288703918220634e-05,0
48,74,0,3.440747788172747e-05,0
48,75,0,3.1090500922152616e-05,0
48,76,0,3.359711128759672e-05,0
48,77,0,3.25411564590521e-05,0
48,78,0,4.612261676948077e-05,0
49,1,0,3.133300908010567e-05,0
49,2,0,3.503176013152953e-05,0
49,3,0,2.99061822158434e-05,0
49,4,0,3.149229214496558e-05,0
49,5,0,3.55143953074633e-05,0
49,6,0,3.0305304319046496e-05,0
49,7,0,3.3192437125699085e-05,0
49,8,0,3.6375829757833315e-05,0
49,9,0,3.745231367972307e-05,0
49,10,0,3.55143953074633e-05,0
49,11,0,3.0305304319046496e-05,0
49,12,0,3.235284986273266e-05,0
49,13,0,3.293971095682518e-05,0
49,14,0,3.0305304319046496e-05,0
49,15,0,3.2361203956621934e-05,0
49,16,0,3.50466716663008e-05,0
49,17,0,3.237414823936113e-05,0
49,18,0,3.393315578488253e-05,0
49,19,0,2.9330696369349776e-05,0
49,20,0,2.9330696369349776e-05,0
49,21,0,3.0047669262302003e-05,0
49,22,0,2.9651940122769117e-05,0
49,23,0,3.0047669262302003e-05,0
49,24,0,3.4241042144748784e-05,0
49,25,0,3.1696507833477116e-05,0
49,26,0,3.133300908010567e-05,0
49,27,0,3.393315578488253e-05,0
49,28,0,3.624822865189227e-05,0
49,29,0,2.9330696369349776e-05,0
49,30,0,3.0047669262302003e-05,0
49,31,0,2.9330696369349776e-05,0
49,32,0,3.8883190950156674e-05,0
49,33,0,3.432860248731476e-05,0
49,34,0,3.2547609670222807e-05,0
49,35,0,3.29439682628336e-05,0
49,36,0,3.499366544694142e-05,0
49,37,0,3.7783807555780155e-05,0
49,38,0,3.579705990089079e-05,0
49,39,0,3.2312259232521196e-05,0
49,40,0,3.2297592255944346e-05,0
49,41,0,3.1872232475049535e-05,0
49,42,0,3.1526935234452994e-05,0
49,43,0,4.075445237979138e-05,0
49,44,0,3.1111724702463615e-05,0
49,45,0,3.602968308422884e-05,0
49,46,0,3.5698529933047005e-05,0
49,47,0,3.944545585771123e-05,0
49,48,0,3.49301820532434e-05,0
49,49,0,4.088006808744365e-05,0
49,50,0,3.7828826217932074e-05,0
49,51,0,3.2547609670222807e-05,0
49,52,0,3.2547609670222807e-05,0
49,53,0,3.553129882066128e-05,0
49,54,0,4.342250958715808e-05,0
49,55,0,4.05903633262309e-05,0
49,56,0,3.7394800783135624e-05,0
49,57,0,3.717215357814736e-05,0
49,58,0,4.11692094581772e-05,0
49,59,0,3.702810425729506e-05,0
49,60,0,4.188373748778603e-05,0
49,61,0,3.702810425729506e-05,0
49,62,0,4.5684805949102464e-05,0
49,63,0,3.965053473570251e-05,0
49,64,0,3.664254191863804e-05,0
49,65,0,3.8342449769675476e-05,0
49,66,0,3.1526935234452994e-05,0
49,67,0,3.1526935234452994e-05,0
49,68,0,4.368844593288621e-05,0
49,69,0,3.3926314736790395e-05,0
49,70,0,5.0319927682553365e-05,0
49,71,0,3.215788847592916e-05,0
49,72,0,3.215788847592916e-05,0
49,73,0,3.445876992035903e-05,0
49,74,0,3.977368872487684e-05,0
49,75,0,3.2124982981196683e-05,0
49,76,0,2.9330696369349776e-05,0
49,77,0,2.9330696369349776e-05,0
49,78,0,2.910538924697355e-05,0
49,79,0,3.1494675341022085e-05,0
49,80,0,3.2092446516411075e-05,0
49,81,0,3.109232144026674e-05,0
49,82,0,4.22208805924466e-05,0
49,83,0,3.2297592255944346e-05,0
49,84,0,2.907184286945038e-05,0
49,85,0,3.650248719164058e-05,0
49,86,0,3.4495597677667226e-05,0
49,87,0,2.9459830369720856e-05,0
49,88,0,2.8722069620670554e-05,0
49,89,0,3.335450476794012e-05,0
49,90,0,3.209892584524056e-05,0
49,91,0,3.393315578488253e-05,0
49,92,0,3.04135849826172e-05,0
49,93,0,2.895853274210579e-05,0
49,94,0,3.0047669262302003e-05,0
49,95,0,3.067050549439202e-05,0
49,96,0,3.0047669262302003e-05,0
49,97,0,3.0047669262302003e-05,0
49,98,0,3.0047669262302003e-05,0
49,99,0,3.1812040399884535e-05,0
49,100,0,2.9330696369349776e-05,0
49,101,0,3.109627315828883e-05,0
49,102,0,3.011455345866628e-05,0
49,103,0,3.0047669262302003e-05,0
49,104,0,3.0047669262302003e-05,0
49,105,0,3.0047669262302003e-05,0
49,106,0,3.476126415789997e-05,0
49,107,0,3.25411564590521e-05,0
49,108,0,2.968788116742997e-05,0
49,109,0,3.0047669262302003e-05,0
49,110,0,3.599656273998686e-05,0
49,111,0,3.133300908010567e-05,0
49,112,0,3.972818465004823e-05,0
49,113,0,3.556103224922927e-05,0
49,114,0,3.0047669262302003e-05,0
49,115,0,3.226059842192273e-05,0
49,116,0,3.0047669262302003e-05,0
49,117,0,3.077417597341383e-05,0
49,118,0,3.0059249006226267e-05,0
49,119,0,4.019343381084241e-05,0
49,120,0,3.0047669262302003e-05,0
49,121,0,3.1035457341131095e-05,0
49,122,0,3.615065726842596e-05,0
49,123,0,3.819545870718431e-05,0
49,124,0,2.8944409521362384e-05,0
49,125,0,2.99061822158434e-05,0
49,126,0,3.0047669262302003e-05,0
49,127,0,3.0047669262302003e-05,0
49,128,0,2.9330696369349776e-05,0
49,129,0,3.26420831407598e-05,0
49,130,0,3.116642070379165e-05,0
49,131,0,3.604775368472881e-05,0
49,132,0,4.279242504941196e-05,0
49,133,0,3.7740414934349434e-05,0
49,134,0,3.4883017475766776e-05,0
49,135,0,6.919868414549584e-05,0
49,136,0,3.999788888107028e-05,0
49,137,0,4.437589970426826e-05,0
49,138,0,4.363718812885621e-05,0
49,139,0,5.8550383180366e-05,0
49,140,0,4.3744402243001114e-05,0
49,141,0,4.525789972363747e-05,0
49,142,0,3.999788888107028e-05,0
49,143,0,4.363718812885621e-05,0
49,144,0,3.89844817501039e-05,0
49,145,0,3.753654090790358e-05,0
49,146,0,4.198604333730429e-05,0
49,147,0,3.834885255806737e-05,0
49,148,0,4.393018645753946e-05,0
49,149,0,4.2898014761043965e-05,0
49,150,0,3.937370860742581e-05,0
49,151,0,3.9286260705156996e-05,0
49,152,0,4.710792839483678e-05,0
49,153,0,3.9002185257252014e-05,0
49,154,0,3.784380060308812e-05,0
49,155,0,2.9330696369349776e-05,0
49,156,0,3.166972943613998e-05,0
49,157,0,3.1252638359689495e-05,0
49,158,0,3.166972943613998e-05,0
49,159,0,3.738762693363722e-05,0
49,160,0,3.173847752916639e-05,0
49,161,0,3.303432809218455e-05,0
49,162,0,2.8944409521362384e-05,0
49,163,0,3.1764687905256564e-05,0
49,164,0,2.9211399802712934e-05,0
49,165,0,2.910538924697355e-05,0
49,166,0,3.1105556175199714e-05,0
49,167,0,3.37544291803549e-05,0
49,168,0,3.910927007395038e-05,0
49,169,0,3.515303092107985e-05,0
49,170,0,5.0029694447166904e-05,0
49,171,0,3.7063986313440285e-05,0
49,172,0,3.1717271212205385e-05,0
49,173,0,3.979196500820394e-05,0
49,174,0,2.981685479429138e-05,0
49,175,0,3.322772385952365e-05,0
49,176,0,3.335823346514182e-05,0
49,177,0,3.2303203887730753e-05,0
49,178,0,3.126476144829531e-05,0
49,179,0,2.886907602258728e-05,0
49,180,0,4.065617638242106e-05,0
49,181,0,4.0673534345908485e-05,0
49,182,0,5.6734352357356565e-05,0
49,183,0,2.910538924697355e-05,0
49,184,0,5.5610161308654013e-05,0
49,185,0,5.415064934774861e-05,0
49,186,0,4.483416538511113e-05,0
49,187,0,3.6981103873454153e-05,0
49,188,0,4.119333780627467e-05,0
49,189,0,4.6871186703855215e-05,0
49,190,0,4.969084906290101e-05,0
49,191,0,3.9591254508234184e-05,0
49,192,0,3.030725886984868e-05,0
49,193,0,3.344757742832228e-05,0
49,194,0,3.278177041084769e-05,0
49,195,0,3.262438560812085e-05,0
49,196,0,3.540933689462174e-05,0
49,197,0,2.910538924697355e-05,0
49,198,0,3.5127164790930695e-05,0
49,199,0,3.441707193836372e-05,0
49,200,0,3.5570365859742526e-05,0
49,201,0,3.1950241757257636e-05,0
49,202,0,4.154181749192578e-05,0
49,203,0,3.542667094600638e-05,0
49,204,0,3.6692021867092894e-05,0
49,205,0,3.65438888532563e-05,0
49,206,0,3.7919590030024575e-05,0
49,207,0,4.244806245299068e-05,0
49,208,0,3.486945958698286e-05,0
49,209,0,3.8234030605136217e-05,0
49,210,0,3.45592333221448e-05,0
49,211,0,3.3040161444826084e-05,0
49,212,0,4.074816706714392e-05,0
49,213,0,5.930973116886739e-05,0
49,214,0,3.0686208180346535e-05,0
49,215,0,3.9768463458669306e-05,0
49,216,0,3.319008592427018e-05,0
49,217,0,3.2906121503087756e-05,0
49,218,0,4.092531026729684e-05,0
49,219,0,4.28465183748205e-05,0
49,220,0,4.43426610649992e-05,0
49,221,0,3.658012614278522e-05,0
49,222,0,5.232167009095724e-05,0
49,223,0,3.7991845889408326e-05,0
49,224,0,4.569394240644609e-05,0
49,225,0,3.717261269184947e-05,0
49,226,0,3.865916466142442e-05,0
49,227,0,5.6726352573413904e-05,0
49,228,0,5.451361580677889e-05,0
49,229,0,3.755874406188686e-05,0
49,230,0,5.96891789788574e-05,0
49,231,0,5.8297422987461105e-05,0
49,232,0,3.752407928958388e-05,0
49,233,0,4.619160472399547e-05,0
49,234,0,4.4094534188736555e-05,0
49,235,0,4.016097322684241e-05,0
49,236,0,9.061959018910873e-05,0
49,237,0,7.128470672240915e-05,0
49,238,0,6.711521080638093e-05,0
49,239,0,8.884332469520095e-05,0
49,240,0,7.509573619881813e-05,0
49,241,0,7.695159806375931e-05,0
49,242,0,6.871599304075196e-05,0
49,243,0,9.461599362379006e-05,0
49,244,0,5.227114668019868e-05,0
49,245,0,7.706454651180251e-05,0
49,246,0,0.00019615462226709604,0
49,247,0,0.00020136383705298254,0
49,248,0,0.00017307112581073567,0
49,249,0,0.00017698208800187123,0
49,250,0,0.00021472039684090752,0
49,251,0,0.00018092422324629092,0
49,252,0,0.0004539020677266528,0
49,253,0,0.00034725252758938547,0
49,254,0,0.0005229237816594935,0
49,255,0,0.00029743951075567466,0
49,256,0,0.0005966177680714749,0
49,257,0,0.0004055332522837699,0
49,258,0,0.00010961875488858402,0
49,259,0,0.0004560032311477406,0
49,260,0,0.00023823291421082524,0
49,261,0,0.00023182811444887567,0
49,262,0,0.00010496642377937926,0
49,263,0,0.0012939995633372528,0
49,264,0,0.0002112722472084217,0
49,265,0,0.000334221758570098,0
49,266,0,0.0007707868404650893,0
49,267,0,0.0014239309778112585,0
49,268,0,0.0035621927969417782,0
49,269,0,0.004070708738767887,0
49,270,0,0.004119028718533705,0
49,271,0,0.006109061024620639,0
49,272,0,0.009088665281740975,0
49,273,0,0.007901334003041643,0
49,274,0,0.019504418833848843,0
49,275,0,0.009620027264349884,0
49,276,0,0.00988111697087976,0
49,277,0,0.011691327312847598,0
49,278,0,0.11524285125882848,0
49,279,0,0.4383093072170941,1
49,280,0,0.07768992132736746,0
49,281,0,0.310421261114087,0
49,282,0,0.4039744256533444,1
49,283,0,0.08579735384193392,0
49,284,0,0.1457235355464692,0
49,285,0,0.1292836623374117,0
49,286,0,0.23485061718950623,0
49,287,0,0.22144907135939962,0
49,288,0,0.6690760572316098,1
49,289,0,0.7404716612068359,1
49,290,0,0.5247858639559783,1
49,291,0,0.5035451376732495,1
49,292,0,0.8283730085633259,1
49,293,0,0.8848514869309314,1
49,294,1,0.9371459786371119,1
49,295,1,0.94502390113251,1
49,296,1,0.991801593898749,1
49,297,1,0.9924896208231393,1
49,298,1,0.9926173369731759,1
49,299,1,0.9522119758794635,1
49,300,1,0.9923541863148061,1
49,301,1,0.9959809507899599,1
49,302,1,0.9956807016866075,1
49,303,1,0.9962864639637286,1
50,1,0,3.4254985058719165e-05,0
50,2,0,3.706699017151466e-05,0
50,3,0,3.706699017151466e-05,0
50,4,0,3.898201083275049e-05,0
50,5,0,3.6548434245353675e-05,0
50,6,0,3.8054539127837465e-05,0
50,7,0,3.2966818417966273e-05,0
50,8,0,3.503176013152953e-05,0
50,9,0,2.99061822158434e-05,0
50,10,0,4.022417555296061e-05,0
50,11,0,3.366677557350439e-05,0
50,12,0,3.366677557350439e-05,0
50,13,0,3.4395436155119445e-05,0
50,14,0,3.5295026528917125e-05,0
50,15,0,3.588947877049189e-05,0
50,16,0,3.350711740961874e-05,0
50,17,0,3.220653786765944e-05,0
50,18,0,3.0179959777688874e-05,0
50,19,0,3.0047669262302003e-05,0
50,20,0,3.0059249006226267e-05,0
50,21,0,3.104610023269171e-05,0
50,22,0,3.948451449260581e-05,0
50,23,0,3.1968591215711014e-05,0
50,24,0,3.789240268197401e-05,0
50,25,0,3.257451799877822e-05,0
50,26,0,3.2556674626431404e-05,0
50,27,0,3.1526935234452994e-05,0
50,28,0,3.535566946323994e-05,0
50,29,0,3.450243845916743e-05,0
50,30,0,3.471528012487018e-05,0
50,31,0,4.095820647863181e-05,0
50,32,0,3.4608469092653364e-05,0
50,33,0,3.414317420898711e-05,0
50,34,0,3.219757039905436e-05,0
50,35,0,3.774641808513334e-05,0
50,36,0,3.0047669262302003e-05,0
50,37,0,2.9723763394881614e-05,0
50,38,0,3.0047669262302003e-05,0
50,39,0,3.1764687905256564e-05,0
50,40,0,3.366735959003675e-05,0
50,41,0,3.133300908010567e-05,0
50,42,0,3.0479512246954768e-05,0
50,43,0,2.9330696369349776e-05,0
50,44,0,3.4901479148151965e-05,0
50,45,0,3.2423113811129816e-05,0
50,46,0,3.54822273451279e-05,0
50,47,0,3.3657646153689046e-05,0
50,48,0,3.342539363396241e-05,0
50,49,0,3.567240821824728e-05,0
50,50,0,3.7464045000340435e-05,0
50,51,0,3.25411564590521e-05,0
50,52,0,3.219757039905436e-05,0
50,53,0,2.9330696369349776e-05,0
50,54,0,3.0047669262302003e-05,0
50,55,0,3.209892584524056e-05,0
50,56,0,3.0047669262302003e-05,0
50,57,0,3.0047669262302003e-05,0
50,58,0,3.4863047707482246e-05,0
50,59,0,3.84402909056424e-05,0
50,60,0,2.9296890314270586e-05,0
50,61,0,3.08047236055986e-05,0
50,62,0,2.9330696369349776e-05,0
50,63,0,3.165534320925274e-05,0
50,64,0,3.115341919104437e-05,0
50,65,0,2.8944409521362384e-05,0
50,66,0,3.230585268274966e-05,0
50,67,0,3.301149084854824e-05,0
50,68,0,2.9651940122769117e-05,0
50,69,0,3.642022638911868e-05,0
50,70,0,3.292569585477893e-05,0
50,71,0,3.0306961218318988e-05,0
50,72,0,5.840446250774224e-05,0
50,73,0,2.99061822158434e-05,0
50,74,0,3.3685976268917636e-05,0
51,1,0,4.5141689141977005e-05,0
51,2,0,6.0500677303687385e-05,0
51,3,0,6.621053304415042e-05,0
51,4,0,5.081122870722172e-05,0
51,5,0,4.544120511179787e-05,0
51,6,0,3.7983863942403225e-05,0
51,7,0,3.834885255806737e-05,0
51,8,0,3.429781767351876e-05,0
51,9,0,2.8944409521362384e-05,0
51,10,0,2.9330696369349776e-05,0
51,11,0,3.1764687905256564e-05,0
51,12,0,3.25411564590521e-05,0
51,13,0,3.8032987862404214e-05,0
51,14,0,3.4826737407834646e-05,0
51,15,0,2.8722069620670554e-05,0
51,16,0,3.1079889659437494e-05,0
51,17,0,3.134634626275282e-05,0
51,18,0,3.2124982981196683e-05,0
51,19,0,2.9330696369349776e-05,0
51,20,0,3.2124982981196683e-05,0
51,21,0,3.10165624986767e-05,0
51,22,0,3.2775126133618914e-05,0
51,23,0,4.4120818914187104e-05,0
51,24,0,4.31389533025434e-05,0
51,25,0,7.17778230819296e-05,0
51,26,0,3.478728822105137e-05,0
51,27,0,3.29975979291683e-05,0
51,28,0,3.712919599264956e-05,0
51,29,0,3.855959004380879e-05,0
51,30,0,3.8678088367483407e-05,0
51,31,0,3.7893843604212505e-05,0
51,32,0,3.3688545777288516e-05,0
51,33,0,3.3034556635494095e-05,0
51,34,0,3.333784967312963e-05,0
51,35,0,3.57647182663076e-05,0
51,36,0,3.723450731496125e-05,0
51,37,0,3.5532754005086156e-05,0
51,38,0,3.245871307843787e-05,0
51,39,0,3.758028989907055e-05,0
51,40,0,3.70695805738054e-05,0
51,41,0,3.426120267973541e-05,0
51,42,0,3.2068192546754316e-05,0
51,43,0,3.199953498813786e-05,0
51,44,0,3.2714898130953376e-05,0
51,45,0,3.8579762402589795e-05,0
51,46,0,2.988082937812723e-05,0
51,47,0,2.9882463070531505e-05,0
51,48,0,3.1034249841645454e-05,0
51,49,0,3.2438716100657007e-05,0
51,50,0,2.9459830369720856e-05,0
51,51,0,3.199953498813786e-05,0
51,52,0,2.942416540211247e-05,0
51,53,0,3.3006790776748176e-05,0
51,54,0,3.105526535348456e-05,0
51,55,0,3.338256989608105e-05,0
51,56,0,3.0047669262302003e-05,0
51,57,0,2.8944409521362384e-05,0
51,58,0,2.9330696369349776e-05,0
51,59,0,2.9330696369349776e-05,0
51,60,0,3.353871197706165e-05,0
51,61,0,3.3165514187720124e-05,0
51,62,0,3.001303686142706e-05,0
51,63,0,3.1625125003185784e-05,0
51,64,0,3.104610023269171e-05,0
51,65,0,3.2285250817915624e-05,0
51,66,0,3.1947313930637465e-05,0
51,67,0,3.0072510858598834e-05,0
51,68,0,3.104610023269171e-05,0
51,69,0,3.104610023269171e-05,0
51,70,0,3.317963136708922e-05,0
51,71,0,3.591772451841223e-05,0
51,72,0,3.2112589036912786e-05,0
51,73,0,2.9330696369349776e-05,0
51,74,0,2.8944409521362384e-05,0
51,75,0,3.132048106708375e-05,0
51,76,0,2.9330696369349776e-05,0
51,77,0,2.8944409521362384e-05,0
51,78,0,3.2112589036912786e-05,0
51,79,0,3.399317525539676e-05,0
51,80,0,3.012769870262461e-05,0
51,81,0,3.612538144644499e-05,0
51,82,0,5.0542052689885764e-05,0
51,83,0,3.788918259254873e-05,0
51,84,0,3.5248545558401086e-05,0
51,85,0,3.215788847592916e-05,0
51,86,0,3.553129882066128e-05,0
51,87,0,4.236880822186748e-05,0
51,88,0,3.861859295861371e-05,0
51,89,0,3.979473884738339e-05,0
51,90,0,4.6327124570993785e-05,0
51,91,0,3.594880630002221e-05,0
51,92,0,3.516378174638523e-05,0
51,93,0,5.098457021097031e-05,0
51,94,0,4.486997701574025e-05,0
51,95,0,3.370575480336849e-05,0
51,96,0,4.545770490679859e-05,0
51,97,0,3.3133960077707394e-05,0
51,98,0,3.886267094844382e-05,0
51,99,0,2.9938671437948447e-05,0
51,100,0,3.21946199086912e-05,0
51,101,0,3.173847752916639e-05,0
51,102,0,3.437227057828176e-05,0
51,103,0,3.437227057828176e-05,0
51,104,0,3.166972943613998e-05,0
51,105,0,3.479074136637428e-05,0
51,106,0,4.04472743385896e-05,0
51,107,0,4.2990419932188035e-05,0
51,108,0,5.1283651087749324e-05,0
51,109,0,4.903722786150203e-05,0
51,110,0,3.435714538380984e-05,0
51,111,0,3.6815376808305125e-05,0
51,112,0,3.485092169694305e-05,0
51,113,0,4.220092766084432e-05,0
51,114,0,5.321218493612072e-05,0
51,115,0,4.438180099187599e-05,0
51,116,0,4.18740926024617e-05,0
51,117,0,3.6279011726851453e-05,0
51,118,0,4.16225086736497e-05,0
51,119,0,4.531294785618273e-05,0
51,120,0,3.244387686299201e-05,0
51,121,0,3.8398128674097535e-05,0
51,122,0,3.444584427399286e-05,0
51,123,0,3.652695596559773e-05,0
51,124,0,3.456906620282651e-05,0
51,125,0,3.633338885692223e-05,0
51,126,0,3.1736616958778556e-05,0
51,127,0,3.42237693667518e-05,0
51,128,0,3.15459599708011e-05,0
51,129,0,3.5735708982862344e-05,0
51,130,0,4.623307902321569e-05,0
51,131,0,3.201544437449429e-05,0
51,132,0,3.674967437313261e-05,0
51,133,0,3.525788667159699e-05,0
51,134,0,3.622804216333571e-05,0
51,135,0,3.10165624986767e-05,0
51,136,0,3.3133960077707394e-05,0
51,137,0,4.734297431299995e-05,0
51,138,0,4.78715603767886e-05,0
51,139,0,3.499087736152458e-05,0
51,140,0,3.932291088999523e-05,0
51,141,0,4.13418738009023e-05,0
51,142,0,3.431758577302067e-05,0
51,143,0,3.9420141563499216e-05,0
51,144,0,3.55775181347644e-05,0
52,1,0,3.133300908010567e-05,0
52,2,0,3.43210634443371e-05,0
52,3,0,3.906671669591593e-05,0
52,4,0,3.508396799531668e-05,0
52,5,0,3.2468622711309934e-05,0
52,6,0,3.3475196425543034e-05,0
52,7,0,3.183141149197887e-05,0
52,8,0,3.082461083702164e-05,0
52,9,0,3.1494675341022085e-05,0
52,10,0,3.9058970992562984e-05,0
52,11,0,3.410823734391058e-05,0
52,12,0,2.8722069620670554e-05,0
52,13,0,2.910538924697355e-05,0
52,14,0,3.1947313930637465e-05,0
52,15,0,4.006599746328845e-05,0
52,16,0,3.6066070047485746e-05,0
52,17,0,3.8646569195513255e-05,0
52,18,0,4.002611745649601e-05,0
52,19,0,3.6461080130922184e-05,0
52,20,0,3.94867592347097e-05,0
52,21,0,4.001373674293132e-05,0
52,22,0,4.221269158077152e-05,0
52,23,0,3.7397619197032706e-05,0
52,24,0,2.910538924697355e-05,0
52,25,0,3.30088344829894e-05,0
52,26,0,3.212200358842637e-05,0
52,27,0,2.9330696369349776e-05,0
52,28,0,3.133300908010567e-05,0
52,29,0,3.862412865645358e-05,0
52,30,0,3.390515617567515e-05,0
52,31,0,3.6678653091270324e-05,0
52,32,0,3.6718742776903654e-05,0
52,33,0,2.8944409521362384e-05,0
52,34,0,2.8944409521362384e-05,0
52,35,0,2.9330696369349776e-05,0
52,36,0,3.132048106708375e-05,0
52,37,0,3.173847752916639e-05,0
52,38,0,2.968788116742997e-05,0
52,39,0,3.173847752916639e-05,0
52,40,0,3.393182313764348e-05,0
52,41,0,3.4009351342805e-05,0
52,42,0,3.410823734391058e-05,0
52,43,0,2.968788116742997e-05,0
52,44,0,3.1429299936999865e-05,0
52,45,0,3.065755483011238e-05,0
52,46,0,2.9752235376707344e-05,0
52,47,0,3.093566636035267e-05,0
52,48,0,3.173847752916639e-05,0
52,49,0,3.934876334676789e-05,0
52,50,0,3.219757039905436e-05,0
52,51,0,2.9752235376707344e-05,0
52,52,0,3.219757039905436e-05,0
52,53,0,3.520600271412229e-05,0
52,54,0,3.173847752916639e-05,0
52,55,0,3.21946199086912e-05,0
52,56,0,3.21946199086912e-05,0
52,57,0,3.2775126133618914e-05,0
52,58,0,4.286602854475825e-05,0
52,59,0,3.362243881840247e-05,0
52,60,0,3.0305304319046496e-05,0
52,61,0,3.0674357381719336e-05,0
52,62,0,3.1764687905256564e-05,0
52,63,0,3.08216068138248e-05,0
52,64,0,3.403743699569968e-05,0
52,65,0,3.1429299936999865e-05,0
52,66,0,3.0479512246954768e-05,0
52,67,0,3.3429075980007924e-05,0
52,68,0,3.709764809080374e-05,0
52,69,0,3.361068542484395e-05,0
52,70,0,3.0047669262302003e-05,0
52,71,0,3.0479512246954768e-05,0
52,72,0,3.884865554134534e-05,0
52,73,0,3.476262937968872e-05,0
52,74,0,3.72723719552702e-05,0
52,75,0,4.539754705504105e-05,0
52,76,0,4.030316130727229e-05,0
52,77,0,3.362910645061707e-05,0
52,78,0,3.318621118951529e-05,0
52,79,0,3.772276895171287e-05,0
52,80,0,3.5031955847593523e-05,0
52,81,0,5.004793026018766e-05,0
52,82,0,3.659806252862258e-05,0
52,83,0,4.03231063326734e-05,0
52,84,0,3.704739294863081e-05,0
52,85,0,3.93089439994358e-05,0
52,86,0,4.441778872523209e-05,0
52,87,0,3.721454673063926e-05,0
52,88,0,3.505240637923186e-05,0
52,89,0,3.485853529438579e-05,0
52,90,0,3.237477730857726e-05,0
52,91,0,3.654591303056609e-05,0
52,92,0,3.9718043786784143e-05,0
52,93,0,3.3595203900338406e-05,0
52,94,0,3.931685259956589e-05,0
52,95,0,3.263178558152538e-05,0
52,96,0,3.705090790545707e-05,0
52,97,0,3.759688422527049e-05,0
52,98,0,3.317963136708922e-05,0
52,99,0,3.041568519237387e-05,0
52,100,0,3.063722211578011e-05,0
52,101,0,3.2387928578085125e-05,0
52,102,0,2.99061822158434e-05,0
52,103,0,3.591772451841223e-05,0
52,104,0,3.2387928578085125e-05,0
52,105,0,3.3006790776748176e-05,0
52,106,0,3.0297018001784127e-05,0
52,107,0,5.156238015931651e-05,0
52,108,0,3.166647800778559e-05,0
52,109,0,3.2372267697942936e-05,0
52,110,0,3.133300908010567e-05,0
52,111,0,3.688868986743247e-05,0
52,112,0,3.4679887431064904e-05,0
52,113,0,3.179259751738129e-05,0
52,114,0,3.141157622873965e-05,0
52,115,0,3.362667242995242e-05,0
52,116,0,3.644914959673525e-05,0
52,117,0,5.9975871241801144e-05,0
52,118,0,4.220343986441739e-05,0
52,119,0,3.6208119648298515e-05,0
52,120,0,3.666785296048701e-05,0
52,121,0,3.3447889729386785e-05,0
52,122,0,5.0373061694703695e-05,0
52,123,0,4.9150293039390695e-05,0
52,124,0,3.3636089968138186e-05,0
52,125,0,3.693416194695075e-05,0
52,126,0,4.734452328365484e-05,0
52,127,0,3.407879442954436e-05,0
52,128,0,3.698583881736318e-05,0
52,129,0,3.689786821856119e-05,0
52,130,0,3.9547439305343147e-05,0
52,131,0,4.66304995390514e-05,0
52,132,0,3.376566636652102e-05,0
52,133,0,5.229037306273899e-05,0
52,134,0,3.6656883530676785e-05,0
52,135,0,3.656830901650343e-05,0
52,136,0,3.19625546894335e-05,0
52,137,0,3.806757297795374e-05,0
52,138,0,3.2461821056942114e-05,0
52,139,0,3.286199435388901e-05,0
52,140,0,3.5789903740231284e-05,0
52,141,0,4.257566716031658e-05,0
52,142,0,5.7057095090814854e-05,0
52,143,0,3.332149391004868e-05,0
52,144,0,3.317337460717618e-05,0
52,145,0,4.3313127528841345e-05,0
52,146,0,2.9812006445875445e-05,0
52,147,0,3.623341595387203e-05,0
52,148,0,4.316591904170118e-05,0
52,149,0,3.6962283245712925e-05,0
52,150,0,4.0201781230151517e-05,0
52,151,0,3.126001748509397e-05,0
52,152,0,5.121617740653162e-05,0
52,153,0,5.505268200379294e-05,0
52,154,0,4.161223819794616e-05,0
52,155,0,6.619338818574994e-05,0
52,156,0,3.6268160808722064e-05,0
52,157,0,4.0673193875682335e-05,0
52,158,0,3.9048754233756494e-05,0
52,159,0,4.184818292246399e-05,0
52,160,0,7.058435675401976e-05,0
52,161,0,3.666576444130042e-05,0
52,162,0,3.980741469279082e-05,0
52,163,0,4.1705673242576334e-05,0
52,164,0,4.81726396348433e-05,0
52,165,0,4.310241345035336e-05,0
52,166,0,5.334505194362577e-05,0
52,167,0,8.007582128939704e-05,0
52,168,0,0.00011754086913210337,0
52,169,0,5.249850986738674e-05,0
52,170,0,8.882240456152211e-05,0
52,171,0,0.00015334576936215625,0
52,172,0,4.935108653956864e-05,0
52,173,0,0.00010957840558196467,0
52,174,0,7.727744628047782e-05,0
52,175,0,0.0001234524097258695,0
52,176,0,6.514682565050043e-05,0
52,177,0,7.241951103918635e-05,0
52,178,0,0.00011421601765768784,0
52,179,0,0.0003798923673822523,0
52,180,0,0.00020373488695419497,0
52,181,0,0.0033930058854910994,0
52,182,0,0.0009043896314203211,0
52,183,0,0.0037747961580452756,0
52,184,0,0.011638491420348842,0
52,185,0,0.013213665479162034,0
52,186,0,0.40444101350801603,1
52,187,0,0.5531865862329411,1
52,188,1,0.40360817468140037,1
52,189,1,0.9356140313046044,1
53,1,0,4.242894739897146e-05,0
53,2,0,3.271069930022856e-05,0
53,3,0,2.910538924697355e-05,0
53,4,0,3.8528167433620585e-05,0
53,5,0,3.658440589950013e-05,0
53,6,0,4.287667624923873e-05,0
53,7,0,3.650527421636244e-05,0
53,8,0,3.141628618436143e-05,0
53,9,0,3.6066070047485746e-05,0
53,10,0,3.7244062093862615e-05,0
53,11,0,3.6066070047485746e-05,0
53,12,0,3.94867592347097e-05,0
53,13,0,3.22911886140995e-05,0
53,14,0,2.981685479429138e-05,0
53,15,0,2.981685479429138e-05,0
53,16,0,3.3238188844430324e-05,0
53,17,0,2.981685479429138e-05,0
53,18,0,3.153072910298267e-05,0
53,19,0,4.031092117210088e-05,0
53,20,0,3.1352562539481205e-05,0
53,21,0,3.600370116539038e-05,0
53,22,0,3.211895726194457e-05,0
53,23,0,3.1352562539481205e-05,0
53,24,0,3.476952311409116e-05,0
53,25,0,3.73306227211805e-05,0
53,26,0,3.49301820532434e-05,0
53,27,0,3.73306227211805e-05,0
53,28,0,3.49168346947393e-05,0
53,29,0,3.605650723560734e-05,0
53,30,0,3.177098714045071e-05,0
53,31,0,3.2547609670222807e-05,0
53,32,0,3.2547609670222807e-05,0
53,33,0,3.48763745060138e-05,0
53,34,0,3.440747788172747e-05,0
53,35,0,3.2547609670222807e-05,0
53,36,0,3.2547609670222807e-05,0
53,37,0,3.1526935234452994e-05,0
53,38,0,3.1865913166577586e-05,0
53,39,0,3.0047669262302003e-05,0
53,40,0,3.486945958698286e-05,0
53,41,0,2.9523690249498077e-05,0
53,42,0,3.1950241757257636e-05,0
53,43,0,3.377597572431366e-05,0
53,44,0,3.109232144026674e-05,0
53,45,0,3.152068438591707e-05,0
53,46,0,3.22911886140995e-05,0
53,47,0,3.3273622052463926e-05,0
53,48,0,3.418893116651184e-05,0
53,49,0,2.9330696369349776e-05,0
53,50,0,3.2468622711309934e-05,0
53,51,0,3.011455345866628e-05,0
53,52,0,3.25411564590521e-05,0
53,53,0,3.23564146201821e-05,0
53,54,0,3.1187872652392335e-05,0
53,55,0,3.279368405067761e-05,0
53,56,0,3.4495597677667226e-05,0
53,57,0,3.367249553091262e-05,0
53,58,0,3.185235492665295e-05,0
53,59,0,3.123598972746401e-05,0
53,60,0,2.981685479429138e-05,0
53,61,0,3.185235492665295e-05,0
53,62,0,3.4495597677667226e-05,0
53,63,0,3.787211099577783e-05,0
53,64,0,3.51189927573002e-05,0
53,65,0,3.109232144026674e-05,0
53,66,0,3.0385225770355524e-05,0
53,67,0,3.0064288191661625e-05,0
53,68,0,6.195156495909733e-05,0
53,69,0,3.568621857974544e-05,0
53,70,0,4.333915214956335e-05,0
53,71,0,3.5674518185560315e-05,0
53,72,0,3.723783250751035e-05,0
53,73,0,4.6183940145779865e-05,0
53,74,0,3.434269516405313e-05,0
53,75,0,3.980373261753104e-05,0
53,76,0,3.3583295014199844e-05,0
53,77,0,3.897101276850905e-05,0
53,78,0,3.481308046849441e-05,0
53,79,0,3.312947913416939e-05,0
53,80,0,4.6902506836049895e-05,0
53,81,0,3.9147391390605516e-05,0
53,82,0,3.945043137977543e-05,0
53,83,0,3.55540005016029e-05,0
53,84,0,4.330167118211527e-05,0
53,85,0,3.322643597321652e-05,0
53,86,0,3.858016458361213e-05,0
53,87,0,4.050347431611782e-05,0
53,88,0,3.166972943613998e-05,0
53,89,0,3.166972943613998e-05,0
53,90,0,3.43190384821131e-05,0
53,91,0,3.244387686299201e-05,0
53,92,0,3.3818187993672564e-05,0
53,93,0,3.541805700517638e-05,0
53,94,0,3.757512945411048e-05,0
53,95,0,3.6430214664253924e-05,0
53,96,0,4.16702195770348e-05,0
53,97,0,3.5873738021482916e-05,0
53,98,0,6.7691860512664e-05,0
53,99,0,0.00015402550989530834,0
53,100,0,6.578334662484973e-05,0
53,101,0,4.075963616325636e-05,0
53,102,0,3.3002209720212794e-05,0
53,103,0,3.443136531908298e-05,0
53,104,0,3.435432214751696e-05,0
53,105,0,3.204780297678362e-05,0
53,106,0,3.239435140373953e-05,0
53,107,0,3.2820170499477114e-05,0
53,108,0,3.390817451903699e-05,0
53,109,0,3.866771050296007e-05,0
53,110,0,3.850514555986739e-05,0
53,111,0,3.215788847592916e-05,0
53,112,0,3.177098714045071e-05,0
53,113,0,3.5998220770708874e-05,0
53,114,0,5.575331689089533e-05,0
53,115,0,3.701700811686983e-05,0
53,116,0,3.314369520275794e-05,0
53,117,0,3.448956449542808e-05,0
53,118,0,5.2479189011931855e-05,0
53,119,0,3.192498810399177e-05,0
53,120,0,4.4569055268005416e-05,0
53,121,0,3.750026794722838e-05,0
53,122,0,3.3748442129120054e-05,0
53,123,0,3.773362433629894e-05,0
53,124,0,3.762101489910147e-05,0
53,125,0,5.7553610762734465e-05,0
53,126,0,4.036218539122679e-05,0
53,127,0,4.165608926050559e-05,0
53,128,0,6.859118336079967e-05,0
53,129,0,7.790761527516817e-05,0
53,130,0,6.204263801743925e-05,0
53,131,0,5.979845141766543e-05,0
53,132,0,7.937945131470668e-05,0
53,133,0,6.124556658245496e-05,0
53,134,0,9.228943794407622e-05,0
53,135,0,0.0001271203545703512,0
53,136,0,0.00010325857288127088,0
53,137,0,0.00011290436957450039,0
53,138,0,5.8555743509139866e-05,0
53,139,0,4.294834632030243e-05,0
53,140,0,5.942401035719557e-05,0
53,141,0,9.542759678017114e-05,0
53,142,0,9.377027990228686e-05,0
53,143,0,0.00013697881904053199,0
53,144,0,8.425872655056948e-05,0
53,145,0,0.00022825458804619618,0
53,146,0,0.0005704198030690804,0
53,147,0,0.001078220011815561,0
53,148,0,0.0002007627874265374,0
53,149,0,0.0008021085626986193,0
53,150,0,0.0005719056182679373,0
53,151,0,0.00045380762686847046,0
53,152,0,0.0018918351531549155,0
53,153,0,0.0008401818830851634,0
53,154,0,0.0007924324631224477,0
53,155,0,0.0007387757780699193,0
53,156,0,0.0059030331938964295,0
53,157,0,0.01656623725025702,0
53,158,0,0.02653540153291178,0
53,159,0,0.025247500623500712,0
53,160,1,0.07578735970567792,0
53,161,1,0.10756188670707294,0
53,162,1,0.5569112080201921,1
53,163,1,0.1718755951348845,0
53,164,1,0.8231538179047773,1
54,1,0,3.133300908010567e-05,0
54,2,0,3.390515617567515e-05,0
54,3,0,4.260979842914504e-05,0
54,4,0,3.357183398642217e-05,0
54,5,0,3.8528167433620585e-05,0
54,6,0,3.405442942435198e-05,0
54,7,0,2.910538924697355e-05,0
54,8,0,2.9782488418079974e-05,0
54,9,0,3.9017515092933146e-05,0
54,10,0,3.1494675341022085e-05,0
54,11,0,2.9459830369720856e-05,0
54,12,0,3.672642784515793e-05,0
54,13,0,3.1426455326531945e-05,0
54,14,0,3.093566636035267e-05,0
54,15,0,3.173847752916639e-05,0
54,16,0,3.2775126133618914e-05,0
54,17,0,2.968788116742997e-05,0
54,18,0,3.3659032142354375e-05,0
54,19,0,3.2833375397301564e-05,0
54,20,0,2.9330696369349776e-05,0
54,21,0,3.606650712277703e-05,0
54,22,0,4.069533440941045e-05,0
54,23,0,2.9330696369349776e-05,0
54,24,0,2.9330696369349776e-05,0
54,25,0,2.8944409521362384e-05,0
54,26,0,3.437227057828176e-05,0
54,27,0,3.1494675341022085e-05,0
54,28,0,3.3748105806307695e-05,0
54,29,0,3.5019643468143065e-05,0
54,30,0,3.487101567068756e-05,0
54,31,0,3.1526935234452994e-05,0
54,32,0,3.007048208434371e-05,0
54,33,0,3.2547609670222807e-05,0
54,34,0,2.9330696369349776e-05,0
54,35,0,3.1034249841645454e-05,0
54,36,0,4.507287006686488e-05,0
54,37,0,3.0047669262302003e-05,0
54,38,0,3.03542800968621e-05,0
54,39,0,3.116570534507584e-05,0
54,40,0,3.177098714045071e-05,0
54,41,0,3.2297592255944346e-05,0
54,42,0,2.9782488418079974e-05,0
54,43,0,2.981685479429138e-05,0
54,44,0,3.1034249841645454e-05,0
54,45,0,3.0047669262302003e-05,0
54,46,0,3.25411564590521e-05,0
54,47,0,3.119408483935569e-05,0
54,48,0,2.9330696369349776e-05,0
54,49,0,3.244387686299201e-05,0
54,50,0,3.4444640443678035e-05,0
54,51,0,2.9651940122769117e-05,0
54,52,0,2.9330696369349776e-05,0
54,53,0,2.8944409521362384e-05,0
54,54,0,2.9459830369720856e-05,0
54,55,0,2.910538924697355e-05,0
54,56,0,2.942416540211247e-05,0
54,57,0,2.8722069620670554e-05,0
54,58,0,3.22911886140995e-05,0
54,59,0,3.408087540073697e-05,0
54,60,0,2.9143362259064524e-05,0
54,61,0,3.6203887243588995e-05,0
54,62,0,3.279308922899637e-05,0
54,63,0,3.0401879070530398e-05,0
54,64,0,4.247536002858386e-05,0
54,65,0,3.4990009153299946e-05,0
54,66,0,3.2387928578085125e-05,0
54,67,0,2.9651940122769117e-05,0
54,68,0,3.0047669262302003e-05,0
54,69,0,3.919711982653585e-05,0
54,70,0,2.9330696369349776e-05,0
54,71,0,3.446281225376047e-05,0
54,72,0,3.7988496836657234e-05,0
54,73,0,3.129514379378367e-05,0
54,74,0,3.555077244059005e-05,0
54,75,0,3.338593601491271e-05,0
54,76,0,3.173847752916639e-05,0
54,77,0,3.2331925090947794e-05,0
54,78,0,3.1872232475049535e-05,0
54,79,0,3.3252827005564e-05,0
54,80,0,2.942416540211247e-05,0
54,81,0,3.0047669262302003e-05,0
54,82,0,3.5898049900635186e-05,0
54,83,0,2.9651940122769117e-05,0
54,84,0,3.0620439905206095e-05,0
54,85,0,3.323831159912391e-05,0
54,86,0,3.282423340011552e-05,0
54,87,0,2.9651940122769117e-05,0
54,88,0,2.9330696369349776e-05,0
54,89,0,3.230585268274966e-05,0
54,90,0,3.215788847592916e-05,0
54,91,0,3.516997729337258e-05,0
54,92,0,4.2778559242597214e-05,0
54,93,0,2.9330696369349776e-05,0
54,94,0,3.219757039905436e-05,0
54,95,0,3.2339325952443865e-05,0
54,96,0,2.9330696369349776e-05,0
54,97,0,3.654024976844017e-05,0
54,98,0,2.880381490498514e-05,0
54,99,0,3.0047669262302003e-05,0
54,100,0,4.400843793360038e-05,0
54,101,0,3.494505267399541e-05,0
54,102,0,7.056089274345784e-05,0
54,103,0,3.994454145243623e-05,0
54,104,0,3.4784323029567096e-05,0
54,105,0,3.215788847592916e-05,0
54,106,0,3.869355284475003e-05,0
54,107,0,3.473091626851177e-05,0
54,108,0,3.88429109236494e-05,0
54,109,0,7.773491944525814e-05,0
54,110,0,6.17872438991419e-05,0
54,111,0,3.7129055545172137e-05,0
54,112,0,3.4315417494027135e-05,0
54,113,0,3.1889713708916944e-05,0
54,114,0,3.362667242995242e-05,0
54,115,0,3.1063226176412726e-05,0
54,116,0,3.731473945519851e-05,0
54,117,0,4.593806345126051e-05,0
54,118,0,3.364765720873634e-05,0
54,119,0,3.401677939717352e-05,0
54,120,0,3.520340044876414e-05,0
54,121,0,3.225085190758606e-05,0
55,1,0,3.4254985058719165e-05,0
55,2,0,3.46721350227505e-05,0
55,3,0,4.164580002618103e-05,0
55,4,0,5.564603798325232e-05,0
55,5,0,4.8396595543818974e-05,0
55,6,0,4.0798365660340255e-05,0
55,7,0,4.437589970426826e-05,0
55,8,0,4.097560479847317e-05,0
55,9,0,4.1886246794428737e-05,0
55,10,0,4.677563657468505e-05,0
55,11,0,4.2546374063050746e-05,0
55,12,0,3.834885255806737e-05,0
55,13,0,4.212805592551268e-05,0
55,14,0,3.881585483956048e-05,0
55,15,0,4.129279640474035e-05,0
55,16,0,4.129279640474035e-05,0
55,17,0,4.736678882526559e-05,0
55,18,0,4.319147022830757e-05,0
55,19,0,3.429781767351876e-05,0
55,20,0,3.429781767351876e-05,0
55,21,0,3.22911886140995e-05,0
55,22,0,2.981685479429138e-05,0
55,23,0,3.0465226409885608e-05,0
55,24,0,3.0047669262302003e-05,0
55,25,0,3.0047669262302003e-05,0
55,26,0,2.9330696369349776e-05,0
55,27,0,3.2112589036912786e-05,0
55,28,0,2.942416540211247e-05,0
55,29,0,2.893062927605355e-05,0
55,30,0,2.8722069620670554e-05,0
55,31,0,2.9330696369349776e-05,0
55,32,0,3.258966641900276e-05,0
55,33,0,3.2821054880154996e-05,0
55,34,0,3.0179959777688874e-05,0
55,35,0,3.377597572431366e-05,0
55,36,0,3.2905306007493946e-05,0
55,37,0,2.981685479429138e-05,0
55,38,0,3.275527424455319e-05,0
55,39,0,3.4334742693399524e-05,0
55,40,0,3.727665275297507e-05,0
55,41,0,3.488759816354605e-05,0
55,42,0,3.133300908010567e-05,0
55,43,0,3.133300908010567e-05,0
55,44,0,3.0047669262302003e-05,0
55,45,0,3.0047669262302003e-05,0
55,46,0,3.169187062693211e-05,0
55,47,0,3.290807855729605e-05,0
55,48,0,3.0047669262302003e-05,0
55,49,0,3.403743699569968e-05,0
55,50,0,3.25411564590521e-05,0
55,51,0,3.166972943613998e-05,0
55,52,0,2.968788116742997e-05,0
55,53,0,3.1764687905256564e-05,0
55,54,0,3.093566636035267e-05,0
55,55,0,3.479602563636257e-05,0
55,56,0,3.2285250817915624e-05,0
55,57,0,3.3218053906211085e-05,0
55,58,0,3.654866021083429e-05,0
55,59,0,3.654866021083429e-05,0
55,60,0,3.410823734391058e-05,0
55,61,0,3.1187872652392335e-05,0
55,62,0,3.532484834837353e-05,0
55,63,0,3.0778305600051554e-05,0
55,64,0,3.1494675341022085e-05,0
55,65,0,3.848423628782285e-05,0
55,66,0,3.2333363476167876e-05,0
55,67,0,3.1494675341022085e-05,0
55,68,0,3.152068438591707e-05,0
55,69,0,3.687698245273792e-05,0
55,70,0,3.62035183763649e-05,0
55,71,0,3.756847535617258e-05,0
55,72,0,4.006599746328845e-05,0
55,73,0,3.677931724082443e-05,0
55,74,0,3.7672609386676063e-05,0
55,75,0,3.9776300208618964e-05,0
55,76,0,2.981685479429138e-05,0
55,77,0,3.0807616443930635e-05,0
55,78,0,3.726447439206004e-05,0
55,79,0,4.0781462854481394e-05,0
55,80,0,3.942226038960085e-05,0
55,81,0,3.8175376762507314e-05,0
55,82,0,4.683841497779393e-05,0
55,83,0,4.0936818816559616e-05,0
55,84,0,4.269365900218538e-05,0
55,85,0,3.780003287062805e-05,0
55,86,0,3.726447439206004e-05,0
55,87,0,3.6066070047485746e-05,0
55,88,0,3.61131241430946e-05,0
55,89,0,3.8619100698377124e-05,0
55,90,0,4.117971544867134e-05,0
55,91,0,4.1870033323977276e-05,0
55,92,0,3.2371198814155506e-05,0
55,93,0,3.1174260153229434e-05,0
55,94,0,3.541820209824226e-05,0
55,95,0,4.274321213143763e-05,0
55,96,0,3.0047669262302003e-05,0
55,97,0,6.486616849451414e-05,0
55,98,0,3.479074136637428e-05,0
55,99,0,3.576048097328092e-05,0
55,100,0,3.244387686299201e-05,0
55,101,0,3.387794698374253e-05,0
55,102,0,4.5449409192261446e-05,0
55,103,0,4.357802120322084e-05,0
55,104,0,4.43663433737691e-05,0
55,105,0,4.1092676300147414e-05,0
55,106,0,4.2546374063050746e-05,0
55,107,0,4.660082633260456e-05,0
55,108,0,3.244387686299201e-05,0
55,109,0,3.244387686299201e-05,0
55,110,0,3.622020044978646e-05,0
55,111,0,3.316615491976765e-05,0
55,112,0,3.495350758037897e-05,0
55,113,0,3.336641259317198e-05,0
56,1,0,0.00013753735203599348,0
56,2,0,0.00013266153091867917,0
56,3,0,7.530803061782828e-05,0
56,4,0,7.313866972642867e-05,0
56,5,0,7.17079339575475e-05,0
56,6,0,6.482206323901236e-05,0
56,7,0,5.977953197888177e-05,0
56,8,0,0.00011124563903242341,0
56,9,0,0.00012106253023985047,0
56,10,0,5.319436963497098e-05,0
56,11,0,4.3111274386401994e-05,0
56,12,0,4.3012519697654114e-05,0
56,13,0,5.004261039043173e-05,0
56,14,0,4.64169307373183e-05,0
56,15,0,5.2878800130855944e-05,0
56,16,0,7.450729604268373e-05,0
56,17,0,5.143261011266851e-05,0
56,18,0,5.1164981642458136e-05,0
56,19,0,6.718880885181016e-05,0
56,20,0,5.496024688043251e-05,0
56,21,0,4.596978968294784e-05,0
56,22,0,5.146387329571887e-05,0
56,23,0,6.014517861660104e-05,0
56,24,0,5.590612156768047e-05,0
56,25,0,4.0369520486154447e-05,0
56,26,0,4.616519227802052e-05,0
56,27,0,4.422141328511126e-05,0
56,28,0,4.225320347839431e-05,0
56,29,0,4.9976233135637305e-05,0
56,30,0,4.452742243853327e-05,0
56,31,0,4.756156788858315e-05,0
56,32,0,7.583199647846178e-05,0
56,33,0,9.242198012808571e-05,0
56,34,0,6.740406261430342e-05,0
56,35,0,6.081326533890667e-05,0
56,36,0,5.738921326457593e-05,0
56,37,0,5.5510773544940805e-05,0
56,38,0,5.876522549298711e-05,0
56,39,0,8.234002492473201e-05,0
56,40,0,8.195353514530861e-05,0
56,41,0,7.592168460298898e-05,0
56,42,0,6.620652617269707e-05,0
56,43,0,6.2320134088227e-05,0
56,44,0,8.056767312635991e-05,0
56,45,0,8.265553742332801e-05,0
56,46,0,8.68714106659488e-05,0
56,47,0,7.530243780938908e-05,0
56,48,0,6.48407928717237e-05,0
56,49,0,6.586315508241409e-05,0
56,50,0,8.800436071768484e-05,0
56,51,0,9.299565482017017e-05,0
56,52,0,6.205820092173103e-05,0
56,53,0,7.551731740898129e-05,0
56,54,0,9.178076701024493e-05,0
56,55,0,6.916499234827924e-05,0
56,56,0,7.989621008020912e-05,0
56,57,0,0.0001672850505045735,0
56,58,0,9.331826294928e-05,0
56,59,0,7.424842804363841e-05,0
56,60,0,0.00015422355497476093,0
56,61,0,0.00013560087221444242,0
56,62,0,0.00013542794111929806,0
56,63,0,0.0001436118950110919,0
56,64,0,0.00011469702844717648,0
56,65,0,0.00011375948004508504,0
56,66,0,6.102701197744677e-05,0
56,67,0,0.00011608257313866162,0
56,68,0,0.0002012901510851226,0
56,69,0,0.0003835134959019794,0
56,70,0,0.0001441501420732037,0
56,71,0,0.00019313259526412013,0
56,72,0,0.0005362709276937488,0
56,73,0,0.00015958309327524203,0
56,74,0,0.0003837451847933048,0
56,75,0,0.00016468822032947728,0
56,76,0,0.0002004297629173083,0
56,77,0,0.00037985529967796654,0
56,78,0,0.00025017583581905887,0
56,79,0,0.0003775288089925046,0
56,80,0,0.0002840479681732216,0
56,81,0,0.0003246797774029843,0
56,82,0,0.00020478189216777528,0
56,83,0,0.0005727580941819242,0
56,84,0,0.00041741692851229975,0
56,85,0,0.0002937035098572733,0
56,86,0,0.00015219154729701308,0
56,87,0,0.0005589391819275155,0
56,88,0,0.00034614663667362363,0
56,89,0,0.0005058360580248012,0
56,90,0,0.0002802035110976041,0
56,91,0,0.0003817433620762244,0
56,92,0,0.00036577133165439864,0
56,93,0,0.0003382709830375891,0
56,94,0,0.00025774443588745814,0
56,95,0,0.0006374650523275221,0
56,96,0,0.001741618179504771,0
56,97,0,0.000849882799996119,0
56,98,0,0.000490737082337381,0
56,99,0,0.0004482506494992297,0
56,100,0,0.0004155237374021967,0
56,101,0,0.0004918825376045193,0
56,102,0,0.00030526890478247093,0
56,103,0,0.0011067797425457152,0
56,104,0,0.0013479693708428758,0
56,105,0,0.0010978645013980032,0
56,106,0,0.0007052414348202276,0
56,107,0,0.001436930423541934,0
56,108,0,0.0018160839811198753,0
56,109,0,0.0006156839574461904,0
56,110,0,0.006491505063626572,0
56,111,0,0.0028548488499440475,0
56,112,0,0.002938168204181005,0
56,113,0,0.004976813177527655,0
56,114,0,0.2646336702268483,0
56,115,0,0.02114365683871294,0
56,116,0,0.31148498087024723,0
56,117,0,0.8219327766489436,1
56,118,0,0.7818991727908184,1
56,119,0,0.8097938561732994,1
56,120,0,0.5519240090203061,1
56,121,1,0.9066906687986239,1
56,122,1,0.9744289756835955,1
56,123,1,0.9863165127411792,1
56,124,1,0.3203962257683734,0
56,125,1,0.9023473775979567,1
56,126,1,0.7268683966577851,1
56,127,1,0.6811731781207965,1
56,128,1,0.9195709298754484,1
56,129,1,0.9361977529575383,1
56,130,1,0.978557233775154,1
56,131,1,0.9743011839293544,1
56,132,1,0.9773142550231824,1
56,133,1,0.9949840022634362,1
56,134,1,0.9978870475851722,1
56,135,1,0.9987468953601981,1
56,136,1,0.9986163507142436,1
57,1,0,8.920582394935466e-05,0
57,2,0,5.8247554640309456e-05,0
57,3,0,3.1494675341022085e-05,0
57,4,0,3.1764687905256564e-05,0
57,5,0,2.9330696369349776e-05,0
57,6,0,3.232592063132938e-05,0
57,7,0,3.293872838980815e-05,0
57,8,0,2.8944409521362384e-05,0
57,9,0,2.910538924697355e-05,0
57,10,0,3.1865913166577586e-05,0
57,11,0,2.981685479429138e-05,0
57,12,0,3.7783807555780155e-05,0
57,13,0,3.672602441150803e-05,0
57,14,0,3.4353197907355015e-05,0
57,15,0,3.133300908010567e-05,0
57,16,0,3.192884195864262e-05,0
57,17,0,3.272324603170755e-05,0
57,18,0,4.1697790627468724e-05,0
57,19,0,3.7099216227133216e-05,0
57,20,0,2.9106980544511155e-05,0
57,21,0,3.114709835753975e-05,0
57,22,0,2.8722069620670554e-05,0
57,23,0,3.175290868062482e-05,0
57,24,0,2.8944409521362384e-05,0
57,25,0,2.910538924697355e-05,0
57,26,0,2.8722069620670554e-05,0
57,27,0,3.1522407732265845e-05,0
57,28,0,2.8722069620670554e-05,0
57,29,0,3.4303118299671586e-05,0
57,30,0,3.209892584524056e-05,0
57,31,0,3.3122258954852914e-05,0
57,32,0,2.9296890314270586e-05,0
57,33,0,3.357627430334367e-05,0
57,34,0,2.9414827672393546e-05,0
57,35,0,3.3354855075575544e-05,0
57,36,0,3.4582017123422365e-05,0
57,37,0,3.6581190031307e-05,0
57,38,0,3.4603827644842316e-05,0
57,39,0,3.722459685941839e-05,0
57,40,0,3.299663746418157e-05,0
57,41,0,4.4021701151564696e-05,0
57,42,0,2.9651940122769117e-05,0
57,43,0,3.638954754613481e-05,0
57,44,0,2.9330696369349776e-05,0
57,45,0,4.240497504722389e-05,0
57,46,0,4.233892710322064e-05,0
57,47,0,4.053696405280874e-05,0
57,48,0,4.833087650917494e-05,0
57,49,0,4.901391537976758e-05,0
57,50,0,4.405800670223061e-05,0
57,51,0,3.8608796159195856e-05,0
57,52,0,3.96550076947421e-05,0
57,53,0,3.960637523928431e-05,0
57,54,0,4.2682813361087245e-05,0
57,55,0,4.809331489446419e-05,0
57,56,0,3.3741210494638404e-05,0
57,57,0,3.262739109395833e-05,0
57,58,0,4.515225575346357e-05,0
57,59,0,3.7341567003367123e-05,0
57,60,0,3.49301820532434e-05,0
57,61,0,4.484492286866887e-05,0
57,62,0,3.8817005444760167e-05,0
57,63,0,5.043787670843559e-05,0
57,64,0,6.0254787160844546e-05,0
57,65,0,4.6497398679699e-05,0
57,66,0,4.6489128742227824e-05,0
57,67,0,4.900195554386292e-05,0
57,68,0,3.754532151416394e-05,0
57,69,0,3.497928622486127e-05,0
57,70,0,3.497333682024844e-05,0
57,71,0,3.4923489363473014e-05,0
57,72,0,3.7454366921169925e-05,0
57,73,0,3.0807616443930635e-05,0
57,74,0,3.7630131891828226e-05,0
57,75,0,3.989042917327216e-05,0
57,76,0,3.7895790074620245e-05,0
57,77,0,3.4045867711476324e-05,0
57,78,0,3.641978616665571e-05,0
57,79,0,3.237414823936113e-05,0
57,80,0,3.104610023269171e-05,0
57,81,0,3.4616077225143315e-05,0
57,82,0,4.025736370302751e-05,0
57,83,0,3.3715766398499105e-05,0
57,84,0,3.444404740597403e-05,0
57,85,0,3.444404740597403e-05,0
57,86,0,5.1133450065023634e-05,0
57,87,0,3.786903516777681e-05,0
57,88,0,3.866936749885299e-05,0
57,89,0,3.552143811834919e-05,0
57,90,0,4.116686306647274e-05,0
57,91,0,3.286826497404967e-05,0
57,92,0,3.2826679039886576e-05,0
57,93,0,3.4446825682804174e-05,0
57,94,0,3.524857777648996e-05,0
57,95,0,3.3701260267149386e-05,0
57,96,0,3.646781155308806e-05,0
57,97,0,4.708095005622296e-05,0
57,98,0,3.9316023354723884e-05,0
57,99,0,4.1903907169650036e-05,0
57,100,0,4.0922157430217875e-05,0
57,101,0,4.757594980287179e-05,0
57,102,0,4.430450048610814e-05,0
57,103,0,3.855901164740963e-05,0
57,104,0,5.0351104342432196e-05,0
57,105,0,4.9330221532053664e-05,0
57,106,0,9.277387392097243e-05,0
57,107,0,3.7509576423960324e-05,0
57,108,0,4.722639333911395e-05,0
57,109,0,5.034128062414677e-05,0
57,110,0,7.82163300520139e-05,0
57,111,0,4.866384540759525e-05,0
57,112,0,5.044667447641336e-05,0
57,113,0,5.675626471953468e-05,0
57,114,0,4.667332579088678e-05,0
57,115,0,3.9020172396717516e-05,0
57,116,0,4.111786711339085e-05,0
57,117,0,3.847435927600146e-05,0
57,118,0,5.169897616045632e-05,0
57,119,0,4.091312259986954e-05,0
57,120,0,3.249253030678134e-05,0
57,121,0,3.600026645868751e-05,0
57,122,0,3.064020833509899e-05,0
57,123,0,5.19466005720327e-05,0
57,124,0,6.14092677488567e-05,0
57,125,0,6.938014275931177e-05,0
57,126,0,7.46346709495167e-05,0
57,127,0,6.505432391730863e-05,0
57,128,0,6.225959352121765e-05,0
57,129,0,5.42803815411791e-05,0
57,130,0,5.365703031010253e-05,0
57,131,0,6.694202674984371e-05,0
57,132,0,7.113094630679233e-05,0
57,133,0,4.966005119743111e-05,0
57,134,0,4.8893573468356767e-05,0
57,135,0,6.72133519081688e-05,0
57,136,0,4.0255163570769065e-05,0
57,137,0,4.781711042541037e-05,0
57,138,0,5.5428554950560744e-05,0
57,139,0,4.255557885520138e-05,0
57,140,0,4.68430089733377e-05,0
57,141,0,0.0001564506065112511,0
57,142,0,0.00014284289441421255,0
57,143,0,0.00010009837448489874,0
57,144,0,0.00011715524015753637,0
57,145,0,0.00010221314452369524,0
57,146,0,8.958263710137758e-05,0
57,147,0,6.64029618344971e-05,0
57,148,0,6.101090498743499e-05,0
57,149,0,0.00013131796444395776,0
57,150,0,0.00010310723940585709,0
57,151,0,3.962040217563817e-05,0
57,152,0,5.2455157574747194e-05,0
57,153,0,5.508412964063753e-05,0
57,154,0,4.271638050816986e-05,0
57,155,0,4.4008105630103334e-05,0
57,156,0,4.596162533312458e-05,0
57,157,0,4.266448472502662e-05,0
57,158,0,7.686898846566264e-05,0
57,159,0,9.383891386517157e-05,0
57,160,0,7.47199552026432e-05,0
58,1,0,4.242894739897146e-05,0
58,2,0,3.224724519933794e-05,0
58,3,0,3.074084990274678e-05,0
58,4,0,3.462865914630905e-05,0
58,5,0,3.3857924049383266e-05,0
58,6,0,3.569611896868754e-05,0
58,7,0,3.337821629819774e-05,0
58,8,0,3.5746379883385057e-05,0
58,9,0,3.0112139063188054e-05,0
58,10,0,3.2581775206968745e-05,0
58,11,0,4.100101635786973e-05,0
58,12,0,3.3357178244236996e-05,0
58,13,0,3.574386522719976e-05,0
58,14,0,3.333440375146351e-05,0
58,15,0,4.870928710766044e-05,0
58,16,0,3.999721461365287e-05,0
58,17,0,4.0126391660038076e-05,0
58,18,0,4.030901762567353e-05,0
58,19,0,3.339369498664329e-05,0
58,20,0,3.616484001064902e-05,0
58,21,0,3.339369498664329e-05,0
58,22,0,4.14503331145184e-05,0
58,23,0,3.798019554295659e-05,0
58,24,0,3.3782673803249865e-05,0
58,25,0,3.64439112953747e-05,0
58,26,0,4.9620034053535236e-05,0
58,27,0,3.679234851252876e-05,0
58,28,0,3.476952311409116e-05,0
58,29,0,3.5248545558401086e-05,0
58,30,0,3.2297592255944346e-05,0
58,31,0,3.177098714045071e-05,0
58,32,0,3.48763745060138e-05,0
58,33,0,3.2826679039886576e-05,0
58,34,0,3.329846042720576e-05,0
58,35,0,3.797620221724501e-05,0
58,36,0,3.40441869229859e-05,0
58,37,0,3.2547609670222807e-05,0
58,38,0,3.2547609670222807e-05,0
58,39,0,3.2547609670222807e-05,0
58,40,0,3.2547609670222807e-05,0
58,41,0,3.30153804359595e-05,0
58,42,0,3.177098714045071e-05,0
58,43,0,2.9330696369349776e-05,0
58,44,0,3.7996488735856974e-05,0
58,45,0,3.2620058393047785e-05,0
58,46,0,3.177098714045071e-05,0
58,47,0,3.371600872442388e-05,0
58,48,0,3.9645638620119376e-05,0
58,49,0,3.40441869229859e-05,0
58,50,0,4.164841755427841e-05,0
58,51,0,3.177098714045071e-05,0
58,52,0,3.2227596729958e-05,0
58,53,0,3.30088344829894e-05,0
58,54,0,3.476262937968872e-05,0
58,55,0,3.209892584524056e-05,0
58,56,0,2.9330696369349776e-05,0
58,57,0,3.139427687574466e-05,0
58,58,0,3.0047669262302003e-05,0
58,59,0,4.846131817054521e-05,0
58,60,0,3.04135849826172e-05,0
58,61,0,3.0480031897796897e-05,0
58,62,0,4.322667025321222e-05,0
58,63,0,3.4089311176174765e-05,0
58,64,0,3.185235492665295e-05,0
58,65,0,3.3595304946858624e-05,0
58,66,0,2.8722069620670554e-05,0
58,67,0,3.147095836769322e-05,0
58,68,0,2.8722069620670554e-05,0
58,69,0,3.566008065113559e-05,0
58,70,0,3.336836637385955e-05,0
58,71,0,3.6836546616938424e-05,0
58,72,0,3.224724519933794e-05,0
58,73,0,5.313898268948839e-05,0
58,74,0,3.995928453028467e-05,0
58,75,0,3.2468622711309934e-05,0
58,76,0,3.0047669262302003e-05,0
58,77,0,3.979242616610118e-05,0
58,78,0,3.764551759837724e-05,0
58,79,0,3.102909405710851e-05,0
58,80,0,3.88429408910975e-05,0
58,81,0,3.001303686142706e-05,0
58,82,0,3.0047669262302003e-05,0
58,83,0,3.134634626275282e-05,0
58,84,0,3.2468622711309934e-05,0
58,85,0,3.8148079308619196e-05,0
58,86,0,2.8944409521362384e-05,0
58,87,0,3.10165624986767e-05,0
58,88,0,3.317002428254929e-05,0
58,89,0,3.25411564590521e-05,0
58,90,0,3.1764687905256564e-05,0
58,91,0,3.727353038561704e-05,0
58,92,0,3.3954331818600564e-05,0
58,93,0,3.2547609670222807e-05,0
58,94,0,3.10165624986767e-05,0
58,95,0,3.219757039905436e-05,0
58,96,0,3.1950241757257636e-05,0
58,97,0,3.0245380630013906e-05,0
58,98,0,3.289272289546186e-05,0
58,99,0,3.1598785512568976e-05,0
58,100,0,3.22911886140995e-05,0
58,101,0,3.22911886140995e-05,0
58,102,0,3.787506559044091e-05,0
58,103,0,3.848737291228974e-05,0
58,104,0,3.0179959777688874e-05,0
58,105,0,3.816954634157526e-05,0
58,106,0,3.133300908010567e-05,0
58,107,0,3.8321563298380144e-05,0
58,108,0,3.948264264599473e-05,0
58,109,0,3.7534381526775176e-05,0
58,110,0,3.8256530016285974e-05,0
58,111,0,5.0116777166051334e-05,0
58,112,0,3.246571937690117e-05,0
58,113,0,3.719990680966531e-05,0
58,114,0,3.4795225351842745e-05,0
58,115,0,3.9585078194320534e-05,0
58,116,0,3.487055797797386e-05,0
58,117,0,3.098272730513254e-05,0
58,118,0,4.5386409976722596e-05,0
58,119,0,5.725967194951503e-05,0
58,120,0,4.462976332412524e-05,0
58,121,0,4.532677514146105e-05,0
58,122,0,4.7509218009039195e-05,0
58,123,0,3.979729935135953e-05,0
58,124,0,4.249365207008584e-05,0
58,125,0,7.549334771921917e-05,0
58,126,0,3.660887334417718e-05,0
58,127,0,3.8633384732174044e-05,0
58,128,0,3.865799829526999e-05,0
58,129,0,4.722360064641627e-05,0
58,130,0,4.6231205133597275e-05,0
58,131,0,5.093288392138723e-05,0
58,132,0,6.129403843211348e-05,0
58,133,0,3.98755036085282e-05,0
58,134,0,3.965718125226308e-05,0
58,135,0,2.9723763394881614e-05,0
58,136,0,3.34220071668608e-05,0
58,137,0,3.5127164790930695e-05,0
58,138,0,9.344215140601598e-05,0
58,139,0,5.060579722560398e-05,0
58,140,0,7.655196994553527e-05,0
58,141,0,7.043213311573545e-05,0
58,142,0,6.156391230945933e-05,0
58,143,0,3.2694414559549926e-05,0
58,144,0,3.5415165988201454e-05,0
58,145,0,7.751728423783837e-05,0
58,146,0,9.994338889902457e-05,0
58,147,0,0.00016735816529588008,0
58,148,0,0.0001706192222723163,0
58,149,0,0.00016910107622185197,0
58,150,0,0.0001531463093050242,0
58,151,0,0.000256892015507952,0
58,152,0,0.00011406990804753802,0
58,153,0,6.179170536286177e-05,0
58,154,0,0.0002764791611394949,0
58,155,0,0.0002128975884793356,0
58,156,0,0.00020098055353300577,0
58,157,0,0.00023511992263968736,0
58,158,0,0.0003439572365518396,0
58,159,0,0.00020931427370374028,0
58,160,0,0.00046063270316723423,0
58,161,0,0.00026919965313063835,0
58,162,0,0.002633916558072822,0
58,163,0,0.004327703773787516,0
58,164,0,0.0013127885963675286,0
58,165,0,0.00044109191982267637,0
58,166,0,0.0017900512683184345,0
58,167,0,0.027355893680415324,0
58,168,0,0.010020956017895549,0
58,169,0,0.012698002057436151,0
58,170,0,0.011973879456218408,0
58,171,0,0.05043511821791259,0
58,172,0,0.07602926525956828,0
58,173,0,0.11778782691508596,0
58,174,0,0.02747067110361204,0
58,175,0,0.4325972476628505,1
58,176,0,0.3036632944945511,0
59,1,0,4.638563284898872e-05,0
59,2,0,5.306825011106408e-05,0
59,3,0,3.7672609386676063e-05,0
59,4,0,3.1872232475049535e-05,0
59,5,0,3.377716438422073e-05,0
59,6,0,3.104610023269171e-05,0
59,7,0,3.2387928578085125e-05,0
59,8,0,2.99061822158434e-05,0
59,9,0,3.362243881840247e-05,0
59,10,0,3.0305304319046496e-05,0
59,11,0,3.317963136708922e-05,0
59,12,0,2.99061822158434e-05,0
59,13,0,3.2820170499477114e-05,0
59,14,0,3.476016895316374e-05,0
59,15,0,3.476016895316374e-05,0
59,16,0,3.0401879070530398e-05,0
59,17,0,3.2910750440090117e-05,0
59,18,0,3.0401879070530398e-05,0
59,19,0,3.362243881840247e-05,0
59,20,0,3.063722211578011e-05,0
59,21,0,3.134634626275282e-05,0
59,22,0,2.983039525244099e-05,0
59,23,0,3.1764687905256564e-05,0
59,24,0,2.8944409521362384e-05,0
59,25,0,3.1764687905256564e-05,0
59,26,0,2.9330696369349776e-05,0
59,27,0,3.134634626275282e-05,0
59,28,0,3.355100893132607e-05,0
59,29,0,3.55842397858438e-05,0
59,30,0,5.4485558520307434e-05,0
59,31,0,3.4463317839523755e-05,0
59,32,0,3.224724519933794e-05,0
59,33,0,3.182254846884254e-05,0
59,34,0,3.182254846884254e-05,0
59,35,0,3.182254846884254e-05,0
59,36,0,3.4797493162109564e-05,0
59,37,0,3.1063226176412726e-05,0
59,38,0,3.441450186344234e-05,0
59,39,0,3.213026867666626e-05,0
59,40,0,3.4089950267608686e-05,0
59,41,0,3.224724519933794e-05,0
59,42,0,3.484541323842821e-05,0
59,43,0,3.147778947765216e-05,0
59,44,0,3.49168346947393e-05,0
59,45,0,3.688840810966719e-05,0
59,46,0,3.0047669262302003e-05,0
59,47,0,2.9938671437948447e-05,0
59,48,0,3.1764687905256564e-05,0
59,49,0,3.04135849826172e-05,0
59,50,0,3.222713652495123e-05,0
59,51,0,3.335058722023664e-05,0
59,52,0,3.4821968600029716e-05,0
59,53,0,3.5248545558401086e-05,0
59,54,0,3.120027092214686e-05,0
59,55,0,3.40441869229859e-05,0
59,56,0,3.7652983013279966e-05,0
59,57,0,3.0047669262302003e-05,0
59,58,0,2.9330696369349776e-05,0
59,59,0,3.219757039905436e-05,0
59,60,0,2.9330696369349776e-05,0
59,61,0,3.078264200260545e-05,0
59,62,0,3.1764687905256564e-05,0
59,63,0,3.724803910810868e-05,0
59,64,0,2.968788116742997e-05,0
59,65,0,3.845391530144619e-05,0
59,66,0,3.5683143322477926e-05,0
59,67,0,3.1764687905256564e-05,0
59,68,0,3.067050549439202e-05,0
59,69,0,3.5647736229845154e-05,0
59,70,0,3.513620487427732e-05,0
59,71,0,3.330051072346154e-05,0
59,72,0,3.147778947765216e-05,0
59,73,0,3.182254846884254e-05,0
59,74,0,3.29010157295783e-05,0
59,75,0,2.9330696369349776e-05,0
59,76,0,3.219757039905436e-05,0
59,77,0,3.486945958698286e-05,0
59,78,0,2.9330696369349776e-05,0
59,79,0,3.0288703918220634e-05,0
59,80,0,3.171333144675095e-05,0
59,81,0,3.696405401517062e-05,0
59,82,0,3.158236117405212e-05,0
59,83,0,3.523841713905052e-05,0
59,84,0,3.158236117405212e-05,0
59,85,0,3.291168161709729e-05,0
59,86,0,2.968788116742997e-05,0
59,87,0,3.099333051880128e-05,0
59,88,0,2.9352875810511207e-05,0
59,89,0,3.697495287661195e-05,0
59,90,0,3.6253104526196204e-05,0
59,91,0,3.1764687905256564e-05,0
59,92,0,3.2775126133618914e-05,0
59,93,0,2.983039525244099e-05,0
59,94,0,3.284608533267943e-05,0
60,1,0,4.5141689141977005e-05,0
60,2,0,4.02012548199796e-05,0
60,3,0,4.204043997782946e-05,0
60,4,0,3.3086217500019305e-05,0
60,5,0,4.559955366441395e-05,0
60,6,0,4.7241816273048697e-05,0
60,7,0,3.335520614559443e-05,0
60,8,0,5.00023846998736e-05,0
60,9,0,4.8439969487387216e-05,0
60,10,0,4.778168613764867e-05,0
60,11,0,5.411835318040412e-05,0
60,12,0,4.601344513696061e-05,0
60,13,0,4.437514152440112e-05,0
60,14,0,3.3852827772978994e-05,0
60,15,0,3.867780027635188e-05,0
60,16,0,3.920399569443477e-05,0
60,17,0,3.29439682628336e-05,0
60,18,0,3.659915651228102e-05,0
60,19,0,3.553129882066128e-05,0
60,20,0,3.440747788172747e-05,0
60,21,0,3.2196755979086014e-05,0
60,22,0,3.17343685375505e-05,0
60,23,0,3.48763745060138e-05,0
60,24,0,2.8944409521362384e-05,0
60,25,0,3.177098714045071e-05,0
60,26,0,3.2817703330926425e-05,0
60,27,0,3.640982804002508e-05,0
60,28,0,3.2620058393047785e-05,0
60,29,0,3.2547609670222807e-05,0
60,30,0,3.505483740654723e-05,0
60,31,0,3.177098714045071e-05,0
60,32,0,3.440747788172747e-05,0
60,33,0,3.550127060687129e-05,0
60,34,0,3.652241405513087e-05,0
60,35,0,3.30153804359595e-05,0
60,36,0,3.2547609670222807e-05,0
60,37,0,3.2547609670222807e-05,0
60,38,0,3.48763745060138e-05,0
60,39,0,3.2227596729958e-05,0
60,40,0,3.177098714045071e-05,0
60,41,0,3.838385880380178e-05,0
60,42,0,3.48763745060138e-05,0
60,43,0,4.14781185137311e-05,0
60,44,0,3.280869754559665e-05,0
60,45,0,3.48763745060138e-05,0
60,46,0,3.4018935317982195e-05,0
60,47,0,4.160092520677746e-05,0
60,48,0,3.476952311409116e-05,0
60,49,0,3.393988503297661e-05,0
60,50,0,3.856741125870174e-05,0
60,51,0,3.972083803628501e-05,0
60,52,0,4.4125931153888324e-05,0
60,53,0,4.1076282275556896e-05,0
60,54,0,3.902138137837977e-05,0
60,55,0,3.941731433889126e-05,0
60,56,0,3.600233032484424e-05,0
60,57,0,3.704751566333816e-05,0
60,58,0,4.691067843086506e-05,0
60,59,0,3.5436566946153914e-05,0
60,60,0,3.887119207713082e-05,0
60,61,0,3.289527735402249e-05,0
60,62,0,3.0807616443930635e-05,0
60,63,0,3.4231476490942987e-05,0
60,64,0,3.7487818558182284e-05,0
60,65,0,3.160847152073006e-05,0
60,66,0,3.616660526346672e-05,0
60,67,0,4.348510334123022e-05,0
60,68,0,3.7985812310396265e-05,0
60,69,0,3.876496038640945e-05,0
60,70,0,3.945849258095081e-05,0
60,71,0,3.682378188211761e-05,0
60,72,0,3.7601416959176565e-05,0
60,73,0,3.3169252914902577e-05,0
60,74,0,3.212341653020671e-05,0
60,75,0,3.5155213511648e-05,0
60,76,0,3.5249717829733474e-05,0
60,77,0,4.0911279796865075e-05,0
60,78,0,4.151319401077855e-05,0
60,79,0,3.631286739122568e-05,0
60,80,0,3.498112603565014e-05,0
60,81,0,3.199953498813786e-05,0
60,82,0,3.123598972746401e-05,0
60,83,0,3.25411564590521e-05,0
60,84,0,3.723369204797685e-05,0
60,85,0,4.032348284175576e-05,0
60,86,0,3.794343793103115e-05,0
60,87,0,3.04135849826172e-05,0
60,88,0,3.640709534073538e-05,0
60,89,0,3.9788917701797576e-05,0
60,90,0,3.0409471959979642e-05,0
60,91,0,3.6964109108965556e-05,0
60,92,0,2.910538924697355e-05,0
60,93,0,2.9752235376707344e-05,0
60,94,0,3.1429299936999865e-05,0
60,95,0,3.3665128968255716e-05,0
60,96,0,3.803823882739388e-05,0
60,97,0,3.843815778777528e-05,0
60,98,0,3.8702721714318485e-05,0
60,99,0,4.117867845565598e-05,0
60,100,0,4.6907862117463644e-05,0
60,101,0,5.059781595038047e-05,0
60,102,0,4.6632330894149385e-05,0
60,103,0,4.424724719443706e-05,0
60,104,0,8.675698069301274e-05,0
60,105,0,4.986903276033265e-05,0
60,106,0,4.609818216955839e-05,0
60,107,0,6.193149034655332e-05,0
60,108,0,5.063357486494144e-05,0
60,109,0,7.271690993748266e-05,0
60,110,0,6.090868649297839e-05,0
60,111,0,5.8207881569393264e-05,0
60,112,0,5.618638259876813e-05,0
60,113,0,5.032825635695249e-05,0
60,114,0,4.437424115723053e-05,0
60,115,0,3.158236117405212e-05,0
60,116,0,3.385942678714354e-05,0
60,117,0,4.358913921508885e-05,0
60,118,0,3.0848213307771606e-05,0
60,119,0,2.9723763394881614e-05,0
60,120,0,2.9330696369349776e-05,0
60,121,0,3.676523740311657e-05,0
60,122,0,4.3682080751878437e-05,0
60,123,0,3.700056809989823e-05,0
60,124,0,3.773886356326292e-05,0
60,125,0,4.913869582210896e-05,0
60,126,0,3.91147642589684e-05,0
60,127,0,4.5737538370339695e-05,0
60,128,0,4.035990715828012e-05,0
60,129,0,7.174192142045524e-05,0
60,130,0,7.04148788120952e-05,0
60,131,0,5.807640366294856e-05,0
60,132,0,3.857522782651865e-05,0
60,133,0,4.386660859383593e-05,0
60,134,0,4.59748991347207e-05,0
60,135,0,6.734900302156192e-05,0
60,136,0,6.629066585952246e-05,0
60,137,0,0.00011803812139440437,0
60,138,0,6.688944953093265e-05,0
60,139,0,3.7577639825604224e-05,0
60,140,0,3.262496044207019e-05,0
60,141,0,5.8350506840336806e-05,0
60,142,0,3.839768589352384e-05,0
60,143,0,4.529265648505751e-05,0
60,144,0,3.903700964583233e-05,0
60,145,0,4.5510564646993234e-05,0
60,146,0,4.974014860128487e-05,0
60,147,0,4.521400210514036e-05,0
61,1,0,3.133300908010567e-05,0
61,2,0,3.0047669262302003e-05,0
61,3,0,3.286909637934283e-05,0
61,4,0,3.410565638686263e-05,0
61,5,0,3.2820170499477114e-05,0
61,6,0,3.209892584524056e-05,0
61,7,0,3.133300908010567e-05,0
61,8,0,3.2810880071910725e-05,0
61,9,0,2.9330696369349776e-05,0
61,10,0,3.3165514187720124e-05,0
61,11,0,3.25411564590521e-05,0
61,12,0,2.9330696369349776e-05,0
61,13,0,2.9663367365475256e-05,0
61,14,0,3.283897225871469e-05,0
61,15,0,4.191816190576027e-05,0
61,16,0,3.3557028998872155e-05,0
61,17,0,4.2546374063050746e-05,0
61,18,0,3.2704132649842185e-05,0
61,19,0,3.1426455326531945e-05,0
61,20,0,3.842737483025635e-05,0
61,21,0,3.058484744143739e-05,0
61,22,0,3.0807616443930635e-05,0
61,23,0,3.675415742619956e-05,0
61,24,0,3.219465625602156e-05,0
61,25,0,3.0401879070530398e-05,0
61,26,0,3.2910750440090117e-05,0
61,27,0,3.212546324198166e-05,0
61,28,0,3.182830935379625e-05,0
61,29,0,4.079590373609211e-05,0
61,30,0,3.2672774232093206e-05,0
61,31,0,3.0401879070530398e-05,0
61,32,0,3.2568059452669774e-05,0
61,33,0,3.2910750440090117e-05,0
61,34,0,3.479000253389991e-05,0
61,35,0,3.564182018413023e-05,0
61,36,0,3.0695861998223055e-05,0
61,37,0,2.9676454563848115e-05,0
61,38,0,3.489752038011468e-05,0
61,39,0,3.187324409475656e-05,0
61,40,0,3.145347280980536e-05,0
61,41,0,3.333642347795582e-05,0
61,42,0,3.187324409475656e-05,0
61,43,0,3.3664407206644165e-05,0
61,44,0,4.673171815730155e-05,0
61,45,0,3.111271218452312e-05,0
61,46,0,3.4775612146451636e-05,0
61,47,0,3.366677557350439e-05,0
61,48,0,3.145347280980536e-05,0
61,49,0,3.111271218452312e-05,0
61,50,0,3.373838264394673e-05,0
61,51,0,3.114617030271321e-05,0
61,52,0,3.4607378577475e-05,0
61,53,0,3.402766157918276e-05,0
61,54,0,4.0234148833608884e-05,0
61,55,0,3.187324409475656e-05,0
61,56,0,3.8405345155461696e-05,0
61,57,0,4.397759148352365e-05,0
61,58,0,3.122603378404685e-05,0
61,59,0,4.039360156619006e-05,0
61,60,0,3.310076607441252e-05,0
61,61,0,3.231094503792048e-05,0
61,62,0,4.1450719316067246e-05,0
61,63,0,3.385904015838981e-05,0
61,64,0,3.0305304319046496e-05,0
61,65,0,3.591772451841223e-05,0
61,66,0,3.460218499454756e-05,0
61,67,0,3.326743640980765e-05,0
61,68,0,3.0305304319046496e-05,0
61,69,0,4.055144840606632e-05,0
61,70,0,3.63855624753717e-05,0
61,71,0,4.2434597870593284e-05,0
61,72,0,3.722687840682179e-05,0
61,73,0,3.2826679039886576e-05,0
61,74,0,3.416695827334429e-05,0
61,75,0,3.2547609670222807e-05,0
61,76,0,3.5015929153262234e-05,0
61,77,0,3.2547609670222807e-05,0
61,78,0,3.1352562539481205e-05,0
61,79,0,3.678509164159812e-05,0
61,80,0,3.514317268937436e-05,0
61,81,0,4.8055640657165115e-05,0
61,82,0,4.6823224038687046e-05,0
61,83,0,6.373843241005465e-05,0
61,84,0,4.065952370335644e-05,0
61,85,0,4.527450772852185e-05,0
61,86,0,3.608507127589577e-05,0
61,87,0,3.854997639716916e-05,0
61,88,0,4.299177246276935e-05,0
61,89,0,4.397857286865592e-05,0
61,90,0,3.071210420303778e-05,0
61,91,0,3.2303632935575606e-05,0
61,92,0,3.5031188737388284e-05,0
61,93,0,4.454145238124014e-05,0
61,94,0,3.104610023269171e-05,0
61,95,0,3.408091737194011e-05,0
61,96,0,3.063722211578011e-05,0
61,97,0,4.553539179628345e-05,0
61,98,0,3.670514684882533e-05,0
61,99,0,4.00162541161494e-05,0
61,100,0,3.1399175807033376e-05,0
61,101,0,3.8561633963168175e-05,0
61,102,0,3.366407526880095e-05,0
61,103,0,3.612718961353776e-05,0
61,104,0,3.40028052805487e-05,0
61,105,0,3.831734687151616e-05,0
61,106,0,3.7405571801305915e-05,0
61,107,0,5.4048925943227415e-05,0
61,108,0,6.462064079552134e-05,0
61,109,0,4.15365294467906e-05,0
61,110,0,4.4731000215574e-05,0
61,111,0,4.059006404486601e-05,0
61,112,0,3.764429743686901e-05,0
61,113,0,3.329315532325736e-05,0
61,114,0,4.016517719023795e-05,0
61,115,0,6.769295625352405e-05,0
61,116,0,3.8642017447846804e-05,0
61,117,0,3.406226822617643e-05,0
61,118,0,4.90384045454008e-05,0
61,119,0,3.5134859980855644e-05,0
61,120,0,4.269172801275188e-05,0
61,121,0,7.250394606025289e-05,0
61,122,0,6.041004239454724e-05,0
61,123,0,5.083093598595971e-05,0
61,124,0,4.445724049267624e-05,0
61,125,0,0.00014639283509927737,0
61,126,0,0.00020239797422760917,0
61,127,0,0.00016617457714975222,0
61,128,0,0.00016639691326579968,0
61,129,0,0.00011924008496864864,0
61,130,0,0.00016211754831172326,0
61,131,0,0.00024658513518009424,0
61,132,0,0.00017873638481006923,0
61,133,0,0.00010352616162093458,0
61,134,0,0.00021871363158694203,0
61,135,0,0.00024623247230049985,0
61,136,0,0.00021581347426937632,0
61,137,0,0.00023891431716963264,0
61,138,0,0.00046749369494843856,0
61,139,0,0.0018948145462455831,0
61,140,0,0.0006063223344835755,0
61,141,0,0.0026154359272785098,0
61,142,0,0.001307012431146922,0
61,143,0,0.006300747714271514,0
61,144,0,0.005621756448839139,0
61,145,0,0.012327712431181803,0
61,146,0,0.02180316599008687,0
61,147,0,0.06773330511108888,0
61,148,0,0.07586997167901262,0
61,149,0,0.7500214201433473,1
61,150,1,0.4989938270215596,1
61,151,1,0.19868633022258492,0
61,152,1,0.8023912757932509,1
61,153,1,0.4781026376811281,1
61,154,1,0.9206942751101317,1
61,155,1,0.9390300769188258,1
61,156,1,0.9542160836878343,1
61,157,1,0.9512255443676766,1
61,158,1,0.9927184591548676,1
61,159,1,0.994775998238075,1
62,1,0,3.133300908010567e-05,0
62,2,0,0.00022117033616190292,0
62,3,0,4.105226874497956e-05,0
62,4,0,4.442224074436054e-05,0
62,5,0,4.954144078603721e-05,0
62,6,0,3.711886306363005e-05,0
62,7,0,3.8878196607674425e-05,0
62,8,0,3.391007363581967e-05,0
62,9,0,3.466369668377306e-05,0
62,10,0,3.251571146200689e-05,0
62,11,0,3.260073925143138e-05,0
62,12,0,3.0828769847662144e-05,0
62,13,0,3.158236117405212e-05,0
62,14,0,3.388692166851004e-05,0
62,15,0,3.018905825692208e-05,0
62,16,0,3.313060840563044e-05,0
62,17,0,3.133975817122068e-05,0
62,18,0,3.7760145720542306e-05,0
62,19,0,3.059195545337003e-05,0
62,20,0,3.2653851519046207e-05,0
62,21,0,2.942416540211247e-05,0
62,22,0,3.440711503996095e-05,0
62,23,0,3.1770652100738366e-05,0
62,24,0,3.1426455326531945e-05,0
62,25,0,3.637538908754373e-05,0
62,26,0,3.342298357950955e-05,0
62,27,0,3.4392475612137746e-05,0
62,28,0,3.847105892105693e-05,0
62,29,0,4.221955347649101e-05,0
62,30,0,3.847105892105693e-05,0
62,31,0,4.248860299713324e-05,0
62,32,0,4.581362772697854e-05,0
62,33,0,5.817691932450803e-05,0
62,34,0,3.9286260705156996e-05,0
62,35,0,3.834885255806737e-05,0
62,36,0,3.830465272976257e-05,0
62,37,0,3.8768863623001995e-05,0
62,38,0,3.9286260705156996e-05,0
62,39,0,3.9286260705156996e-05,0
62,40,0,4.2451539782690886e-05,0
62,41,0,3.811859338774986e-05,0
62,42,0,3.8768863623001995e-05,0
62,43,0,4.198604333730429e-05,0
62,44,0,5.1712479690786945e-05,0
62,45,0,4.260979842914504e-05,0
62,46,0,3.784380060308812e-05,0
62,47,0,3.784380060308812e-05,0
62,48,0,4.09842184077961e-05,0
62,49,0,3.6293786365368166e-05,0
62,50,0,3.205539771313692e-05,0
62,51,0,3.283897225871469e-05,0
62,52,0,2.9651940122769117e-05,0
62,53,0,3.142417430391337e-05,0
62,54,0,3.3165514187720124e-05,0
62,55,0,2.9651940122769117e-05,0
62,56,0,3.085068671996384e-05,0
62,57,0,2.8944409521362384e-05,0
62,58,0,2.880381490498514e-05,0
62,59,0,3.350189914029333e-05,0
62,60,0,2.9651940122769117e-05,0
62,61,0,3.0047669262302003e-05,0
62,62,0,3.4280108155317856e-05,0
62,63,0,3.132048106708375e-05,0
62,64,0,2.9330696369349776e-05,0
62,65,0,3.283955675278253e-05,0
62,66,0,3.367249553091262e-05,0
62,67,0,3.3659032142354375e-05,0
62,68,0,3.133300908010567e-05,0
62,69,0,3.132048106708375e-05,0
62,70,0,3.173847752916639e-05,0
62,71,0,2.9709479777303125e-05,0
62,72,0,2.8722069620670554e-05,0
62,73,0,3.0071277203898816e-05,0
62,74,0,3.348494123191288e-05,0
62,75,0,3.5231953075597435e-05,0
62,76,0,3.406647718269514e-05,0
62,77,0,3.1494675341022085e-05,0
62,78,0,3.410823734391058e-05,0
62,79,0,3.405442942435198e-05,0
62,80,0,3.364471099570935e-05,0
62,81,0,3.147095836769322e-05,0
62,82,0,3.145837519954407e-05,0
62,83,0,3.147095836769322e-05,0
62,84,0,3.185235492665295e-05,0
62,85,0,3.134634626275282e-05,0
62,86,0,2.9330696369349776e-05,0
62,87,0,2.9651940122769117e-05,0
62,88,0,2.8944409521362384e-05,0
62,89,0,3.393148623342868e-05,0
62,90,0,4.03268557062587e-05,0
62,91,0,3.29439682628336e-05,0
62,92,0,3.2547609670222807e-05,0
62,93,0,3.1352562539481205e-05,0
62,94,0,3.4784323029567096e-05,0
62,95,0,3.1352562539481205e-05,0
62,96,0,4.0777566718077833e-05,0
62,97,0,3.1352562539481205e-05,0
62,98,0,3.433362549154812e-05,0
62,99,0,3.3916449935847205e-05,0
62,100,0,2.9330696369349776e-05,0
62,101,0,3.0047669262302003e-05,0
62,102,0,3.486945958698286e-05,0
62,103,0,3.219757039905436e-05,0
62,104,0,3.986465351042437e-05,0
62,105,0,3.3062297276956066e-05,0
62,106,0,4.1589733113388746e-05,0
62,107,0,3.7581323507187366e-05,0
62,108,0,3.4209982269454195e-05,0
62,109,0,3.3842065310623025e-05,0
62,110,0,3.25411564590521e-05,0
62,111,0,3.0479512246954768e-05,0
62,112,0,2.9330696369349776e-05,0
62,113,0,3.875570117494492e-05,0
62,114,0,3.086472140679251e-05,0
62,115,0,3.747782227107749e-05,0
62,116,0,3.244387686299201e-05,0
62,117,0,3.513620487427732e-05,0
62,118,0,3.104610023269171e-05,0
62,119,0,3.44964636915874e-05,0
62,120,0,3.1853154583928985e-05,0
62,121,0,3.584760353384266e-05,0
62,122,0,4.981402670720611e-05,0
62,123,0,3.0305304319046496e-05,0
62,124,0,3.496657295014355e-05,0
62,125,0,3.0305304319046496e-05,0
62,126,0,3.0305304319046496e-05,0
62,127,0,2.99061822158434e-05,0
62,128,0,3.1637902430104767e-05,0
62,129,0,3.063722211578011e-05,0
62,130,0,3.7090871474340485e-05,0
62,131,0,3.591772451841223e-05,0
62,132,0,3.1744914825312034e-05,0
62,133,0,3.4865227537636626e-05,0
62,134,0,3.130373413094005e-05,0
62,135,0,4.2950607379522525e-05,0
62,136,0,3.4089950267608686e-05,0
62,137,0,3.224724519933794e-05,0
62,138,0,3.1063226176412726e-05,0
62,139,0,3.182254846884254e-05,0
62,140,0,3.641715016843531e-05,0
62,141,0,4.266041337044636e-05,0
62,142,0,3.731473945519851e-05,0
62,143,0,3.304323065440498e-05,0
62,144,0,4.488363094988613e-05,0
62,145,0,4.898374597464438e-05,0
62,146,0,4.7058480151912366e-05,0
62,147,0,6.249444302894346e-05,0
62,148,0,4.416083840507173e-05,0
62,149,0,3.219465625602156e-05,0
62,150,0,3.101256807642255e-05,0
62,151,0,3.886701399916165e-05,0
62,152,0,3.0861927893753886e-05,0
62,153,0,3.9787615621700126e-05,0
62,154,0,4.200257662523793e-05,0
62,155,0,3.221007768862757e-05,0
62,156,0,3.364765720873634e-05,0
62,157,0,4.300387871562994e-05,0
62,158,0,3.463590777356126e-05,0
62,159,0,3.7910473267967196e-05,0
62,160,0,3.668472791511876e-05,0
62,161,0,4.4677741715231476e-05,0
62,162,0,3.993826036411962e-05,0
62,163,0,4.918917017339137e-05,0
62,164,0,4.060787271998605e-05,0
62,165,0,3.182254846884254e-05,0
62,166,0,3.7549875544788196e-05,0
62,167,0,3.7454917668115634e-05,0
62,168,0,3.980106169882924e-05,0
62,169,0,3.3748705558834186e-05,0
62,170,0,2.942416540211247e-05,0
62,171,0,3.4056150344631906e-05,0
62,172,0,3.4594926711230405e-05,0
62,173,0,3.5156533546299705e-05,0
62,174,0,5.880683673399008e-05,0
62,175,0,3.619814567499359e-05,0
62,176,0,3.070303451554955e-05,0
62,177,0,3.364298726806014e-05,0
62,178,0,3.0828769847662144e-05,0
62,179,0,6.254868732269106e-05,0
62,180,0,5.439434258239308e-05,0
62,181,0,7.20359136552945e-05,0
62,182,0,4.074897447605344e-05,0
62,183,0,4.074897447605344e-05,0
62,184,0,4.4958561470229785e-05,0
62,185,0,4.462342677937411e-05,0
62,186,0,8.85286591180811e-05,0
62,187,0,4.123210242969949e-05,0
62,188,0,7.289516085602978e-05,0
62,189,0,6.658202117874578e-05,0
62,190,0,4.544905280334261e-05,0
62,191,0,4.193857583129031e-05,0
62,192,0,0.00012189118779231931,0
62,193,0,7.748135740124804e-05,0
62,194,0,6.838556243826117e-05,0
62,195,0,8.589487026585042e-05,0
62,196,0,3.8068887316353485e-05,0
62,197,0,7.89368167544416e-05,0
62,198,0,3.3541915179271283e-05,0
62,199,0,8.81861550602114e-05,0
62,200,0,3.361074587605931e-05,0
62,201,0,3.312965263925055e-05,0
62,202,0,5.7655112036965123e-05,0
62,203,0,4.076211519242024e-05,0
62,204,0,5.959185489315063e-05,0
62,205,0,3.104610023269171e-05,0
62,206,0,6.737172947896657e-05,0
62,207,0,3.467488841876531e-05,0
62,208,0,4.4932294327033e-05,0
62,209,0,4.257792780390899e-05,0
62,210,0,8.10494264353488e-05,0
62,211,0,4.6761140701343366e-05,0
62,212,0,5.844618050080285e-05,0
62,213,0,9.936396156922837e-05,0
62,214,0,6.169222205049421e-05,0
62,215,0,4.75035852885902e-05,0
62,216,0,9.825677955995582e-05,0
62,217,0,5.467253593880038e-05,0
62,218,0,8.930519412175961e-05,0
62,219,0,4.3280837799217255e-05,0
62,220,0,0.0001981117539046384,0
62,221,0,0.00016482698145551313,0
62,222,0,8.699631984112928e-05,0
62,223,0,5.454222610083137e-05,0
62,224,0,8.749347566484671e-05,0
62,225,0,0.00013884352218196212,0
62,226,0,7.507710652808828e-05,0
62,227,0,9.897881743657778e-05,0
62,228,0,0.00018481716296675366,0
62,229,0,0.00046919111888811787,0
62,230,0,0.00030651805541979655,0
62,231,0,0.0004885203704185594,0
62,232,0,0.0003420734237984867,0
63,1,0,9.226817307661292e-05,0
63,2,0,9.848306773330636e-05,0
63,3,0,5.8516978273241616e-05,0
63,4,0,3.942941267221668e-05,0
63,5,0,4.873795923157184e-05,0
63,6,0,3.797309656046209e-05,0
63,7,0,4.526613643436653e-05,0
63,8,0,4.213010784810838e-05,0
63,9,0,3.819138057375554e-05,0
63,10,0,3.8901319999092964e-05,0
63,11,0,3.912995475658215e-05,0
63,12,0,4.341296906549292e-05,0
63,13,0,4.341296906549292e-05,0
63,14,0,4.341296906549292e-05,0
63,15,0,4.2822998082495074e-05,0
63,16,0,3.6773703103531555e-05,0
63,17,0,3.755293926656548e-05,0
63,18,0,3.104610023269171e-05,0
63,19,0,3.6562190076586896e-05,0
63,20,0,3.4791368884326906e-05,0
63,21,0,3.794677374370319e-05,0
63,22,0,3.354749498942081e-05,0
63,23,0,3.870460486539506e-05,0
63,24,0,3.104610023269171e-05,0
63,25,0,3.3350352258619e-05,0
63,26,0,3.876673761559947e-05,0
63,27,0,3.6164231748807395e-05,0
63,28,0,3.508074584307395e-05,0
63,29,0,3.981478246893378e-05,0
63,30,0,3.409861480439266e-05,0
63,31,0,3.24989738752514e-05,0
63,32,0,3.207096198043088e-05,0
63,33,0,3.6763969457599566e-05,0
63,34,0,3.45536863658064e-05,0
63,35,0,3.377759784402212e-05,0
63,36,0,3.490520804451927e-05,0
63,37,0,3.3370781698017785e-05,0
63,38,0,3.296706396409672e-05,0
63,39,0,3.511519126219699e-05,0
63,40,0,4.057841291394012e-05,0
63,41,0,3.205096049566584e-05,0
63,42,0,3.586551315096656e-05,0
63,43,0,3.0235022608774913e-05,0
63,44,0,3.6497458152633026e-05,0
63,45,0,3.036813795745747e-05,0
63,46,0,4.361692105498466e-05,0
63,47,0,3.983811168457094e-05,0
63,48,0,4.070455631295008e-05,0
63,49,0,3.573176867829318e-05,0
63,50,0,2.910538924697355e-05,0
63,51,0,2.9495436971937402e-05,0
63,52,0,3.22911886140995e-05,0
63,53,0,2.981685479429138e-05,0
63,54,0,3.144842644296055e-05,0
63,55,0,3.387697413598078e-05,0
63,56,0,3.6672674107510186e-05,0
63,57,0,3.444999961760734e-05,0
63,58,0,3.3324069117872045e-05,0
63,59,0,3.787471297600489e-05,0
63,60,0,3.043696738106428e-05,0
63,61,0,3.372988296683141e-05,0
63,62,0,3.456793457549523e-05,0
63,63,0,3.275540597674409e-05,0
63,64,0,4.29449002893378e-05,0
63,65,0,3.3324069117872045e-05,0
63,66,0,2.9330696369349776e-05,0
63,67,0,4.184147399630657e-05,0
63,68,0,3.7770553677038346e-05,0
63,69,0,3.770258107602732e-05,0
63,70,0,3.743120280433129e-05,0
63,71,0,3.178977201324237e-05,0
63,72,0,3.140729945976592e-05,0
63,73,0,3.178977201324237e-05,0
63,74,0,3.1718333826956845e-05,0
63,75,0,4.426982345506423e-05,0
63,76,0,3.4319696929543706e-05,0
63,77,0,5.0217697662969195e-05,0
63,78,0,4.3633691941126074e-05,0
63,79,0,6.158226196516186e-05,0
63,80,0,7.942928521919729e-05,0
63,81,0,6.0698776775839405e-05,0
63,82,0,5.7918346378923425e-05,0
63,83,0,6.620658384113995e-05,0
63,84,0,6.550334589326198e-05,0
63,85,0,6.14514136491397e-05,0
63,86,0,8.018012752208607e-05,0
63,87,0,6.62170518680937e-05,0
63,88,0,6.309227640337283e-05,0
63,89,0,5.294029860769403e-05,0
63,90,0,8.034671277291833e-05,0
63,91,0,4.7150924196354e-05,0
63,92,0,4.398640945209852e-05,0
63,93,0,5.471091040552844e-05,0
63,94,0,4.430356014436651e-05,0
63,95,0,7.730323497791953e-05,0
63,96,0,5.160228809244508e-05,0
63,97,0,3.683785932075677e-05,0
63,98,0,4.964704633324845e-05,0
63,99,0,4.051336957132048e-05,0
63,100,0,3.737681850962203e-05,0
63,101,0,4.506175808175775e-05,0
63,102,0,3.7210678138624686e-05,0
63,103,0,4.320380452982123e-05,0
63,104,0,4.3230908229937504e-05,0
63,105,0,3.791229118634143e-05,0
63,106,0,5.504961696604919e-05,0
63,107,0,3.800080425225305e-05,0
63,108,0,5.1964350982292233e-05,0
63,109,0,4.3490397779260674e-05,0
63,110,0,4.247932834113926e-05,0
63,111,0,6.589642659995987e-05,0
63,112,0,6.396437214799509e-05,0
63,113,0,4.43294887568238e-05,0
63,114,0,5.5622504997406194e-05,0
63,115,0,4.848799899473865e-05,0
63,116,0,4.173688064771753e-05,0
63,117,0,9.167765925872047e-05,0
63,118,0,8.717500184303876e-05,0
63,119,0,6.789192450231122e-05,0
63,120,0,5.6065219779530607e-05,0
63,121,0,5.353434608231828e-05,0
63,122,0,4.219947527422065e-05,0
63,123,0,4.5039930047374605e-05,0
63,124,0,5.480103075776465e-05,0
63,125,0,8.866146543869575e-05,0
63,126,0,7.971752953449096e-05,0
63,127,0,0.00010926761391540691,0
63,128,0,7.891249010960663e-05,0
63,129,0,7.912813584966812e-05,0
63,130,0,5.999804061217471e-05,0
63,131,0,9.164350418378613e-05,0
63,132,0,6.72415229354274e-05,0
63,133,0,9.170484832749965e-05,0
63,134,0,5.3771232668492014e-05,0
63,135,0,7.503102603945417e-05,0
63,136,0,0.00010432207093179696,0
63,137,0,0.0004264035097924382,0
63,138,0,9.296788740775312e-05,0
63,139,0,0.0002596202936641326,0
63,140,0,0.0014016545406058422,0
63,141,0,0.0003137982643555861,0
63,142,0,0.0003441459460755565,0
63,143,0,0.00039719505279467736,0
63,144,0,0.0003731820523691808,0
63,145,0,0.00020526731774618803,0
63,146,0,0.0002450939411867563,0
63,147,0,0.00026755675712478627,0
63,148,0,0.0001284697449064209,0
63,149,0,0.00010537375672617346,0
63,150,0,0.00015152256435833024,0
63,151,0,8.792840289797052e-05,0
63,152,0,0.00014341669529203288,0
63,153,0,0.00014259560004547362,0
63,154,0,0.00015167101087044404,0
63,155,0,0.0001402071801618754,0
64,1,0,3.133300908010567e-05,0
64,2,0,3.263994613001356e-05,0
64,3,0,3.7502282690293606e-05,0
64,4,0,3.1889475577331746e-05,0
64,5,0,3.7222470590380314e-05,0
64,6,0,3.3508145520268204e-05,0
64,7,0,4.950422194463617e-05,0
64,8,0,3.737016443334831e-05,0
64,9,0,4.283110033736763e-05,0
64,10,0,4.154952296491272e-05,0
64,11,0,3.737016443334831e-05,0
64,12,0,3.766279063101237e-05,0
64,13,0,3.552619425496203e-05,0
64,14,0,4.335589652022278e-05,0
64,15,0,2.9330696369349776e-05,0
64,16,0,3.0047669262302003e-05,0
64,17,0,3.230585268274966e-05,0
64,18,0,3.0047669262302003e-05,0
64,19,0,3.2468622711309934e-05,0
64,20,0,3.8052263215165614e-05,0
64,21,0,4.0429733746887483e-05,0
64,22,0,3.917781299117434e-05,0
64,23,0,3.557939808839995e-05,0
64,24,0,3.736545779924953e-05,0
64,25,0,3.4965696121339725e-05,0
64,26,0,3.3102969487126e-05,0
64,27,0,3.0235022608774913e-05,0
64,28,0,3.275055014451619e-05,0
64,29,0,3.275055014451619e-05,0
64,30,0,3.173847752916639e-05,0
64,31,0,2.9752235376707344e-05,0
64,32,0,3.173847752916639e-05,0
64,33,0,2.9330696369349776e-05,0
64,34,0,3.2112589036912786e-05,0
64,35,0,3.1764687905256564e-05,0
64,36,0,3.22911886140995e-05,0
64,37,0,3.1274487959601625e-05,0
64,38,0,2.9330696369349776e-05,0
64,39,0,3.5954238041516764e-05,0
64,40,0,3.109232144026674e-05,0
64,41,0,2.910538924697355e-05,0
64,42,0,2.9330696369349776e-05,0
64,43,0,3.1764687905256564e-05,0
64,44,0,2.9651940122769117e-05,0
64,45,0,3.0047669262302003e-05,0
64,46,0,2.8722069620670554e-05,0
64,47,0,2.8206120904145186e-05,0
64,48,0,3.0056037971707713e-05,0
64,49,0,2.981685479429138e-05,0
64,50,0,3.1008441437456764e-05,0
64,51,0,3.25411564590521e-05,0
64,52,0,2.880381490498514e-05,0
64,53,0,2.910538924697355e-05,0
64,54,0,2.9651940122769117e-05,0
64,55,0,3.0047669262302003e-05,0
64,56,0,3.437227057828176e-05,0
64,57,0,2.9296890314270586e-05,0
64,58,0,3.482328610535553e-05,0
64,59,0,3.0441941288548044e-05,0
64,60,0,3.4734791248397596e-05,0
64,61,0,3.403444959239341e-05,0
64,62,0,3.1619248771655135e-05,0
64,63,0,2.8577147169023964e-05,0
64,64,0,3.145837519954407e-05,0
64,65,0,3.1494675341022085e-05,0
64,66,0,5.8394826114764626e-05,0
64,67,0,3.727855351033867e-05,0
64,68,0,3.227341889858291e-05,0
64,69,0,3.930801012983157e-05,0
64,70,0,4.765902394517251e-05,0
64,71,0,3.426951717745834e-05,0
64,72,0,3.426951717745834e-05,0
64,73,0,3.4392475612137746e-05,0
64,74,0,3.3133903630324656e-05,0
64,75,0,3.212488380635406e-05,0
64,76,0,3.609161879447841e-05,0
64,77,0,3.393568452152831e-05,0
64,78,0,3.4034356335384004e-05,0
64,79,0,3.6310598551911034e-05,0
64,80,0,3.0807616443930635e-05,0
64,81,0,3.49964526022446e-05,0
64,82,0,3.328979712111612e-05,0
64,83,0,3.104610023269171e-05,0
64,84,0,2.9752235376707344e-05,0
64,85,0,3.242298071842675e-05,0
64,86,0,3.0047669262302003e-05,0
64,87,0,2.981685479429138e-05,0
64,88,0,3.6938707693141906e-05,0
64,89,0,3.25411564590521e-05,0
64,90,0,3.0468665298861213e-05,0
64,91,0,2.9374723193276965e-05,0
64,92,0,3.997360652558904e-05,0
64,93,0,3.255825139759402e-05,0
64,94,0,3.6546364988220425e-05,0
64,95,0,3.067050549439202e-05,0
64,96,0,2.957122058142652e-05,0
64,97,0,3.7254396621942164e-05,0
64,98,0,4.030805662302278e-05,0
64,99,0,7.082007801102099e-05,0
64,100,0,4.593483772425559e-05,0
64,101,0,5.0549467164313344e-05,0
64,102,0,3.580477050856121e-05,0
64,103,0,3.6398241991586064e-05,0
64,104,0,3.373750197505512e-05,0
64,105,0,4.0625826689196365e-05,0
64,106,0,3.470164364732374e-05,0
64,107,0,3.851463822108231e-05,0
64,108,0,4.824058554537993e-05,0
64,109,0,3.3274800886150916e-05,0
64,110,0,4.982996674341388e-05,0
64,111,0,3.848344148193309e-05,0
64,112,0,3.2817703330926425e-05,0
64,113,0,4.239078011011148e-05,0
64,114,0,3.219757039905436e-05,0
64,115,0,4.256528587441355e-05,0
64,116,0,4.160545399490981e-05,0
64,117,0,3.636831698583872e-05,0
64,118,0,3.487903494362642e-05,0
64,119,0,3.5920552029706284e-05,0
64,120,0,2.9660198619169174e-05,0
64,121,0,3.635639054856034e-05,0
64,122,0,3.948363647122496e-05,0
64,123,0,3.481354132318583e-05,0
64,124,0,3.458312095765989e-05,0
64,125,0,4.7754357669140274e-05,0
64,126,0,5.454239183653111e-05,0
64,127,0,4.047569538480545e-05,0
64,128,0,0.00013534743489193273,0
64,129,0,4.161768579136767e-05,0
64,130,0,0.0001409230136916494,0
64,131,0,8.13565642117307e-05,0
64,132,0,0.00031277767623738285,0
64,133,0,0.000255930280380641,0
64,134,0,0.00031578150021825696,0
64,135,0,7.839237209817277e-05,0
64,136,0,7.641423079131388e-05,0
64,137,0,0.0008186261114600994,0
64,138,0,0.00030442566340992626,0
64,139,0,0.0003372945213902826,0
64,140,0,0.0007808906390813504,0
64,141,0,0.001322315845771957,0
64,142,0,0.0034579046498155945,0
64,143,0,0.0005192119014437888,0
64,144,0,0.0023452732746180663,0
64,145,0,0.001849927720387712,0
64,146,0,0.00032892927584866855,0
64,147,0,0.0014031728997953002,0
64,148,0,0.0004565794919411995,0
64,149,0,0.0006503981001054575,0
64,150,0,0.005015786355334174,0
64,151,0,0.002118953180282871,0
64,152,0,0.007587654366584757,0
64,153,0,0.0007800668394978313,0
64,154,0,0.0006459060431145102,0
64,155,0,0.0005163890276893945,0
64,156,0,0.0003594203737386023,0
64,157,0,0.005526518531530615,0
64,158,0,0.005585835716739121,0
64,159,0,0.010309075178065768,0
64,160,0,0.022854208876438537,0
64,161,0,0.07286544579738854,0
64,162,0,0.09910769474005077,0
64,163,0,0.17467407673681276,0
64,164,0,0.11133144765143498,0
64,165,0,0.26922924466358816,0
64,166,1,0.4654616231510054,1
64,167,1,0.6591749513825578,1
64,168,1,0.4301128788481622,1
65,1,0,3.133300908010567e-05,0
65,2,0,3.781769965254268e-05,0
65,3,0,3.572693312440532e-05,0
65,4,0,3.070295681304597e-05,0
65,5,0,3.594013898053455e-05,0
65,6,0,3.601725111528257e-05,0
65,7,0,3.601938059943632e-05,0
65,8,0,3.4525065524805646e-05,0
65,9,0,3.7439251360414334e-05,0
65,10,0,3.450330464481989e-05,0
65,11,0,4.778168613764867e-05,0
65,12,0,4.568272070246146e-05,0
65,13,0,3.642890236593104e-05,0
65,14,0,3.6575589340439536e-05,0
65,15,0,3.1954661755040156e-05,0
65,16,0,3.119218718729079e-05,0
65,17,0,3.527859997420815e-05,0
65,18,0,3.381701547849441e-05,0
65,19,0,3.3846115785110504e-05,0
65,20,0,3.1252638359689495e-05,0
65,21,0,3.930798916437325e-05,0
65,22,0,3.258671678923493e-05,0
65,23,0,3.4866303624592944e-05,0
65,24,0,3.07607705130082e-05,0
65,25,0,4.305045321257426e-05,0
65,26,0,4.148958128245621e-05,0
65,27,0,4.0204393499737484e-05,0
65,28,0,4.433616463412565e-05,0
65,29,0,3.65987518778795e-05,0
65,30,0,4.045302138066226e-05,0
65,31,0,3.4180284583099986e-05,0
65,32,0,3.705295159390583e-05,0
65,33,0,3.9752365878070064e-05,0
65,34,0,5.222340391717051e-05,0
65,35,0,3.9601304951942925e-05,0
65,36,0,3.616484001064902e-05,0
65,37,0,5.5235648932135e-05,0
65,38,0,5.024539332866753e-05,0
65,39,0,4.3325643190949736e-05,0
65,40,0,4.438469974990214e-05,0
65,41,0,4.275505002155484e-05,0
65,42,0,4.275505002155484e-05,0
65,43,0,5.1746743570128805e-05,0
65,44,0,4.305802086407576e-05,0
65,45,0,4.437514152440112e-05,0
65,46,0,3.4413938275176966e-05,0
65,47,0,3.468033787065595e-05,0
65,48,0,3.468033787065595e-05,0
65,49,0,4.005260432881746e-05,0
65,50,0,3.804190289714825e-05,0
65,51,0,3.675909258566914e-05,0
65,52,0,4.3914427476355495e-05,0
65,53,0,3.836886565541922e-05,0
65,54,0,3.449816832666467e-05,0
65,55,0,3.847007359515236e-05,0
65,56,0,3.589670044385747e-05,0
65,57,0,3.4706651937493346e-05,0
65,58,0,3.0064288191661625e-05,0
65,59,0,2.910538924697355e-05,0
65,60,0,2.910538924697355e-05,0
65,61,0,3.3825132546609195e-05,0
65,62,0,3.152068438591707e-05,0
65,63,0,3.452529847929267e-05,0
65,64,0,4.4791977749230164e-05,0
65,65,0,3.4075681136476765e-05,0
65,66,0,3.7783807555780155e-05,0
65,67,0,3.482306412625138e-05,0
65,68,0,4.1627832966493076e-05,0
65,69,0,3.291831325088095e-05,0
65,70,0,4.806111762716386e-05,0
65,71,0,3.311986053065371e-05,0
66,1,0,7.623314057580536e-05,0
66,2,0,4.119600447446896e-05,0
66,3,0,4.089917366032822e-05,0
66,4,0,3.8051325927124914e-05,0
66,5,0,4.2543116811873395e-05,0
66,6,0,4.01565145122603e-05,0
66,7,0,3.863752519196765e-05,0
66,8,0,3.410099545449992e-05,0
66,9,0,3.410099545449992e-05,0
66,10,0,3.499502677782369e-05,0
66,11,0,4.1647093658601046e-05,0
66,12,0,4.1476517630583884e-05,0
66,13,0,4.2841038619553775e-05,0
66,14,0,3.890069793467557e-05,0
66,15,0,3.606210707361713e-05,0
66,16,0,3.582819559338846e-05,0
66,17,0,3.741698768770413e-05,0
66,18,0,3.437227057828176e-05,0
66,19,0,3.173847752916639e-05,0
66,20,0,3.807629244328577e-05,0
66,21,0,3.242954361411493e-05,0
66,22,0,3.440747788172747e-05,0
66,23,0,3.5370616394118e-05,0
66,24,0,3.177098714045071e-05,0
66,25,0,3.872042978664128e-05,0
66,26,0,4.766734315973729e-05,0
66,27,0,3.5912021895556505e-05,0
66,28,0,3.695231319201017e-05,0
66,29,0,3.422259255162492e-05,0
66,30,0,3.528901616768163e-05,0
66,31,0,3.329362880916116e-05,0
66,32,0,3.348340518686517e-05,0
66,33,0,3.167584420396372e-05,0
66,34,0,3.21748105511987e-05,0
66,35,0,3.30286374744907e-05,0
66,36,0,2.9330696369349776e-05,0
66,37,0,2.9330696369349776e-05,0
66,38,0,3.1764687905256564e-05,0
66,39,0,3.0047669262302003e-05,0
66,40,0,2.901451905440003e-05,0
66,41,0,4.015497070158433e-05,0
66,42,0,3.4361265105857275e-05,0
66,43,0,3.173363947271147e-05,0
66,44,0,3.0383857147127798e-05,0
66,45,0,3.1690350774956746e-05,0
66,46,0,3.259744562936306e-05,0
66,47,0,3.691837633326043e-05,0
66,48,0,3.323702492434264e-05,0
66,49,0,3.0807616443930635e-05,0
66,50,0,3.444933844225131e-05,0
66,51,0,3.890542944158413e-05,0
66,52,0,3.3814520240639114e-05,0
66,53,0,3.2303632935575606e-05,0
66,54,0,3.721949747205909e-05,0
66,55,0,3.3628448584419296e-05,0
66,56,0,4.031715580600179e-05,0
66,57,0,3.959621104113901e-05,0
66,58,0,3.535854264069464e-05,0
66,59,0,4.2159390166757546e-05,0
66,60,0,5.006158601009761e-05,0
66,61,0,4.518891088747471e-05,0
66,62,0,4.227994238572093e-05,0
66,63,0,3.7194791050364945e-05,0
66,64,0,4.4762759646377306e-05,0
66,65,0,4.284007788864482e-05,0
66,66,0,4.780911325699821e-05,0
66,67,0,5.9000759781098893e-05,0
66,68,0,9.440649794205947e-05,0
66,69,0,6.959848477415462e-05,0
66,70,0,5.0020517633554014e-05,0
66,71,0,9.978192512104459e-05,0
66,72,0,8.666309754278522e-05,0
66,73,0,9.01890800800523e-05,0
66,74,0,0.0001460605037105279,0
66,75,0,0.0001577190512844216,0
66,76,0,0.0001108108424269888,0
66,77,0,0.00026810839590626716,0
66,78,0,9.693791687660954e-05,0
66,79,0,0.00016393009102463947,0
66,80,0,0.00026561705271479884,0
66,81,0,7.405193964550146e-05,0
66,82,0,5.5567514747184986e-05,0
66,83,0,4.396307978943877e-05,0
66,84,0,4.512835304077209e-05,0
66,85,0,4.4087238001478104e-05,0
66,86,0,3.5633524621324324e-05,0
66,87,0,4.4564941369121274e-05,0
66,88,0,3.905571361139763e-05,0
66,89,0,0.0002678022112541687,0
66,90,0,0.00010449651450270548,0
66,91,0,5.318457212223412e-05,0
66,92,0,8.13675735257898e-05,0
66,93,0,4.7547997791098284e-05,0
66,94,0,7.180207558185535e-05,0
66,95,0,0.00010773179891032554,0
66,96,0,7.340047084477892e-05,0
66,97,0,7.239234615812103e-05,0
66,98,0,6.559587185263558e-05,0
66,99,0,9.975213680786268e-05,0
66,100,0,0.0001287082446771321,0
66,101,0,0.0001060056317490276,0
66,102,0,0.00018896019452617732,0
66,103,0,0.0009325571401271625,0
66,104,0,0.00014106652985014493,0
66,105,0,0.0004138521759996882,0
66,106,0,0.00037146574553142183,0
66,107,0,0.00019523070909133352,0
66,108,0,0.0001977849439532743,0
66,109,0,0.00031655044945319436,0
66,110,0,0.0007231333223127425,0
66,111,0,0.00018017809071637354,0
66,112,0,0.00013522322894458078,0
66,113,0,0.00015331424926593807,0
66,114,0,0.0007838167984839235,0
66,115,0,0.001551364229044986,0
66,116,0,0.0005064837228326495,0
66,117,0,0.0020712432489320516,0
66,118,0,0.019510543472775158,0
66,119,0,0.01041711836548475,0
66,120,0,0.018881840152860912,0
66,121,0,0.06584284840093031,0
66,122,0,0.4223464607351635,1
66,123,0,0.0071102071050419,0
66,124,0,0.005437364399069625,0
66,125,0,0.011330202300049297,0
66,126,0,0.021709182227861945,0
66,127,0,0.03325239566475877,0
66,128,0,0.003105686371404656,0
66,129,0,0.751148146356009,1
66,130,0,0.15420139607402458,0
66,131,1,0.05214517649529218,0
66,132,1,0.042125517405985684,0
66,133,1,0.160597883654976,0
66,134,1,0.12828724193694374,0
66,135,1,0.10316398719228384,0
66,136,1,0.7267348653603026,1
66,137,1,0.9144269603835926,1
66,138,1,0.9784760954171526,1
66,139,1,0.9948718385331888,1
66,140,1,0.988902623738936,1
66,141,1,0.9740754294944849,1
66,142,1,0.9741354503712195,1
66,143,1,0.9946327994895455,1
66,144,1,0.99893632238073,1
66,145,1,0.9984397440994336,1
66,146,1,0.9989879962884605,1
66,147,1,0.9988482661261708,1
67,1,0,3.133300908010567e-05,0
67,2,0,3.72075037020913e-05,0
67,3,0,3.111271218452312e-05,0
67,4,0,3.149229214496558e-05,0
67,5,0,3.063722211578011e-05,0
67,6,0,3.0047669262302003e-05,0
67,7,0,3.5198728833665204e-05,0
67,8,0,3.147778947765216e-05,0
67,9,0,3.175412379977726e-05,0
67,10,0,3.0047669262302003e-05,0
67,11,0,3.173847752916639e-05,0
67,12,0,3.406182128538551e-05,0
67,13,0,3.4089950267608686e-05,0
67,14,0,3.147778947765216e-05,0
67,15,0,4.051995495241841e-05,0
67,16,0,3.147778947765216e-05,0
67,17,0,3.18611204187831e-05,0
67,18,0,2.8944409521362384e-05,0
67,19,0,2.9651940122769117e-05,0
67,20,0,3.38697784967393e-05,0
67,21,0,3.0047669262302003e-05,0
67,22,0,3.468876855854423e-05,0
67,23,0,3.899930445684646e-05,0
67,24,0,2.983039525244099e-05,0
67,25,0,3.513398979310362e-05,0
67,26,0,3.4379086903770425e-05,0
67,27,0,3.4379086903770425e-05,0
67,28,0,3.43394623605939e-05,0
67,29,0,3.2547609670222807e-05,0
67,30,0,3.215788847592916e-05,0
67,31,0,3.177098714045071e-05,0
67,32,0,3.592973262620109e-05,0
67,33,0,3.2547609670222807e-05,0
67,34,0,3.177098714045071e-05,0
67,35,0,3.2547609670222807e-05,0
67,36,0,3.215788847592916e-05,0
67,37,0,3.552658369384065e-05,0
67,38,0,3.738071720923469e-05,0
67,39,0,3.4096710608389914e-05,0
67,40,0,3.17343685375505e-05,0
67,41,0,3.397089951259316e-05,0
67,42,0,3.177098714045071e-05,0
67,43,0,3.1352562539481205e-05,0
67,44,0,3.3705948908680374e-05,0
67,45,0,3.579705990089079e-05,0
67,46,0,2.9330696369349776e-05,0
67,47,0,2.9330696369349776e-05,0
67,48,0,3.314734709560275e-05,0
67,49,0,3.25411564590521e-05,0
67,50,0,3.132048106708375e-05,0
67,51,0,2.9651940122769117e-05,0
67,52,0,3.25411564590521e-05,0
67,53,0,3.0047669262302003e-05,0
67,54,0,3.253517269956098e-05,0
67,55,0,3.238101339984864e-05,0
67,56,0,3.278380646709196e-05,0
67,57,0,3.240705952254588e-05,0
67,58,0,3.133300908010567e-05,0
67,59,0,2.9330696369349776e-05,0
67,60,0,3.134634626275282e-05,0
67,61,0,3.134634626275282e-05,0
67,62,0,3.3919588179182515e-05,0
67,63,0,3.804954608369522e-05,0
67,64,0,3.2147504543025193e-05,0
67,65,0,2.910538924697355e-05,0
67,66,0,3.3659032142354375e-05,0
67,67,0,3.562716323495169e-05,0
67,68,0,6.479680174644233e-05,0
67,69,0,4.169900628605139e-05,0
67,70,0,4.178227180220938e-05,0
67,71,0,5.137464906833327e-05,0
68,1,0,3.861663570522815e-05,0
68,2,0,4.092672517934461e-05,0
68,3,0,3.104610023269171e-05,0
68,4,0,3.393315578488253e-05,0
68,5,0,3.362243881840247e-05,0
68,6,0,3.0305304319046496e-05,0
68,7,0,2.981685479429138e-05,0
68,8,0,2.8722069620670554e-05,0
68,9,0,3.152068438591707e-05,0
68,10,0,2.9651940122769117e-05,0
68,11,0,3.091411104623319e-05,0
68,12,0,3.22911886140995e-05,0
68,13,0,3.367249553091262e-05,0
68,14,0,2.9782488418079974e-05,0
68,15,0,3.4495597677667226e-05,0
68,16,0,3.146972241459448e-05,0
68,17,0,2.910538924697355e-05,0
68,18,0,2.910538924697355e-05,0
68,19,0,2.910538924697355e-05,0
68,20,0,2.981685479429138e-05,0
68,21,0,3.46555583447689e-05,0
68,22,0,3.283955675278253e-05,0
68,23,0,3.390515617567515e-05,0
68,24,0,2.910538924697355e-05,0
68,25,0,3.132048106708375e-05,0
68,26,0,3.173847752916639e-05,0
68,27,0,2.907184286945038e-05,0
68,28,0,4.17131449563169e-05,0
68,29,0,3.1105556175199714e-05,0
68,30,0,5.488086120856421e-05,0
68,31,0,4.645403880764264e-05,0
68,32,0,4.0957372922218145e-05,0
68,33,0,3.310890132766275e-05,0
68,34,0,3.0153838286476436e-05,0
68,35,0,3.231281716330194e-05,0
68,36,0,3.0235022608774913e-05,0
68,37,0,2.9836826090965955e-05,0
68,38,0,3.450519858450198e-05,0
68,39,0,3.796933339639254e-05,0
68,40,0,3.27440566976764e-05,0
68,41,0,3.3659032142354375e-05,0
68,42,0,2.9782488418079974e-05,0
68,43,0,3.22911886140995e-05,0
68,44,0,2.8722069620670554e-05,0
68,45,0,3.002247921198721e-05,0
68,46,0,3.333664424994868e-05,0
68,47,0,3.0685264439154786e-05,0
68,48,0,3.489289706078499e-05,0
68,49,0,2.9027238024996667e-05,0
68,50,0,3.541852688723639e-05,0
68,51,0,3.209892584524056e-05,0
68,52,0,2.9651940122769117e-05,0
68,53,0,3.2954118626110654e-05,0
68,54,0,3.480602093341855e-05,0
68,55,0,3.565683037980432e-05,0
68,56,0,4.0752905602369975e-05,0
68,57,0,2.9715560878743744e-05,0
68,58,0,4.504663460231244e-05,0
68,59,0,3.203625993605548e-05,0
68,60,0,3.382007646660883e-05,0
68,61,0,3.619005705993979e-05,0
68,62,0,3.080873882867647e-05,0
68,63,0,3.6538130210591626e-05,0
68,64,0,3.4990217638828396e-05,0
68,65,0,3.3479218505366737e-05,0
68,66,0,3.004241806362371e-05,0
68,67,0,4.14866800265382e-05,0
68,68,0,3.4495597677667226e-05,0
68,69,0,3.133300908010567e-05,0
68,70,0,3.147095836769322e-05,0
68,71,0,4.022975254756653e-05,0
68,72,0,3.147095836769322e-05,0
68,73,0,3.185235492665295e-05,0
68,74,0,2.910538924697355e-05,0
68,75,0,2.9523690249498077e-05,0
68,76,0,3.6003590847880476e-05,0
68,77,0,2.9330696369349776e-05,0
68,78,0,3.5938940372469916e-05,0
68,79,0,3.258966641900276e-05,0
68,80,0,3.011455345866628e-05,0
68,81,0,3.226059842192273e-05,0
68,82,0,3.8109347983363496e-05,0
68,83,0,2.9330696369349776e-05,0
68,84,0,2.9154583607101856e-05,0
68,85,0,2.968788116742997e-05,0
68,86,0,3.471005208920419e-05,0
68,87,0,3.219757039905436e-05,0
68,88,0,3.0047669262302003e-05,0
68,89,0,2.9330696369349776e-05,0
68,90,0,3.77736610058052e-05,0
68,91,0,5.758919370476617e-05,0
68,92,0,2.992159496904315e-05,0
68,93,0,3.214435825657726e-05,0
68,94,0,3.29445154546158e-05,0
68,95,0,4.4924163937013486e-05,0
68,96,0,3.482056765055406e-05,0
68,97,0,2.992159496904315e-05,0
68,98,0,4.1561663655222015e-05,0
68,99,0,4.4685789173868015e-05,0
68,100,0,4.2590796733520654e-05,0
68,101,0,5.292430310979167e-05,0
68,102,0,4.166728052660359e-05,0
68,103,0,3.993142111918338e-05,0
68,104,0,3.2297592255944346e-05,0
68,105,0,3.729025905161866e-05,0
68,106,0,3.517103710502208e-05,0
68,107,0,2.8722069620670554e-05,0
68,108,0,3.492484841864891e-05,0
68,109,0,4.5891324550825476e-05,0
68,110,0,3.3857230560264265e-05,0
68,111,0,2.981685479429138e-05,0
68,112,0,3.595065007542001e-05,0
68,113,0,3.623820092419036e-05,0
68,114,0,3.6354959537559344e-05,0
68,115,0,3.644967200689651e-05,0
68,116,0,3.3990665368539736e-05,0
68,117,0,3.155188373777071e-05,0
68,118,0,4.591637629816148e-05,0
68,119,0,9.531083613430228e-05,0
68,120,0,9.512054475053815e-05,0
68,121,0,8.561980885044056e-05,0
68,122,0,0.00017107063482390528,0
68,123,0,8.922518046923348e-05,0
68,124,0,0.0002309552241268189,0
68,125,0,0.0005128009853044175,0
68,126,0,0.000644183747794721,0
68,127,0,0.0009479779461435518,0
68,128,0,0.0002397702058571128,0
68,129,0,9.645220119156997e-05,0
68,130,0,9.592981734828981e-05,0
68,131,0,9.637446502049318e-05,0
68,132,0,8.161510619810681e-05,0
68,133,0,0.00011716030562932477,0
68,134,0,0.00011184312969853894,0
68,135,0,0.00011552442256105407,0
68,136,0,0.00014523035415677855,0
68,137,0,0.0002374586441080235,0
68,138,0,0.0005865917568698704,0
68,139,0,0.0005778619045261452,0
68,140,0,0.0002334348820271985,0
68,141,0,0.00020153396534892522,0
68,142,0,8.043065255396624e-05,0
68,143,0,0.00020353198322932745,0
68,144,0,0.00016959426873833257,0
68,145,0,0.00024768766742856995,0
68,146,0,0.00019782593274320182,0
68,147,0,0.0007120408305522955,0
68,148,0,0.000819425488930733,0
68,149,0,0.00043441605113904837,0
68,150,0,0.001554132000833001,0
68,151,0,0.0005613362333757964,0
68,152,0,0.0009832308264665676,0
68,153,0,0.01560747788473796,0
68,154,0,0.0025528340237599817,0
68,155,0,0.001467280458394118,0
68,156,0,0.036381313972950184,0
68,157,0,0.030164157182727608,0
68,158,0,0.006291097223583496,0
68,159,0,0.020904547847232786,0
68,160,0,0.015341273301830992,0
68,161,0,0.12844309445390314,0
68,162,0,0.11366254980621861,0
68,163,0,0.3155498710633883,0
68,164,0,0.23253662878976228,0
68,165,1,0.07309257767065858,0
68,166,1,0.4208234431651917,1
68,167,1,0.37596193780788933,1
68,168,1,0.7996524357028705,1
68,169,1,0.9485777359650889,1
68,170,1,0.9564039950342845,1
68,171,1,0.9639265911818587,1
68,172,1,0.9482506706124199,1
68,173,1,0.9726929663868139,1
68,174,1,0.9829131886869552,1
68,175,1,0.9906139309661061,1
68,176,1,0.9457233273401604,1
68,177,1,0.9941423769129523,1
68,178,1,0.9906070575286664,1
68,179,1,0.9922858870758599,1
68,180,1,0.9946028738405167,1
68,181,1,0.9977162182592437,1
68,182,1,0.9980347040095736,1
68,183,1,0.9985528221523339,1
68,184,1,0.9985866908370408,1
68,185,1,0.9951231050007437,1
68,186,1,0.9983558363281487,1
68,187,1,0.9986581413360129,1
69,1,0,5.877978669831642e-05,0
69,2,0,7.76087701717058e-05,0
69,3,0,3.824021463202079e-05,0
69,4,0,3.617317844952405e-05,0
69,5,0,3.245942913883845e-05,0
69,6,0,3.603172945013108e-05,0
69,7,0,3.7769149053847834e-05,0
69,8,0,3.4975317361230106e-05,0
69,9,0,3.2547609670222807e-05,0
69,10,0,3.085068671996384e-05,0
69,11,0,3.0047669262302003e-05,0
69,12,0,2.968788116742997e-05,0
69,13,0,2.9330696369349776e-05,0
69,14,0,3.6002169555747486e-05,0
69,15,0,3.750387391822989e-05,0
69,16,0,2.9883225227717138e-05,0
69,17,0,3.422232834253458e-05,0
69,18,0,2.910538924697355e-05,0
69,19,0,3.22911886140995e-05,0
69,20,0,4.783553629397483e-05,0
69,21,0,3.6947679397130755e-05,0
69,22,0,4.082292059313398e-05,0
69,23,0,4.0542014362357745e-05,0
69,24,0,4.096707127091997e-05,0
69,25,0,4.280979069086947e-05,0
69,26,0,4.001373674293132e-05,0
69,27,0,4.1060697886571446e-05,0
69,28,0,7.350496578512914e-05,0
69,29,0,4.5042848695398254e-05,0
69,30,0,4.226532052004426e-05,0
69,31,0,4.006971365099253e-05,0
69,32,0,3.6066070047485746e-05,0
69,33,0,3.7478685124336634e-05,0
69,34,0,3.702992200744926e-05,0
69,35,0,4.172332122421544e-05,0
69,36,0,3.6947679397130755e-05,0
69,37,0,3.7397619197032706e-05,0
69,38,0,3.776880814481366e-05,0
69,39,0,4.118422769167142e-05,0
69,40,0,2.998306081433645e-05,0
69,41,0,3.0179959777688874e-05,0
69,42,0,3.641260223136478e-05,0
69,43,0,3.244387686299201e-05,0
69,44,0,2.9651940122769117e-05,0
69,45,0,3.146232991050591e-05,0
69,46,0,3.2876932664299634e-05,0
69,47,0,3.173604924068264e-05,0
69,48,0,3.624708659985159e-05,0
69,49,0,3.3165514187720124e-05,0
69,50,0,3.0305304319046496e-05,0
69,51,0,3.24374517868771e-05,0
69,52,0,3.166972943613998e-05,0
69,53,0,3.530806232241736e-05,0
69,54,0,3.628807737370053e-05,0
70,1,0,4.998938420558729e-05,0
70,2,0,5.222049259260637e-05,0
70,3,0,3.995750257844967e-05,0
70,4,0,3.5622991370934955e-05,0
70,5,0,3.0655531260084336e-05,0
70,6,0,3.2892720933611484e-05,0
70,7,0,3.553537293179721e-05,0
70,8,0,2.9752235376707344e-05,0
70,9,0,3.2124982981196683e-05,0
70,10,0,3.1764687905256564e-05,0
70,11,0,2.9330696369349776e-05,0
70,12,0,3.323831159912391e-05,0
70,13,0,3.1764687905256564e-05,0
70,14,0,3.0528242616612317e-05,0
70,15,0,3.173847752916639e-05,0
70,16,0,2.8944409521362384e-05,0
70,17,0,3.4935565326112525e-05,0
70,18,0,3.152068438591707e-05,0
70,19,0,3.1494675341022085e-05,0
70,20,0,3.5358095604446156e-05,0
70,21,0,3.2932699335519015e-05,0
70,22,0,4.5570874111358795e-05,0
70,23,0,3.5609325768551265e-05,0
70,24,0,3.2932699335519015e-05,0
70,25,0,3.279483316462166e-05,0
70,26,0,4.2769018439205915e-05,0
70,27,0,3.502840119993506e-05,0
70,28,0,3.319420229793007e-05,0
70,29,0,3.524346320572111e-05,0
70,30,0,3.994759922985074e-05,0
70,31,0,4.222046165078772e-05,0
70,32,0,3.1494675341022085e-05,0
70,33,0,3.296807403064109e-05,0
70,34,0,3.332733262959774e-05,0
70,35,0,3.78190870808756e-05,0
70,36,0,3.419656082658782e-05,0
70,37,0,3.6738526203050045e-05,0
70,38,0,3.574314455559679e-05,0
70,39,0,3.3846115785110504e-05,0
70,40,0,3.892919345766862e-05,0
70,41,0,3.601983321643988e-05,0
70,42,0,3.201659057328324e-05,0
70,43,0,2.981685479429138e-05,0
70,44,0,2.9330696369349776e-05,0
70,45,0,2.8722069620670554e-05,0
70,46,0,3.0112139063188054e-05,0
70,47,0,2.9330696369349776e-05,0
70,48,0,3.308453293846028e-05,0
70,49,0,3.079901961553453e-05,0
70,50,0,3.291557158561382e-05,0
70,51,0,3.039339545922015e-05,0
70,52,0,2.9330696369349776e-05,0
70,53,0,3.0848213307771606e-05,0
70,54,0,3.52880286069158e-05,0
70,55,0,3.374903125834418e-05,0
70,56,0,3.2154934868995074e-05,0
70,57,0,3.671730073611068e-05,0
70,58,0,3.1714576967134234e-05,0
70,59,0,2.8944409521362384e-05,0
70,60,0,3.133300908010567e-05,0
70,61,0,3.0047669262302003e-05,0
70,62,0,3.659412609057762e-05,0
70,63,0,2.863239615941719e-05,0
70,64,0,2.910538924697355e-05,0
70,65,0,3.0451010916059073e-05,0
70,66,0,3.316863366624714e-05,0
70,67,0,3.22911886140995e-05,0
70,68,0,2.9523690249498077e-05,0
70,69,0,2.981685479429138e-05,0
70,70,0,2.942416540211247e-05,0
70,71,0,3.1105556175199714e-05,0
70,72,0,4.1611934443616024e-05,0
70,73,0,3.22911886140995e-05,0
70,74,0,3.546493543398745e-05,0
70,75,0,3.8660055629677215e-05,0
70,76,0,3.2124982981196683e-05,0
70,77,0,3.508170554595628e-05,0
70,78,0,3.475623714369897e-05,0
70,79,0,3.1429299936999865e-05,0
70,80,0,3.173847752916639e-05,0
70,81,0,3.093566636035267e-05,0
70,82,0,3.611850015381183e-05,0
70,83,0,3.173847752916639e-05,0
70,84,0,3.093327972173529e-05,0
70,85,0,3.353871197706165e-05,0
70,86,0,3.134634626275282e-05,0
70,87,0,3.2361203956621934e-05,0
70,88,0,3.485611024845674e-05,0
70,89,0,3.2112618388747754e-05,0
70,90,0,4.164806129382611e-05,0
70,91,0,3.214551121888356e-05,0
70,92,0,3.0475518798069966e-05,0
70,93,0,3.0401879070530398e-05,0
70,94,0,3.4350171235637027e-05,0
70,95,0,3.266419562853585e-05,0
70,96,0,3.213913772916846e-05,0
70,97,0,3.0401879070530398e-05,0
70,98,0,3.0807616443930635e-05,0
70,99,0,3.4522094975609136e-05,0
70,100,0,3.529085118687898e-05,0
70,101,0,3.31808123860863e-05,0
70,102,0,3.301188976371568e-05,0
70,103,0,3.104610023269171e-05,0
70,104,0,3.4099295193424846e-05,0
70,105,0,3.65559063590276e-05,0
70,106,0,3.359353216445616e-05,0
70,107,0,3.4319371299597115e-05,0
70,108,0,3.0305304319046496e-05,0
70,109,0,3.516305313776018e-05,0
70,110,0,4.182491302645381e-05,0
70,111,0,3.5864509911221206e-05,0
70,112,0,3.5219696242172344e-05,0
70,113,0,3.694807305780118e-05,0
70,114,0,4.683034578803113e-05,0
70,115,0,3.099970806918812e-05,0
70,116,0,3.473464355513961e-05,0
70,117,0,3.371059305389134e-05,0
70,118,0,3.838750102701148e-05,0
70,119,0,4.0574994532689514e-05,0
70,120,0,3.579954039681174e-05,0
70,121,0,3.243999712664138e-05,0
70,122,0,3.3111903508125624e-05,0
70,123,0,3.427584919719348e-05,0
70,124,0,3.502075560267008e-05,0
70,125,0,4.009044518658978e-05,0
70,126,0,3.278858770805177e-05,0
70,127,0,3.487741445513915e-05,0
70,128,0,3.282466125240737e-05,0
70,129,0,3.1764687905256564e-05,0
70,130,0,3.300267785579563e-05,0
70,131,0,5.28847363481969e-05,0
70,132,0,4.684039320046855e-05,0
70,133,0,3.637882634516617e-05,0
70,134,0,4.3676187601929434e-05,0
70,135,0,3.508126982116232e-05,0
70,136,0,4.660841637038068e-05,0
70,137,0,3.5631357934844055e-05,0
70,138,0,3.4504238782219976e-05,0
70,139,0,3.8098924384220556e-05,0
70,140,0,5.080141111724611e-05,0
70,141,0,4.459063327003287e-05,0
70,142,0,6.645517567504583e-05,0
70,143,0,0.00016646799514258287,0
70,144,0,7.096105251953325e-05,0
70,145,0,4.322899669563898e-05,0
70,146,0,4.9402254465693965e-05,0
70,147,0,4.736507907340539e-05,0
70,148,0,4.911566939009024e-05,0
70,149,0,4.2625829876503216e-05,0
70,150,0,5.629097448591645e-05,0
70,151,0,9.229905890323608e-05,0
70,152,0,5.814940318240228e-05,0
71,1,0,4.638563284898872e-05,0
71,2,0,6.157443487562583e-05,0
71,3,0,4.715406726020853e-05,0
71,4,0,5.204854292274737e-05,0
71,5,0,4.5650913409824636e-05,0
71,6,0,4.325014637432439e-05,0
71,7,0,4.390333840605298e-05,0
71,8,0,4.179777326894058e-05,0
71,9,0,4.331705311276811e-05,0
71,10,0,4.331705311276811e-05,0
71,11,0,3.303156674087477e-05,0
71,12,0,3.377597572431366e-05,0
71,13,0,2.9523690249498077e-05,0
71,14,0,3.22911886140995e-05,0
71,15,0,3.1187872652392335e-05,0
71,16,0,3.152068438591707e-05,0
71,17,0,2.9330696369349776e-05,0
71,18,0,3.2147343198026024e-05,0
71,19,0,2.9330696369349776e-05,0
71,20,0,2.9092553878806208e-05,0
71,21,0,3.0047669262302003e-05,0
71,22,0,2.968788116742997e-05,0
71,23,0,3.681127006590023e-05,0
71,24,0,3.0047669262302003e-05,0
71,25,0,3.0047669262302003e-05,0
71,26,0,2.9330696369349776e-05,0
71,27,0,3.0848213307771606e-05,0
71,28,0,3.2968145826152017e-05,0
71,29,0,3.000079248809787e-05,0
71,30,0,3.927611683480983e-05,0
71,31,0,2.8722069620670554e-05,0
71,32,0,3.269427814807856e-05,0
71,33,0,3.152068438591707e-05,0
71,34,0,3.4856634258675453e-05,0
71,35,0,2.8722069620670554e-05,0
71,36,0,3.2547609670222807e-05,0
71,37,0,3.1872232475049535e-05,0
71,38,0,3.1526935234452994e-05,0
71,39,0,2.942416540211247e-05,0
71,40,0,2.942416540211247e-05,0
71,41,0,3.0047669262302003e-05,0
71,42,0,3.177098714045071e-05,0
71,43,0,3.7570904035456854e-05,0
71,44,0,3.369350890471255e-05,0
71,45,0,3.2556674626431404e-05,0
71,46,0,3.4977781385969384e-05,0
71,47,0,3.612022896969475e-05,0
71,48,0,2.981685479429138e-05,0
71,49,0,3.5416204178517167e-05,0
71,50,0,2.9459830369720856e-05,0
71,51,0,2.981685479429138e-05,0
71,52,0,3.327072303066377e-05,0
71,53,0,3.743063043279944e-05,0
71,54,0,3.147778947765216e-05,0
71,55,0,3.18611204187831e-05,0
71,56,0,3.263994613001356e-05,0
71,57,0,3.271069930022856e-05,0
71,58,0,3.455451985339565e-05,0
71,59,0,3.224724519933794e-05,0
71,60,0,5.910532952414626e-05,0
71,61,0,3.514317268937436e-05,0
71,62,0,3.3640985898592586e-05,0
71,63,0,3.321944071707831e-05,0
71,64,0,4.404040795087823e-05,0
71,65,0,4.096678068998828e-05,0
71,66,0,3.3831715041356896e-05,0
71,67,0,4.09842184077961e-05,0
71,68,0,4.9417294381539204e-05,0
72,1,0,4.242894739897146e-05,0
72,2,0,3.001303686142706e-05,0
72,3,0,3.2547609670222807e-05,0
72,4,0,3.641978616665571e-05,0
72,5,0,3.104610023269171e-05,0
72,6,0,3.213913772916846e-05,0
72,7,0,3.0072510858598834e-05,0
72,8,0,3.19625546894335e-05,0
72,9,0,3.0072510858598834e-05,0
72,10,0,3.0072510858598834e-05,0
72,11,0,3.147753162992097e-05,0
72,12,0,3.479000253389991e-05,0
72,13,0,3.292475918070315e-05,0
72,14,0,3.0807616443930635e-05,0
72,15,0,3.852514212160528e-05,0
72,16,0,3.0072510858598834e-05,0
72,17,0,3.0807616443930635e-05,0
72,18,0,3.0807616443930635e-05,0
72,19,0,3.2361203956621934e-05,0
72,20,0,2.968788116742997e-05,0
72,21,0,3.172155615364514e-05,0
72,22,0,2.8944409521362384e-05,0
72,23,0,3.4465464301411374e-05,0
72,24,0,3.3556197183682334e-05,0
72,25,0,3.177098714045071e-05,0
72,26,0,3.2547609670222807e-05,0
72,27,0,4.694989348232266e-05,0
72,28,0,3.6132457022282614e-05,0
72,29,0,3.701568909408973e-05,0
72,30,0,4.446644608863484e-05,0
72,31,0,3.9213367589888384e-05,0
72,32,0,4.103960099397255e-05,0
72,33,0,4.057010372620665e-05,0
72,34,0,3.830258562754579e-05,0
72,35,0,3.5854903265466166e-05,0
72,36,0,3.538269530223632e-05,0
72,37,0,5.1278726499774374e-05,0
72,38,0,4.4128589425213175e-05,0
72,39,0,3.394719562286115e-05,0
72,40,0,3.394719562286115e-05,0
72,41,0,3.394719562286115e-05,0
72,42,0,3.497247404684273e-05,0
72,43,0,3.2366889299539866e-05,0
72,44,0,3.807826056125236e-05,0
72,45,0,3.0611249561095404e-05,0
72,46,0,3.974804425486992e-05,0
72,47,0,3.22911886140995e-05,0
72,48,0,2.981685479429138e-05,0
72,49,0,3.219757039905436e-05,0
72,50,0,3.222120696567507e-05,0
72,51,0,3.293316165187366e-05,0
72,52,0,3.083987636248646e-05,0
72,53,0,3.403743699569968e-05,0
72,54,0,3.7309312908607945e-05,0
72,55,0,3.393182313764348e-05,0
72,56,0,3.1506783915156475e-05,0
72,57,0,5.156348367114112e-05,0
72,58,0,3.5351755900664715e-05,0
72,59,0,3.5798463424492295e-05,0
72,60,0,3.2581775206968745e-05,0
72,61,0,3.642793331883693e-05,0
72,62,0,3.960054393576496e-05,0
72,63,0,3.9236273701640164e-05,0
72,64,0,3.2685604214071127e-05,0
72,65,0,3.6741813191411316e-05,0
72,66,0,4.1973488420351255e-05,0
72,67,0,3.286465937957128e-05,0
72,68,0,3.2568059452669774e-05,0
72,69,0,3.0848213307771606e-05,0
72,70,0,2.988082937812723e-05,0
72,71,0,3.3210164188120614e-05,0
72,72,0,3.262233711927437e-05,0
72,73,0,3.870119635960499e-05,0
72,74,0,3.0422753891679387e-05,0
72,75,0,3.293334786911338e-05,0
72,76,0,3.8038160139254346e-05,0
72,77,0,2.9437527537035583e-05,0
72,78,0,3.3569397251270456e-05,0
72,79,0,4.5955959414402704e-05,0
72,80,0,3.318621118951529e-05,0
72,81,0,2.9296890314270586e-05,0
72,82,0,3.62478687492524e-05,0
72,83,0,3.025379371355994e-05,0
72,84,0,3.3619911343503935e-05,0
72,85,0,3.307658678697681e-05,0
72,86,0,3.675454501789652e-05,0
72,87,0,3.440747788172747e-05,0
72,88,0,3.244670313795467e-05,0
72,89,0,3.237660671821149e-05,0
72,90,0,3.592045208524996e-05,0
72,91,0,3.809894032240398e-05,0
72,92,0,3.6925824726222803e-05,0
72,93,0,3.472082895799006e-05,0
72,94,0,3.941520241533013e-05,0
72,95,0,3.393988503297661e-05,0
72,96,0,3.4353197907355015e-05,0
72,97,0,3.1352562539481205e-05,0
72,98,0,3.177098714045071e-05,0
72,99,0,3.219757039905436e-05,0
72,100,0,3.2734722701429654e-05,0
72,101,0,3.944311274464183e-05,0
72,102,0,3.102909405710851e-05,0
72,103,0,2.9092553878806208e-05,0
72,104,0,4.517482844862007e-05,0
72,105,0,3.272473989106643e-05,0
72,106,0,2.8944409521362384e-05,0
72,107,0,3.094798865310667e-05,0
72,108,0,2.8577147169023964e-05,0
72,109,0,3.476126415789997e-05,0
72,110,0,3.959537229820564e-05,0
72,111,0,3.900718196166971e-05,0
72,112,0,3.449587296527241e-05,0
72,113,0,3.454017448601608e-05,0
72,114,0,4.0880329600963515e-05,0
72,115,0,4.7086716499655264e-05,0
72,116,0,3.0935439819850646e-05,0
72,117,0,3.0042783383591593e-05,0
72,118,0,3.969434704566602e-05,0
72,119,0,5.1144770369323024e-05,0
72,120,0,4.476614729036255e-05,0
72,121,0,4.9997276430592855e-05,0
72,122,0,3.522040386798138e-05,0
72,123,0,3.42653654216181e-05,0
72,124,0,4.512491946253192e-05,0
72,125,0,7.01274658263274e-05,0
72,126,0,5.477211243260528e-05,0
72,127,0,0.00012984602026857542,0
72,128,0,5.630066222969424e-05,0
72,129,0,6.756266048732793e-05,0
72,130,0,6.743672353052974e-05,0
72,131,0,5.619011145147803e-05,0
73,1,0,3.133300908010567e-05,0
73,2,0,5.886992558855304e-05,0
73,3,0,3.622499444231635e-05,0
73,4,0,3.133975817122068e-05,0
73,5,0,3.5501085022036494e-05,0
73,6,0,3.4172572929394584e-05,0
73,7,0,3.5608628510072026e-05,0
73,8,0,3.6909817003528065e-05,0
73,9,0,4.154583542836175e-05,0
73,10,0,4.154583542836175e-05,0
73,11,0,3.2568059452669774e-05,0
73,12,0,3.0807616443930635e-05,0
73,13,0,3.2568059452669774e-05,0
73,14,0,3.199339383370287e-05,0
73,15,0,3.123598972746401e-05,0
73,16,0,3.123598972746401e-05,0
73,17,0,3.7028368217076186e-05,0
73,18,0,3.199953498813786e-05,0
73,19,0,3.307444379588993e-05,0
73,20,0,3.183139981764188e-05,0
73,21,0,3.185235492665295e-05,0
73,22,0,4.4331086442191146e-05,0
73,23,0,3.298298867036634e-05,0
73,24,0,2.910538924697355e-05,0
73,25,0,2.9708694223808693e-05,0
73,26,0,3.22911886140995e-05,0
73,27,0,3.405719319973438e-05,0
73,28,0,3.333242217906241e-05,0
73,29,0,3.3671173120165376e-05,0
73,30,0,3.219465625602156e-05,0
73,31,0,3.4034356335384004e-05,0
73,32,0,3.429781767351876e-05,0
73,33,0,3.510266750944728e-05,0
73,34,0,3.476262937968872e-05,0
73,35,0,2.8944409521362384e-05,0
73,36,0,3.5532392887436314e-05,0
73,37,0,3.104610023269171e-05,0
73,38,0,3.104610023269171e-05,0
73,39,0,3.4319371299597115e-05,0
73,40,0,3.318935873646845e-05,0
73,41,0,3.0305304319046496e-05,0
73,42,0,3.142417430391337e-05,0
73,43,0,3.1721201111769826e-05,0
73,44,0,3.104610023269171e-05,0
73,45,0,3.187579969137881e-05,0
73,46,0,2.9330696369349776e-05,0
73,47,0,3.1426455326531945e-05,0
73,48,0,3.311638069074252e-05,0
73,49,0,3.0047669262302003e-05,0
73,50,0,3.283955675278253e-05,0
73,51,0,3.268226324708995e-05,0
73,52,0,3.654866021083429e-05,0
73,53,0,3.364471099570935e-05,0
73,54,0,3.1878113495602824e-05,0
73,55,0,3.400627322437912e-05,0
73,56,0,4.0788834073388233e-05,0
73,57,0,4.417817664567377e-05,0
73,58,0,4.16184022485254e-05,0
73,59,0,3.805427406649466e-05,0
73,60,0,3.7553101545862754e-05,0
73,61,0,3.805427406649466e-05,0
73,62,0,6.0390538863612494e-05,0
73,63,0,3.6947679397130755e-05,0
73,64,0,3.6066070047485746e-05,0
73,65,0,3.94867592347097e-05,0
73,66,0,4.001373674293132e-05,0
73,67,0,3.0047669262302003e-05,0
73,68,0,3.0047669262302003e-05,0
73,69,0,3.99810986157708e-05,0
73,70,0,3.134634626275282e-05,0
73,71,0,3.0047669262302003e-05,0
73,72,0,3.0047669262302003e-05,0
73,73,0,2.9330696369349776e-05,0
73,74,0,3.065755483011238e-05,0
73,75,0,3.133300908010567e-05,0
73,76,0,3.2802192570258244e-05,0
73,77,0,3.5205087916486055e-05,0
73,78,0,2.9330696369349776e-05,0
73,79,0,3.134634626275282e-05,0
73,80,0,3.2029632522923125e-05,0
73,81,0,3.1429299936999865e-05,0
73,82,0,3.204718704798388e-05,0
73,83,0,2.9330696369349776e-05,0
73,84,0,3.0047669262302003e-05,0
73,85,0,3.04135849826172e-05,0
73,86,0,2.968788116742997e-05,0
73,87,0,3.0047669262302003e-05,0
73,88,0,3.0047669262302003e-05,0
73,89,0,3.219757039905436e-05,0
73,90,0,3.0479512246954768e-05,0
73,91,0,3.0047669262302003e-05,0
73,92,0,3.0047669262302003e-05,0
73,93,0,2.9330696369349776e-05,0
73,94,0,2.9330696369349776e-05,0
73,95,0,3.011455345866628e-05,0
73,96,0,3.271377973788552e-05,0
73,97,0,3.644203418740004e-05,0
73,98,0,3.844625820052098e-05,0
73,99,0,3.403961624575327e-05,0
73,100,0,3.901033392102441e-05,0
73,101,0,2.9715560878743744e-05,0
73,102,0,3.4837215171516535e-05,0
73,103,0,3.218148915421587e-05,0
73,104,0,3.209892584524056e-05,0
73,105,0,3.133300908010567e-05,0
73,106,0,3.5166993294118345e-05,0
73,107,0,3.15190112494405e-05,0
73,108,0,3.965616809755528e-05,0
73,109,0,3.1592336625019246e-05,0
73,110,0,3.8332625605651943e-05,0
73,111,0,3.678813949944443e-05,0
73,112,0,3.3919588179182515e-05,0
74,1,0,3.9701652660494305e-05,0
74,2,0,3.878617387483003e-05,0
74,3,0,3.6717583559748004e-05,0
74,4,0,3.6277933407147146e-05,0
74,5,0,3.341561209116964e-05,0
74,6,0,3.5740046678907186e-05,0
74,7,0,3.224724519933794e-05,0
74,8,0,3.1063226176412726e-05,0
74,9,0,3.224724519933794e-05,0
74,10,0,2.9651940122769117e-05,0
74,11,0,2.9330696369349776e-05,0
74,12,0,3.169187062693211e-05,0
74,13,0,3.225930058891208e-05,0
74,14,0,3.001303686142706e-05,0
74,15,0,3.1714576967134234e-05,0
74,16,0,3.476262937968872e-05,0
74,17,0,3.1136344643594426e-05,0
74,18,0,2.9330696369349776e-05,0
74,19,0,2.901451905440003e-05,0
74,20,0,3.0047669262302003e-05,0
74,21,0,2.8944409521362384e-05,0
74,22,0,2.9092553878806208e-05,0
74,23,0,2.8944409521362384e-05,0
74,24,0,3.532162732407677e-05,0
74,25,0,3.335504261461123e-05,0
74,26,0,3.160176512420562e-05,0
74,27,0,4.0614503693867744e-05,0
74,28,0,3.7348656187302976e-05,0
74,29,0,3.3121818715144694e-05,0
74,30,0,3.315150356889369e-05,0
74,31,0,3.1360634537741454e-05,0
74,32,0,3.0441941288548044e-05,0
74,33,0,3.340813093614242e-05,0
74,34,0,3.0112139063188054e-05,0
74,35,0,3.469559861760863e-05,0
74,36,0,3.0305304319046496e-05,0
74,37,0,3.44964636915874e-05,0
74,38,0,3.7439251360414334e-05,0
74,39,0,3.882435991956312e-05,0
74,40,0,3.0305304319046496e-05,0
74,41,0,3.1963602962499265e-05,0
74,42,0,3.0305304319046496e-05,0
74,43,0,3.104610023269171e-05,0
74,44,0,3.603524903974018e-05,0
74,45,0,3.715135366020954e-05,0
74,46,0,3.2547609670222807e-05,0
74,47,0,3.393315578488253e-05,0
74,48,0,3.476521992748363e-05,0
74,49,0,3.133300908010567e-05,0
74,50,0,4.009561138845239e-05,0
74,51,0,4.581963189596596e-05,0
74,52,0,4.730306710917382e-05,0
74,53,0,4.462741503064291e-05,0
74,54,0,3.5925320868408706e-05,0
74,55,0,3.726015843482766e-05,0
74,56,0,3.319368616375729e-05,0
74,57,0,3.6547621339686646e-05,0
74,58,0,3.327897870757682e-05,0
74,59,0,3.226099769112926e-05,0
74,60,0,3.0777510787836615e-05,0
74,61,0,3.3491736808406525e-05,0
74,62,0,3.1573454466085876e-05,0
74,63,0,3.2849784148623906e-05,0
74,64,0,3.2849784148623906e-05,0
74,65,0,3.2849784148623906e-05,0
74,66,0,3.329328208554301e-05,0
74,67,0,3.219757039905436e-05,0
74,68,0,3.3248766419967954e-05,0
74,69,0,2.910538924697355e-05,0
74,70,0,4.0747562362346226e-05,0
74,71,0,3.8244124239144554e-05,0
74,72,0,3.34198868659796e-05,0
74,73,0,3.768296762192998e-05,0
74,74,0,3.097410057923341e-05,0
74,75,0,3.9525352493939025e-05,0
74,76,0,3.3412438518994843e-05,0
74,77,0,3.3939230047274316e-05,0
74,78,0,3.342810632460587e-05,0
74,79,0,3.8308839577086964e-05,0
74,80,0,2.9330696369349776e-05,0
74,81,0,3.1429299936999865e-05,0
74,82,0,3.4135754261074e-05,0
74,83,0,3.0479512246954768e-05,0
74,84,0,3.4024375076623716e-05,0
74,85,0,2.9330696369349776e-05,0
74,86,0,3.1764687905256564e-05,0
74,87,0,3.0047669262302003e-05,0
74,88,0,3.0047669262302003e-05,0
74,89,0,3.6646993085911303e-05,0
74,90,0,3.30088344829894e-05,0
74,91,0,3.484237135383729e-05,0
74,92,0,3.861851550322606e-05,0
74,93,0,4.435462968099344e-05,0
74,94,0,4.523995420047495e-05,0
74,95,0,4.5078636391664e-05,0
74,96,0,5.2168767320832456e-05,0
74,97,0,5.4229113219519526e-05,0
74,98,0,4.430155193775768e-05,0
74,99,0,5.32972289893959e-05,0
74,100,0,4.4536833633489254e-05,0
74,101,0,4.02746093029866e-05,0
74,102,0,4.876386301774913e-05,0
74,103,0,3.795862738841944e-05,0
74,104,0,3.302543459916177e-05,0
74,105,0,3.360292454876785e-05,0
74,106,0,3.354475136325565e-05,0
74,107,0,6.600850659493921e-05,0
74,108,0,4.9527693511438776e-05,0
74,109,0,6.943233220906573e-05,0
74,110,0,4.969622179630297e-05,0
74,111,0,5.0290994299317774e-05,0
74,112,0,4.0614152602071246e-05,0
74,113,0,4.721179512897796e-05,0
74,114,0,4.551982730091349e-05,0
74,115,0,3.861654112736227e-05,0
74,116,0,3.0305304319046496e-05,0
74,117,0,2.99061822158434e-05,0
74,118,0,3.715666765994635e-05,0
74,119,0,3.906834533509071e-05,0
74,120,0,3.3343501357805805e-05,0
74,121,0,4.8623320754117594e-05,0
74,122,0,3.2520477312160927e-05,0
74,123,0,3.906892512145363e-05,0
74,124,0,3.521946550468535e-05,0
74,125,0,3.21681573456539e-05,0
74,126,0,3.6593144163566135e-05,0
74,127,0,3.924770012194803e-05,0
74,128,0,3.209892584524056e-05,0
74,129,0,3.818816264363009e-05,0
74,130,0,4.3670206936984665e-05,0
74,131,0,4.8497909792234876e-05,0
74,132,0,4.259245113906424e-05,0
74,133,0,5.284714395574649e-05,0
74,134,0,4.963564900211866e-05,0
74,135,0,4.737449038033773e-05,0
74,136,0,5.692119907552139e-05,0
74,137,0,6.358442544561e-05,0
75,1,0,4.242894739897146e-05,0
75,2,0,4.021873563019539e-05,0
75,3,0,3.341475607059537e-05,0
75,4,0,3.2547609670222807e-05,0
75,5,0,3.487317854650607e-05,0
75,6,0,3.133300908010567e-05,0
75,7,0,3.0479512246954768e-05,0
75,8,0,3.393315578488253e-05,0
75,9,0,3.219757039905436e-05,0
75,10,0,3.25411564590521e-05,0
75,11,0,2.9330696369349776e-05,0
75,12,0,3.1764687905256564e-05,0
75,13,0,3.0047669262302003e-05,0
75,14,0,3.273630917788187e-05,0
75,15,0,2.9092553878806208e-05,0
75,16,0,3.068449315898722e-05,0
75,17,0,3.476262937968872e-05,0
75,18,0,3.5938940372469916e-05,0
75,19,0,3.093566636035267e-05,0
75,20,0,3.1812040399884535e-05,0
75,21,0,3.362243881840247e-05,0
75,22,0,3.517103710502208e-05,0
75,23,0,3.362243881840247e-05,0
75,24,0,3.591772451841223e-05,0
75,25,0,3.1115206803596386e-05,0
75,26,0,3.5687878141405395e-05,0
75,27,0,2.99061822158434e-05,0
75,28,0,3.796829573647028e-05,0
75,29,0,3.206841820132283e-05,0
75,30,0,3.063722211578011e-05,0
75,31,0,3.0072510858598834e-05,0
75,32,0,3.3310222909364e-05,0
75,33,0,3.292475918070315e-05,0
75,34,0,3.1105556175199714e-05,0
75,35,0,3.40399542235496e-05,0
75,36,0,2.942416540211247e-05,0
75,37,0,3.109232144026674e-05,0
75,38,0,3.3872785298790605e-05,0
75,39,0,3.185235492665295e-05,0
75,40,0,4.977677905482804e-05,0
75,41,0,3.834885255806737e-05,0
75,42,0,3.9286260705156996e-05,0
75,43,0,3.1412596409029595e-05,0
75,44,0,3.440711503996095e-05,0
75,45,0,3.676059506101045e-05,0
75,46,0,3.359278454433723e-05,0
75,47,0,3.466186332761336e-05,0
75,48,0,3.3633915556677654e-05,0
75,49,0,3.966037835044514e-05,0
75,50,0,3.2377932706397446e-05,0
75,51,0,4.2734870665849e-05,0
75,52,0,4.160242114220452e-05,0
75,53,0,3.894062507099811e-05,0
75,54,0,4.214905026715505e-05,0
75,55,0,4.487080748350235e-05,0
75,56,0,3.825228196515844e-05,0
75,57,0,3.291194944380542e-05,0
75,58,0,3.55596711256673e-05,0
75,59,0,3.565203222720823e-05,0
75,60,0,3.293334786911338e-05,0
75,61,0,4.139363274222391e-05,0
75,62,0,3.963618975568769e-05,0
75,63,0,4.2797019136108256e-05,0
75,64,0,4.0062901837531414e-05,0
75,65,0,3.420611000269889e-05,0
75,66,0,4.63453889708759e-05,0
75,67,0,4.187344308652042e-05,0
75,68,0,3.357183398642217e-05,0
75,69,0,5.191466294929856e-05,0
75,70,0,4.450268576455524e-05,0
75,71,0,3.9286260705156996e-05,0
75,72,0,4.3838085264114883e-05,0
75,73,0,4.198604333730429e-05,0
75,74,0,3.6529064753555554e-05,0
75,75,0,3.7338578606132964e-05,0
75,76,0,3.4089950267608686e-05,0
75,77,0,3.5786895887206874e-05,0
75,78,0,4.400465493723397e-05,0
75,79,0,3.662169152788111e-05,0
75,80,0,4.939632517767739e-05,0
75,81,0,2.910538924697355e-05,0
75,82,0,2.8412452958120574e-05,0
75,83,0,3.2968747858310497e-05,0
75,84,0,3.795145233788375e-05,0
75,85,0,3.0385225770355524e-05,0
75,86,0,8.060132586897262e-05,0
75,87,0,5.625700133869621e-05,0
75,88,0,4.7659013461232236e-05,0
76,1,0,5.584265767599998e-05,0
76,2,0,3.25411564590521e-05,0
76,3,0,3.0112139063188054e-05,0
76,4,0,3.0812658242720634e-05,0
76,5,0,3.0112139063188054e-05,0
76,6,0,3.0047669262302003e-05,0
76,7,0,2.968788116742997e-05,0
76,8,0,3.1795794827781794e-05,0
76,9,0,3.0047669262302003e-05,0
76,10,0,2.968788116742997e-05,0
76,11,0,3.0112139063188054e-05,0
76,12,0,3.55842397858438e-05,0
76,13,0,3.147778947765216e-05,0
76,14,0,3.224724519933794e-05,0
76,15,0,3.224724519933794e-05,0
76,16,0,3.1441508797875196e-05,0
76,17,0,3.492325646619311e-05,0
76,18,0,3.147778947765216e-05,0
76,19,0,3.4089950267608686e-05,0
76,20,0,3.1492459770742673e-05,0
76,21,0,3.4224681501640314e-05,0
76,22,0,3.130363657862682e-05,0
76,23,0,2.9459830369720856e-05,0
76,24,0,3.152068438591707e-05,0
76,25,0,3.2761302083196714e-05,0
76,26,0,2.981685479429138e-05,0
76,27,0,3.313060840563044e-05,0
76,28,0,3.1721408244889435e-05,0
76,29,0,3.057207830003078e-05,0
76,30,0,3.0828769847662144e-05,0
76,31,0,3.110083209795046e-05,0
76,32,0,3.219465625602156e-05,0
76,33,0,3.258671678923493e-05,0
76,34,0,2.910538924697355e-05,0
76,35,0,2.981685479429138e-05,0
76,36,0,3.22911886140995e-05,0
76,37,0,3.1950241757257636e-05,0
76,38,0,2.910538924697355e-05,0
76,39,0,3.007048208434371e-05,0
76,40,0,3.22911886140995e-05,0
76,41,0,3.0179959777688874e-05,0
76,42,0,3.1187872652392335e-05,0
76,43,0,3.393315578488253e-05,0
76,44,0,3.133300908010567e-05,0
76,45,0,3.866654233610796e-05,0
76,46,0,4.392833579650581e-05,0
76,47,0,3.466369668377306e-05,0
76,48,0,3.841936694469269e-05,0
76,49,0,3.533830365015221e-05,0
76,50,0,4.927367948237799e-05,0
76,51,0,3.717676841693517e-05,0
76,52,0,3.853404671868821e-05,0
76,53,0,3.338574869707356e-05,0
76,54,0,3.4201841744617374e-05,0
76,55,0,3.141649484902807e-05,0
76,56,0,3.0112139063188054e-05,0
76,57,0,3.2954118626110654e-05,0
76,58,0,3.2954118626110654e-05,0
76,59,0,3.5695864505616206e-05,0
76,60,0,3.5268447813155835e-05,0
76,61,0,3.2954118626110654e-05,0
76,62,0,3.839531554102749e-05,0
76,63,0,3.261097607190394e-05,0
76,64,0,3.0848213307771606e-05,0
76,65,0,3.247130982083841e-05,0
76,66,0,3.152068438591707e-05,0
76,67,0,2.942416540211247e-05,0
76,68,0,2.8722069620670554e-05,0
76,69,0,2.981685479429138e-05,0
76,70,0,2.9660198619169174e-05,0
76,71,0,3.318961144479907e-05,0
76,72,0,3.2219212022967404e-05,0
76,73,0,3.1494675341022085e-05,0
76,74,0,3.1111724702463615e-05,0
76,75,0,3.5258362735817545e-05,0
76,76,0,3.393988503297661e-05,0
76,77,0,3.6270849357694376e-05,0
76,78,0,3.4778666977612935e-05,0
76,79,0,3.29439682628336e-05,0
76,80,0,3.4784323029567096e-05,0
76,81,0,4.179661587962897e-05,0
76,82,0,3.676427069870477e-05,0
76,83,0,4.073125206462301e-05,0
76,84,0,3.626465052422931e-05,0
76,85,0,5.248762545043888e-05,0
76,86,0,3.783556529934616e-05,0
76,87,0,3.698982895102829e-05,0
76,88,0,3.6132457022282614e-05,0
76,89,0,3.565659381503241e-05,0
76,90,0,4.893150843731978e-05,0
76,91,0,3.90761537282819e-05,0
76,92,0,7.170420425152928e-05,0
76,93,0,3.6132457022282614e-05,0
76,94,0,3.5813506129861835e-05,0
76,95,0,3.4180284583099986e-05,0
76,96,0,3.4172572929394584e-05,0
76,97,0,3.6563093450396105e-05,0
76,98,0,3.574386522719976e-05,0
76,99,0,5.1357804315093704e-05,0
76,100,0,4.386773238750164e-05,0
76,101,0,4.230784871310988e-05,0
76,102,0,3.3836583649246486e-05,0
76,103,0,3.466369668377306e-05,0
76,104,0,3.057846453509377e-05,0
76,105,0,3.347170685946725e-05,0
76,106,0,3.7774902223450715e-05,0
76,107,0,3.598646894028596e-05,0
76,108,0,3.897832287940516e-05,0
76,109,0,3.747561370196369e-05,0
76,110,0,3.315150356889369e-05,0
76,111,0,3.647929382558401e-05,0
76,112,0,3.0611249561095404e-05,0
76,113,0,3.688273981243886e-05,0
76,114,0,3.0047669262302003e-05,0
76,115,0,3.0620439905206095e-05,0
76,116,0,3.04135849826172e-05,0
76,117,0,3.924734099181917e-05,0
76,118,0,4.1015736245724346e-05,0
76,119,0,3.116570534507584e-05,0
76,120,0,2.9330696369349776e-05,0
76,121,0,3.6498590896762376e-05,0
76,122,0,4.806050570958448e-05,0
76,123,0,3.753425742846224e-05,0
76,124,0,3.185048990846312e-05,0
76,125,0,4.3605767064212936e-05,0
76,126,0,2.981685479429138e-05,0
76,127,0,3.0047669262302003e-05,0
76,128,0,3.914047971043845e-05,0
76,129,0,3.282423340011552e-05,0
76,130,0,3.763444802286871e-05,0
76,131,0,4.609258579762864e-05,0
76,132,0,3.245203708956117e-05,0
76,133,0,3.6942677842289e-05,0
76,134,0,4.280847183212524e-05,0
76,135,0,3.8289677472108556e-05,0
76,136,0,3.461996015522263e-05,0
76,137,0,3.8635285333680564e-05,0
76,138,0,3.425502873099855e-05,0
76,139,0,6.226013659112657e-05,0
76,140,0,4.130019703881151e-05,0
76,141,0,5.022504549764198e-05,0
76,142,0,6.808082446951136e-05,0
76,143,0,4.134003547159642e-05,0
76,144,0,3.690774844316096e-05,0
76,145,0,3.422903379034341e-05,0
76,146,0,6.539423561434888e-05,0
76,147,0,5.648659652906729e-05,0
76,148,0,4.3248889648227696e-05,0
76,149,0,4.0987045586482986e-05,0
76,150,0,4.440712281587962e-05,0
76,151,0,5.094955045479442e-05,0
76,152,0,3.260247765633797e-05,0
76,153,0,3.277617963269169e-05,0
76,154,0,8.094917493324001e-05,0
76,155,0,5.121243558148469e-05,0
76,156,0,4.491560987693299e-05,0
76,157,0,7.848411207685847e-05,0
76,158,0,7.353892257283045e-05,0
76,159,0,5.8755416649394655e-05,0
76,160,0,6.829914554646475e-05,0
76,161,0,6.345966222886647e-05,0
76,162,0,4.7966229391054296e-05,0
76,163,0,0.00026643496254257886,0
76,164,0,7.101181932634744e-05,0
76,165,0,6.752898010791881e-05,0
76,166,0,0.00023491653417812152,0
76,167,0,0.0011179388958172248,0
76,168,0,0.0036172801559325373,0
76,169,0,0.0023923065603015437,0
76,170,0,0.014342341236868882,0
76,171,0,0.030124732938135248,0
76,172,0,0.028603262168463452,0
76,173,0,0.07076782730572119,0
76,174,0,0.040739113066473855,0
76,175,0,0.16446318649559377,0
76,176,0,0.0075731293466383175,0
76,177,0,0.2321455985679945,0
76,178,0,0.11350117486061127,0
76,179,0,0.5221208342371352,1
76,180,0,0.5744407808538838,1
76,181,0,0.28867582918792917,0
76,182,0,0.29287316240137534,0
76,183,0,0.5711617363679866,1
76,184,0,0.3711927176672078,1
76,185,1,0.705304221748454,1
76,186,1,0.8903961282173265,1
76,187,1,0.7025726300406505,1
76,188,1,0.9615811784252679,1
76,189,1,0.9876309835357246,1
76,190,1,0.9910215608641811,1
76,191,1,0.9967596724703841,1
76,192,1,0.9925841601853057,1
76,193,1,0.9955257477154688,1
76,194,1,0.9961531663734161,1
76,195,1,0.9966808591815026,1
76,196,1,0.9965120344466208,1
76,197,1,0.9974775922364645,1
76,198,1,0.9971956155450935,1
76,199,1,0.9979996712217022,1
76,200,1,0.9987243528821299,1
76,201,1,0.9986002883079447,1
76,202,1,0.9987622900042716,1
76,203,1,0.9991487575059416,1
76,204,1,0.9976462445120188,1
76,205,1,0.9987516125625002,1
77,1,0,4.638563284898872e-05,0
77,2,0,6.18544929768461e-05,0
77,3,0,3.739134219437885e-05,0
77,4,0,3.3857924049383266e-05,0
77,5,0,3.156184052392664e-05,0
77,6,0,3.878536932447439e-05,0
77,7,0,3.391007363581967e-05,0
77,8,0,4.608767488909715e-05,0
77,9,0,3.024471341041407e-05,0
77,10,0,3.648282308107198e-05,0
77,11,0,3.8605881905024045e-05,0
77,12,0,4.269552377361739e-05,0
77,13,0,3.470068923698151e-05,0
77,14,0,2.988082937812723e-05,0
77,15,0,3.0828769847662144e-05,0
77,16,0,4.115427408969219e-05,0
77,17,0,3.0828769847662144e-05,0
77,18,0,3.335952499756889e-05,0
77,19,0,3.335952499756889e-05,0
77,20,0,3.0422753891679387e-05,0
77,21,0,3.2653851519046207e-05,0
77,22,0,3.335952499756889e-05,0
77,23,0,3.173847752916639e-05,0
77,24,0,3.222120696567507e-05,0
77,25,0,3.437227057828176e-05,0
77,26,0,3.93938915251563e-05,0
77,27,0,3.1625125003185784e-05,0
77,28,0,3.063722211578011e-05,0
77,29,0,3.2820170499477114e-05,0
77,30,0,2.99061822158434e-05,0
77,31,0,2.9330696369349776e-05,0
77,32,0,3.3291858349890226e-05,0
77,33,0,3.0305304319046496e-05,0
77,34,0,3.104610023269171e-05,0
77,35,0,3.9315040802801336e-05,0
77,36,0,3.2820170499477114e-05,0
77,37,0,3.521961954516379e-05,0
77,38,0,3.181386204170215e-05,0
77,39,0,3.24934005875859e-05,0
77,40,0,3.0072510858598834e-05,0
77,41,0,3.5631912849204814e-05,0
77,42,0,3.0807616443930635e-05,0
77,43,0,3.142417430391337e-05,0
77,44,0,3.505931315493826e-05,0
77,45,0,3.1429299936999865e-05,0
77,46,0,3.51820954232539e-05,0
77,47,0,3.591485292512419e-05,0
77,48,0,3.0047669262302003e-05,0
77,49,0,2.9752235376707344e-05,0
77,50,0,3.6022539507596355e-05,0
77,51,0,2.9752235376707344e-05,0
77,52,0,3.948205550724542e-05,0
77,53,0,3.29439682628336e-05,0
77,54,0,3.603524903974018e-05,0
77,55,0,3.686931043095868e-05,0
77,56,0,2.9752235376707344e-05,0
77,57,0,3.133300908010567e-05,0
77,58,0,3.405198799659698e-05,0
77,59,0,3.133300908010567e-05,0
77,60,0,3.440747788172747e-05,0
77,61,0,2.9330696369349776e-05,0
77,62,0,3.1429299936999865e-05,0
77,63,0,3.0479512246954768e-05,0
77,64,0,4.024347824480659e-05,0
77,65,0,3.0072510858598834e-05,0
77,66,0,3.04135849826172e-05,0
77,67,0,2.9330696369349776e-05,0
77,68,0,3.001303686142706e-05,0
77,69,0,3.314734709560275e-05,0
77,70,0,3.209892584524056e-05,0
77,71,0,2.8944409521362384e-05,0
77,72,0,2.968788116742997e-05,0
77,73,0,2.8944409521362384e-05,0
77,74,0,3.169895623964514e-05,0
77,75,0,3.4699908174187153e-05,0
77,76,0,3.317117858344271e-05,0
77,77,0,2.968788116742997e-05,0
77,78,0,3.968636204156812e-05,0
77,79,0,3.553299897543754e-05,0
77,80,0,3.2812461364508816e-05,0
77,81,0,3.0608073382744165e-05,0
77,82,0,3.209892584524056e-05,0
77,83,0,3.1637902430104767e-05,0
77,84,0,3.28708263235898e-05,0
77,85,0,4.561239121191908e-05,0
77,86,0,3.123762080233946e-05,0
77,87,0,4.45876759044548e-05,0
77,88,0,3.104610023269171e-05,0
77,89,0,3.5578531386415736e-05,0
77,90,0,3.317963136708922e-05,0
77,91,0,3.0305304319046496e-05,0
77,92,0,3.633136956317301e-05,0
77,93,0,3.0305304319046496e-05,0
77,94,0,3.881330013100098e-05,0
77,95,0,3.063722211578011e-05,0
77,96,0,3.472085439977979e-05,0
77,97,0,3.104610023269171e-05,0
77,98,0,3.190066714979126e-05,0
77,99,0,3.083380654128903e-05,0
77,100,0,3.596410880464891e-05,0
77,101,0,3.2660353195801466e-05,0
77,102,0,3.511806247395834e-05,0
77,103,0,3.7511240225336734e-05,0
77,104,0,2.9651940122769117e-05,0
77,105,0,3.444182731847053e-05,0
77,106,0,3.341935046246983e-05,0
77,107,0,3.133300908010567e-05,0
77,108,0,3.0047669262302003e-05,0
77,109,0,3.0288703918220634e-05,0
77,110,0,3.0288703918220634e-05,0
77,111,0,3.5456292635624494e-05,0
77,112,0,7.556280333550418e-05,0
77,113,0,4.5648398345438355e-05,0
77,114,0,4.7837940070864356e-05,0
77,115,0,6.440307747452575e-05,0
77,116,0,5.764886966408808e-05,0
77,117,0,3.9968845639007983e-05,0
77,118,0,6.108806737145402e-05,0
77,119,0,0.0001260489161933124,0
77,120,0,0.00010058010977543023,0
77,121,0,7.250246704708592e-05,0
77,122,0,6.195214284342993e-05,0
77,123,0,0.00038632190029225645,0
77,124,0,5.073592725695215e-05,0
77,125,0,5.226985776263087e-05,0
77,126,0,8.430377766888247e-05,0
77,127,0,5.928272671527565e-05,0
77,128,0,9.653190394661988e-05,0
77,129,0,0.00010421947693179252,0
77,130,0,9.108872312200144e-05,0
77,131,0,0.00014559149437253858,0
77,132,0,8.081817243419999e-05,0
77,133,0,0.00018670604126060282,0
77,134,0,0.00019470815224115006,0
77,135,0,0.0001421723200598123,0
77,136,0,0.00022229716529917107,0
77,137,0,0.00043003728678806143,0
77,138,0,0.0002003232906349385,0
77,139,0,0.0001020879265463218,0
77,140,0,0.00035542937038307224,0
77,141,0,0.00030319751579089204,0
77,142,0,0.00016777870703371228,0
77,143,0,0.0010339616016153807,0
77,144,0,0.0005372571161177568,0
77,145,0,0.0009824578068497482,0
77,146,0,0.001147322408314257,0
77,147,0,0.0010346222300714053,0
77,148,0,0.0023012047528771754,0
77,149,0,0.0011440568068975675,0
77,150,0,0.012330096501263347,0
77,151,0,0.019375886296110326,0
77,152,0,0.004401486167234304,0
77,153,0,0.00270245364635697,0
77,154,0,0.011682015513495103,0
77,155,0,0.0373733373888284,0
77,156,0,0.02798013755525777,0
77,157,0,0.024425165188145283,0
77,158,0,0.03917324106534057,0
77,159,0,0.006861724789097963,0
77,160,0,0.0481591673051325,0
77,161,0,0.07417062287305098,0
77,162,0,0.7667688037789006,1
78,1,0,3.4254985058719165e-05,0
78,2,0,2.99061822158434e-05,0
78,3,0,3.2261390656755624e-05,0
78,4,0,3.6594409671971506e-05,0
78,5,0,3.882830951860641e-05,0
78,6,0,3.2581775206968745e-05,0
78,7,0,3.486101636855917e-05,0
78,8,0,3.218148915421587e-05,0
78,9,0,3.5236209490249786e-05,0
78,10,0,3.5688787112565834e-05,0
78,11,0,3.2954118626110654e-05,0
78,12,0,3.216779664802078e-05,0
78,13,0,3.0848213307771606e-05,0
78,14,0,3.0848213307771606e-05,0
78,15,0,3.0047669262302003e-05,0
78,16,0,3.0047669262302003e-05,0
78,17,0,3.1764687905256564e-05,0
78,18,0,2.9651940122769117e-05,0
78,19,0,3.134634626275282e-05,0
78,20,0,3.1764687905256564e-05,0
78,21,0,2.9752235376707344e-05,0
78,22,0,4.3342623032644084e-05,0
78,23,0,4.817305509588586e-05,0
78,24,0,3.0047669262302003e-05,0
78,25,0,2.9330696369349776e-05,0
78,26,0,2.968788116742997e-05,0
78,27,0,2.9330696369349776e-05,0
78,28,0,2.9752235376707344e-05,0
78,29,0,3.0047669262302003e-05,0
78,30,0,3.393315578488253e-05,0
78,31,0,2.8944409521362384e-05,0
78,32,0,3.302141256727558e-05,0
78,33,0,3.385038260363157e-05,0
78,34,0,3.269090628363027e-05,0
78,35,0,3.4470202361734656e-05,0
78,36,0,3.614002535258962e-05,0
78,37,0,2.9828345589795597e-05,0
78,38,0,2.99061822158434e-05,0
78,39,0,2.99061822158434e-05,0
78,40,0,3.1542641686926025e-05,0
78,41,0,3.0072510858598834e-05,0
78,42,0,3.043872908670021e-05,0
78,43,0,3.0037849826608753e-05,0
78,44,0,3.182915088978566e-05,0
78,45,0,3.0807616443930635e-05,0
78,46,0,3.4220623154544575e-05,0
78,47,0,3.2568059452669774e-05,0
78,48,0,3.242867513345047e-05,0
78,49,0,3.188274013953481e-05,0
78,50,0,3.0807616443930635e-05,0
78,51,0,2.9676454563848115e-05,0
78,52,0,3.317963136708922e-05,0
78,53,0,3.599478856306223e-05,0
78,54,0,3.5202876308021684e-05,0
78,55,0,2.988082937812723e-05,0
78,56,0,3.638792171720533e-05,0
78,57,0,3.233149535550803e-05,0
78,58,0,3.5015270248558764e-05,0
78,59,0,3.22911886140995e-05,0
78,60,0,2.9523690249498077e-05,0
78,61,0,3.1187872652392335e-05,0
78,62,0,3.0179959777688874e-05,0
78,63,0,2.9330696369349776e-05,0
78,64,0,3.150452906126577e-05,0
78,65,0,3.1429299936999865e-05,0
78,66,0,3.190354796394738e-05,0
78,67,0,2.9330696369349776e-05,0
78,68,0,3.0047669262302003e-05,0
78,69,0,3.187324409475656e-05,0
78,70,0,3.981615562916815e-05,0
78,71,0,2.9715560878743744e-05,0
78,72,0,3.2329816094881995e-05,0
79,1,0,3.4254985058719165e-05,0
79,2,0,3.3494314294300195e-05,0
79,3,0,2.99061822158434e-05,0
79,4,0,3.2820170499477114e-05,0
79,5,0,3.0047669262302003e-05,0
79,6,0,3.2112589036912786e-05,0
79,7,0,2.9330696369349776e-05,0
79,8,0,2.9651940122769117e-05,0
79,9,0,3.314734709560275e-05,0
79,10,0,3.0620439905206095e-05,0
79,11,0,3.0047669262302003e-05,0
79,12,0,3.25411564590521e-05,0
79,13,0,2.9330696369349776e-05,0
79,14,0,2.9330696369349776e-05,0
79,15,0,3.476262937968872e-05,0
79,16,0,3.25411564590521e-05,0
79,17,0,3.169895623964514e-05,0
79,18,0,3.109232144026674e-05,0
79,19,0,3.1105556175199714e-05,0
79,20,0,3.279368405067761e-05,0
79,21,0,2.8722069620670554e-05,0
79,22,0,3.185235492665295e-05,0
79,23,0,3.109232144026674e-05,0
79,24,0,2.981685479429138e-05,0
79,25,0,3.1455457628563085e-05,0
79,26,0,3.528540020598942e-05,0
79,27,0,3.161637616719411e-05,0
79,28,0,3.492325646619311e-05,0
79,29,0,3.2060670117436674e-05,0
79,30,0,3.0047669262302003e-05,0
79,31,0,3.359956206582818e-05,0
79,32,0,3.0047669262302003e-05,0
79,33,0,3.1764687905256564e-05,0
79,34,0,3.0047669262302003e-05,0
79,35,0,3.1274487959601625e-05,0
79,36,0,3.393315578488253e-05,0
79,37,0,2.9651940122769117e-05,0
79,38,0,3.0047669262302003e-05,0
79,39,0,2.8944409521362384e-05,0
79,40,0,2.9330696369349776e-05,0
79,41,0,3.0288703918220634e-05,0
79,42,0,2.968788116742997e-05,0
79,43,0,3.4784323029567096e-05,0
79,44,0,3.351508811394213e-05,0
79,45,0,3.513398979310362e-05,0
79,46,0,3.182254846884254e-05,0
79,47,0,3.134634626275282e-05,0
79,48,0,3.66089750250563e-05,0
79,49,0,2.9330696369349776e-05,0
79,50,0,2.8944409521362384e-05,0
79,51,0,3.0288703918220634e-05,0
79,52,0,3.420588414360966e-05,0
79,53,0,3.0137459845889356e-05,0
79,54,0,3.132048106708375e-05,0
79,55,0,3.1764687905256564e-05,0
79,56,0,3.134634626275282e-05,0
79,57,0,2.8944409521362384e-05,0
79,58,0,3.173847752916639e-05,0
79,59,0,3.776655320907003e-05,0
79,60,0,3.209892584524056e-05,0
79,61,0,3.407769583114841e-05,0
79,62,0,3.4567456071400585e-05,0
79,63,0,4.091051412961927e-05,0
79,64,0,3.109232144026674e-05,0
79,65,0,3.561756949069964e-05,0
79,66,0,3.1187872652392335e-05,0
79,67,0,3.075715484712007e-05,0
79,68,0,3.3671173120165376e-05,0
79,69,0,3.059195545337003e-05,0
79,70,0,3.970993987685888e-05,0
79,71,0,3.358210475192802e-05,0
79,72,0,4.076372030718457e-05,0
79,73,0,3.614907152775435e-05,0
79,74,0,3.5536566308860015e-05,0
79,75,0,4.7034605697144964e-05,0
79,76,0,3.2680459525216475e-05,0
79,77,0,2.9723763394881614e-05,0
79,78,0,2.9330696369349776e-05,0
79,79,0,3.305242387468823e-05,0
79,80,0,2.9330696369349776e-05,0
79,81,0,3.001303686142706e-05,0
79,82,0,3.1764687905256564e-05,0
79,83,0,3.2041010528892374e-05,0
79,84,0,3.66935804628179e-05,0
79,85,0,3.429840247401534e-05,0
79,86,0,2.9330696369349776e-05,0
79,87,0,2.901451905440003e-05,0
79,88,0,3.422620850330109e-05,0
79,89,0,3.4241042144748784e-05,0
79,90,0,3.102909405710851e-05,0
79,91,0,3.6466943963855656e-05,0
79,92,0,2.9588182545757307e-05,0
79,93,0,4.1825075758335694e-05,0
79,94,0,4.506527665297009e-05,0
79,95,0,3.234087593774801e-05,0
79,96,0,3.87690074852981e-05,0
79,97,0,2.9651940122769117e-05,0
79,98,0,3.369038323925946e-05,0
79,99,0,2.9330696369349776e-05,0
79,100,0,3.329846222941851e-05,0
79,101,0,3.5379485240372265e-05,0
80,1,0,4.5141689141977005e-05,0
80,2,0,4.577267841477076e-05,0
80,3,0,0.00013337714486251815,0
80,4,0,5.107820335348752e-05,0
80,5,0,5.170021232008714e-05,0
80,6,0,3.686597347289411e-05,0
80,7,0,3.7553101545862754e-05,0
80,8,0,4.510170750060367e-05,0
80,9,0,3.847105892105693e-05,0
80,10,0,4.166352675996793e-05,0
80,11,0,4.243773405555636e-05,0
80,12,0,4.072177988497918e-05,0
80,13,0,4.848429762450211e-05,0
80,14,0,4.5332521034924616e-05,0
80,15,0,3.841283622080604e-05,0
80,16,0,3.8699267955045606e-05,0
80,17,0,2.968788116742997e-05,0
80,18,0,2.968788116742997e-05,0
80,19,0,3.240705952254588e-05,0
80,20,0,3.134634626275282e-05,0
80,21,0,2.8944409521362384e-05,0
80,22,0,3.132048106708375e-05,0
80,23,0,2.9330696369349776e-05,0
80,24,0,3.173847752916639e-05,0
80,25,0,3.201659057328324e-05,0
80,26,0,3.166972943613998e-05,0
80,27,0,3.173847752916639e-05,0
80,28,0,3.156918615133876e-05,0
80,29,0,2.9651940122769117e-05,0
80,30,0,2.9651940122769117e-05,0
80,31,0,3.0047669262302003e-05,0
80,32,0,2.910538924697355e-05,0
80,33,0,2.981685479429138e-05,0
80,34,0,3.126476144829531e-05,0
80,35,0,3.152068438591707e-05,0
80,36,0,2.910538924697355e-05,0
80,37,0,2.8722069620670554e-05,0
80,38,0,2.910538924697355e-05,0
80,39,0,2.8722069620670554e-05,0
80,40,0,3.1957617776643215e-05,0
80,41,0,3.1105556175199714e-05,0
80,42,0,3.385536768538704e-05,0
80,43,0,3.4495597677667226e-05,0
80,44,0,2.942416540211247e-05,0
80,45,0,3.25411564590521e-05,0
80,46,0,3.1950241757257636e-05,0
80,47,0,2.9330696369349776e-05,0
80,48,0,2.8944409521362384e-05,0
80,49,0,2.942416540211247e-05,0
80,50,0,3.1865913166577586e-05,0
80,51,0,2.8722069620670554e-05,0
80,52,0,3.790678859509631e-05,0
80,53,0,3.3022059476634247e-05,0
80,54,0,3.4922908562808635e-05,0
80,55,0,3.3364165282060636e-05,0
80,56,0,3.509087741257977e-05,0
80,57,0,3.6257779179866247e-05,0
80,58,0,2.99061822158434e-05,0
80,59,0,3.2361203956621934e-05,0
80,60,0,3.403514393060888e-05,0
80,61,0,3.0305304319046496e-05,0
80,62,0,2.99061822158434e-05,0
80,63,0,3.797582515849426e-05,0
80,64,0,3.352484709360431e-05,0
80,65,0,3.9313854832141956e-05,0
80,66,0,2.99061822158434e-05,0
80,67,0,3.239435140373953e-05,0
80,68,0,3.552143811834919e-05,0
80,69,0,4.109367094753737e-05,0
80,70,0,3.239435140373953e-05,0
80,71,0,3.50536217268062e-05,0
80,72,0,3.140331393964019e-05,0
80,73,0,3.7173839247828145e-05,0
80,74,0,4.142134252328558e-05,0
80,75,0,3.791298408130252e-05,0
80,76,0,4.100415788025532e-05,0
80,77,0,5.586533337895524e-05,0
80,78,0,4.1696739044676783e-05,0
80,79,0,3.904089360607971e-05,0
80,80,0,3.422600222119951e-05,0
80,81,0,3.24989738752514e-05,0
80,82,0,3.0433966709671136e-05,0
80,83,0,3.7367664283674166e-05,0
80,84,0,3.95277425780796e-05,0
80,85,0,3.455451985339565e-05,0
80,86,0,3.459374103505152e-05,0
80,87,0,3.52413046050891e-05,0
80,88,0,4.0681651298835006e-05,0
80,89,0,3.937979644686196e-05,0
80,90,0,4.0681651298835006e-05,0
80,91,0,3.199953498813786e-05,0
80,92,0,3.183141149197887e-05,0
80,93,0,3.38280856250065e-05,0
80,94,0,3.611564129205089e-05,0
80,95,0,3.341336527135962e-05,0
80,96,0,3.1900327583758686e-05,0
80,97,0,3.3914683147299046e-05,0
80,98,0,3.413616031948651e-05,0
80,99,0,3.579187970136536e-05,0
80,100,0,3.484541323842821e-05,0
80,101,0,3.5710408310243874e-05,0
80,102,0,3.2489820629202063e-05,0
80,103,0,3.133300908010567e-05,0
80,104,0,3.243120005371362e-05,0
80,105,0,3.6026626145802854e-05,0
80,106,0,3.25411564590521e-05,0
80,107,0,3.0047669262302003e-05,0
80,108,0,6.155346799754072e-05,0
80,109,0,3.43318408600479e-05,0
80,110,0,3.747450013254977e-05,0
80,111,0,3.369382960701323e-05,0
80,112,0,3.176312181063473e-05,0
80,113,0,3.7475390649527784e-05,0
80,114,0,3.563187442505013e-05,0
80,115,0,3.370582468582821e-05,0
80,116,0,3.2901566753986145e-05,0
80,117,0,4.400336561323742e-05,0
80,118,0,4.173542896188321e-05,0
80,119,0,5.0146848219955385e-05,0
80,120,0,3.995867292184093e-05,0
80,121,0,3.5274760898666775e-05,0
80,122,0,5.3124319526836124e-05,0
80,123,0,3.5563507190552006e-05,0
80,124,0,4.03189097191733e-05,0
80,125,0,5.103381067596275e-05,0
80,126,0,3.599449956528478e-05,0
80,127,0,4.523474684066168e-05,0
80,128,0,4.355248402142293e-05,0
80,129,0,4.5979459172387654e-05,0
80,130,0,4.900491929943138e-05,0
80,131,0,3.8183577527101944e-05,0
80,132,0,7.418161638403898e-05,0
80,133,0,5.7291842298700044e-05,0
81,1,0,0.00012025396926007654,0
81,2,0,3.390515617567515e-05,0
81,3,0,3.173847752916639e-05,0
81,4,0,2.968788116742997e-05,0
81,5,0,3.553537293179721e-05,0
81,6,0,3.133300908010567e-05,0
81,7,0,2.9330696369349776e-05,0
81,8,0,3.410823734391058e-05,0
81,9,0,2.8722069620670554e-05,0
81,10,0,3.280056293657038e-05,0
81,11,0,3.412269967423654e-05,0
81,12,0,3.173847752916639e-05,0
81,13,0,3.187152003348834e-05,0
81,14,0,3.437227057828176e-05,0
81,15,0,3.152068438591707e-05,0
81,16,0,2.8722069620670554e-05,0
81,17,0,3.1494675341022085e-05,0
81,18,0,3.467127590873581e-05,0
81,19,0,3.8065891311938334e-05,0
81,20,0,3.052738440004526e-05,0
81,21,0,2.9330696369349776e-05,0
81,22,0,3.557178909041952e-05,0
81,23,0,3.173847752916639e-05,0
81,24,0,3.2124982981196683e-05,0
81,25,0,3.173847752916639e-05,0
81,26,0,3.390515617567515e-05,0
81,27,0,3.1714576967134234e-05,0
81,28,0,2.9296890314270586e-05,0
81,29,0,3.437227057828176e-05,0
81,30,0,3.260030550666414e-05,0
81,31,0,2.8944409521362384e-05,0
81,32,0,3.5197730896851135e-05,0
81,33,0,3.8217597035724214e-05,0
81,34,0,3.079323719208409e-05,0
81,35,0,4.434614008181246e-05,0
81,36,0,3.224907640061207e-05,0
81,37,0,3.2954118626110654e-05,0
81,38,0,3.337821629819774e-05,0
81,39,0,3.565683037980432e-05,0
81,40,0,5.5557141604875487e-05,0
81,41,0,3.0812658242720634e-05,0
81,42,0,3.405836678799737e-05,0
81,43,0,3.186452907259545e-05,0
81,44,0,3.676523740311657e-05,0
81,45,0,3.830916185294348e-05,0
81,46,0,3.8818475477767836e-05,0
81,47,0,3.6897918346506834e-05,0
81,48,0,3.3068231724682976e-05,0
81,49,0,3.310638943459924e-05,0
81,50,0,3.0441941288548044e-05,0
81,51,0,3.4463317839523755e-05,0
81,52,0,5.4402704600466404e-05,0
81,53,0,3.362667242995242e-05,0
81,54,0,3.890129949055999e-05,0
81,55,0,3.129566614877399e-05,0
81,56,0,2.9651940122769117e-05,0
81,57,0,3.2489820629202063e-05,0
81,58,0,3.209892584524056e-05,0
81,59,0,3.133300908010567e-05,0
81,60,0,3.134634626275282e-05,0
81,61,0,2.9092553878806208e-05,0
81,62,0,3.475553854527464e-05,0
81,63,0,3.278082744314119e-05,0
81,64,0,3.444667789062753e-05,0
81,65,0,3.293033131221417e-05,0
81,66,0,3.476106260759907e-05,0
81,67,0,3.249253030678134e-05,0
81,68,0,3.499428221707302e-05,0
81,69,0,3.6365220281887425e-05,0
81,70,0,3.435576050135211e-05,0
81,71,0,3.53627940961496e-05,0
81,72,0,3.432681817936298e-05,0
81,73,0,3.209892584524056e-05,0
81,74,0,3.133300908010567e-05,0
81,75,0,3.486945958698286e-05,0
81,76,0,3.2901566753986145e-05,0
81,77,0,2.9330696369349776e-05,0
81,78,0,3.437739020789528e-05,0
81,79,0,2.9330696369349776e-05,0
81,80,0,2.9296890314270586e-05,0
81,81,0,3.134634626275282e-05,0
81,82,0,2.8944409521362384e-05,0
81,83,0,3.0047669262302003e-05,0
81,84,0,3.152068438591707e-05,0
81,85,0,2.9651940122769117e-05,0
81,86,0,3.011455345866628e-05,0
81,87,0,3.219757039905436e-05,0
81,88,0,3.25411564590521e-05,0
81,89,0,3.5172057127587296e-05,0
81,90,0,3.0288703918220634e-05,0
81,91,0,3.258966641900276e-05,0
81,92,0,3.37701405043474e-05,0
81,93,0,3.209892584524056e-05,0
81,94,0,2.9330696369349776e-05,0
81,95,0,5.763437328992709e-05,0
81,96,0,3.9186803759437405e-05,0
81,97,0,3.6722775114891974e-05,0
81,98,0,3.1429299936999865e-05,0
81,99,0,3.497897712938385e-05,0
81,100,0,2.9330696369349776e-05,0
81,101,0,2.9752235376707344e-05,0
81,102,0,3.122221480176343e-05,0
81,103,0,3.224724519933794e-05,0
81,104,0,3.2056620728483634e-05,0
81,105,0,3.6358271983338907e-05,0
81,106,0,3.7068602554393206e-05,0
81,107,0,3.8251292329705077e-05,0
81,108,0,3.373001180743444e-05,0
81,109,0,4.319585317409033e-05,0
81,110,0,3.92826353130769e-05,0
81,111,0,4.743662257302788e-05,0
81,112,0,3.933702185800708e-05,0
81,113,0,4.2855318548881e-05,0
81,114,0,3.278522619959874e-05,0
81,115,0,4.513192796647016e-05,0
81,116,0,3.621022006309994e-05,0
81,117,0,3.8251292329705077e-05,0
81,118,0,3.70512266985164e-05,0
81,119,0,6.991979050247583e-05,0
81,120,0,3.51234136294823e-05,0
81,121,0,4.0926420833613163e-05,0
81,122,0,4.1687204374976275e-05,0
81,123,0,5.598181483331314e-05,0
81,124,0,6.0481366630684206e-05,0
81,125,0,4.98115107695313e-05,0
81,126,0,5.196094463837283e-05,0
81,127,0,3.882102279072905e-05,0
81,128,0,4.536195168761775e-05,0
81,129,0,4.673627968559425e-05,0
81,130,0,4.300742862381684e-05,0
81,131,0,3.324169837483504e-05,0
81,132,0,3.2986349431128854e-05,0
81,133,0,3.452651744296826e-05,0
81,134,0,3.7881523273525434e-05,0
81,135,0,4.916691380826502e-05,0
81,136,0,3.571312360456555e-05,0
81,137,0,3.338891378581033e-05,0
81,138,0,3.802976549313957e-05,0
81,139,0,6.500799522053529e-05,0
81,140,0,6.319960774286351e-05,0
81,141,0,5.326488787834748e-05,0
81,142,0,5.006535970828846e-05,0
81,143,0,3.440744139044952e-05,0
81,144,0,3.7322827042127484e-05,0
81,145,0,5.200479365523248e-05,0
81,146,0,4.0366984706088106e-05,0
81,147,0,0.00010014647142332468,0
81,148,0,7.012456125759777e-05,0
81,149,0,5.7598831435460546e-05,0
81,150,0,6.999964234773493e-05,0
81,151,0,8.27741008001125e-05,0
81,152,0,9.224880636419749e-05,0
81,153,0,0.00013361391088038938,0
81,154,0,0.00018397285290749056,0
81,155,0,0.0004320426454764804,0
81,156,0,0.0028493846580986935,0
81,157,0,0.0006953448625154864,0
81,158,0,0.0005180067170039457,0
81,159,0,0.0032458611463018227,0
81,160,0,0.000930138328679981,0
81,161,0,0.00028428767647786877,0
81,162,0,0.0003463838285107417,0
81,163,0,0.0001183687442034756,0
81,164,0,0.0002091343073687442,0
81,165,0,0.00019263336189505057,0
81,166,0,0.0001111356486069289,0
81,167,0,0.00014693119910686873,0
81,168,0,0.0004207485057656334,0
81,169,0,0.0021333290823653075,0
81,170,0,0.030304190176523367,0
81,171,0,0.018646371737426264,0
81,172,0,0.08028790731874184,0
81,173,0,0.1219734320506816,0
81,174,0,0.03553872942555981,0
81,175,0,0.11416550561686815,0
81,176,0,0.018219122122210427,0
81,177,0,0.08214902351631832,0
81,178,0,0.010602187675754278,0
81,179,0,0.06892052520972873,0
81,180,0,0.013638247943251601,0
81,181,0,0.33160547931753614,0
81,182,0,0.10888482673915793,0
81,183,0,0.6199761911476819,1
81,184,0,0.30637559121214936,0
81,185,0,0.6308593511441111,1
81,186,0,0.19023350153447377,0
81,187,0,0.5810014688207895,1
81,188,0,0.7295299351433834,1
81,189,0,0.38544601628541464,1
81,190,0,0.6591187839240943,1
81,191,1,0.621330054482345,1
81,192,1,0.6191772179011368,1
81,193,1,0.838852808550042,1
81,194,1,0.9268178931987953,1
81,195,1,0.9107371227736213,1
81,196,1,0.9058343698275027,1
81,197,1,0.9491225716723293,1
81,198,1,0.9663599870334052,1
81,199,1,0.9897102519621688,1
81,200,1,0.9938778554856383,1
81,201,1,0.9916824466776334,1
81,202,1,0.9950302602127244,1
81,203,1,0.995534553448081,1
81,204,1,0.994932153758734,1
81,205,1,0.9929957977143078,1
81,206,1,0.9980549007676792,1
81,207,1,0.9976834222502048,1
81,208,1,0.998693303845498,1
81,209,1,0.9982948272042445,1
81,210,1,0.9985057453465598,1
81,211,1,0.9982679818248105,1
81,212,1,0.9963183641661116,1
81,213,1,0.9980632737014976,1
82,1,0,4.638563284898872e-05,0
82,2,0,3.8257284576056604e-05,0
82,3,0,3.6066070047485746e-05,0
82,4,0,3.1079889659437494e-05,0
82,5,0,2.8722069620670554e-05,0
82,6,0,3.4188783046752445e-05,0
82,7,0,3.212546324198166e-05,0
82,8,0,3.939530105253238e-05,0
82,9,0,4.387418728531092e-05,0
82,10,0,3.34408256300946e-05,0
82,11,0,3.0072510858598834e-05,0
82,12,0,3.741203135212016e-05,0
82,13,0,4.143830198737933e-05,0
82,14,0,3.696191816250456e-05,0
82,15,0,4.66565400863673e-05,0
82,16,0,4.134835162234808e-05,0
82,17,0,4.5931432590748695e-05,0
82,18,0,4.5931432590748695e-05,0
82,19,0,4.2406777835146425e-05,0
82,20,0,4.123330634143877e-05,0
82,21,0,4.4727236452222155e-05,0
82,22,0,4.293917950755298e-05,0
82,23,0,3.8478290792054946e-05,0
82,24,0,3.5962557837943846e-05,0
82,25,0,3.448731164641696e-05,0
82,26,0,3.3688545777288516e-05,0
82,27,0,2.9715560878743744e-05,0
82,28,0,3.0112139063188054e-05,0
82,29,0,3.122603378404685e-05,0
82,30,0,3.111271218452312e-05,0
82,31,0,3.187324409475656e-05,0
82,32,0,3.0441941288548044e-05,0
82,33,0,3.0848213307771606e-05,0
82,34,0,3.0112139063188054e-05,0
82,35,0,3.569611896868754e-05,0
82,36,0,2.9715560878743744e-05,0
82,37,0,3.6298675441322695e-05,0
82,38,0,2.942416540211247e-05,0
82,39,0,3.2545900077884195e-05,0
82,40,0,2.910538924697355e-05,0
82,41,0,2.910538924697355e-05,0
82,42,0,3.1865913166577586e-05,0
82,43,0,3.397801691740858e-05,0
82,44,0,2.8722069620670554e-05,0
82,45,0,3.465499093811836e-05,0
82,46,0,4.5024603839492833e-05,0
82,47,0,3.267037813058071e-05,0
82,48,0,3.267037813058071e-05,0
82,49,0,3.538150149523889e-05,0
82,50,0,3.4537261458490226e-05,0
82,51,0,3.8597335450056516e-05,0
82,52,0,3.744876421633653e-05,0
82,53,0,3.4627748074898345e-05,0
82,54,0,3.22209783910787e-05,0
82,55,0,3.45167679080623e-05,0
82,56,0,3.265099230603401e-05,0
82,57,0,3.2761302083196714e-05,0
82,58,0,2.910538924697355e-05,0
82,59,0,2.910538924697355e-05,0
82,60,0,3.22911886140995e-05,0
82,61,0,2.981685479429138e-05,0
82,62,0,3.0385225770355524e-05,0
82,63,0,2.910538924697355e-05,0
82,64,0,2.981685479429138e-05,0
82,65,0,3.1950241757257636e-05,0
82,66,0,3.109232144026674e-05,0
82,67,0,3.576919167870544e-05,0
82,68,0,2.9459830369720856e-05,0
82,69,0,3.258729679360622e-05,0
82,70,0,3.152068438591707e-05,0
82,71,0,3.1764687905256564e-05,0
82,72,0,3.132048106708375e-05,0
82,73,0,3.1459891681474126e-05,0
82,74,0,3.362677334561765e-05,0
82,75,0,4.1325844803195486e-05,0
82,76,0,3.4560752438313683e-05,0
82,77,0,3.9995245594658006e-05,0
82,78,0,4.770661161718121e-05,0
82,79,0,3.855354123703904e-05,0
82,80,0,3.7828976111162857e-05,0
82,81,0,4.133473412311418e-05,0
82,82,0,3.389831226257333e-05,0
82,83,0,3.328069478726163e-05,0
82,84,0,3.379096924087709e-05,0
82,85,0,3.380017271047596e-05,0
82,86,0,3.246631496831947e-05,0
82,87,0,3.8359518390210766e-05,0
82,88,0,3.7582443344269784e-05,0
82,89,0,3.465171937462663e-05,0
82,90,0,3.459374103505152e-05,0
82,91,0,3.223411640642928e-05,0
82,92,0,3.4144341421662356e-05,0
82,93,0,3.3022059476634247e-05,0
82,94,0,3.0047669262302003e-05,0
82,95,0,3.476262937968872e-05,0
82,96,0,3.576957046119445e-05,0
82,97,0,2.9296890314270586e-05,0
82,98,0,3.5935731318985635e-05,0
82,99,0,3.358054470332426e-05,0
82,100,0,5.7041972192025395e-05,0
82,101,0,9.673216710663453e-05,0
82,102,0,4.211516232658354e-05,0
82,103,0,6.566684487831281e-05,0
82,104,0,4.2480553705510404e-05,0
82,105,0,5.3747217659919675e-05,0
82,106,0,3.400712776537605e-05,0
82,107,0,4.03688813749794e-05,0
82,108,0,5.206923690280091e-05,0
82,109,0,3.505887012493077e-05,0
82,110,0,5.4414312087070824e-05,0
82,111,0,9.509125745532537e-05,0
82,112,0,0.00013455543363884528,0
82,113,0,4.590095173696618e-05,0
82,114,0,4.378691735744562e-05,0
82,115,0,6.320809251894591e-05,0
82,116,0,3.5610553670970074e-05,0
82,117,0,0.00013009320380587822,0
82,118,0,4.554522483368055e-05,0
82,119,0,5.751843200348562e-05,0
82,120,0,4.022199521362316e-05,0
82,121,0,4.245898047008335e-05,0
82,122,0,5.9786596500922725e-05,0
82,123,0,9.05370523332069e-05,0
82,124,0,5.76698322821747e-05,0
82,125,0,0.00014427612563709582,0
82,126,0,6.018927517733318e-05,0
82,127,0,9.320070616897337e-05,0
82,128,0,4.4002985670820046e-05,0
82,129,0,0.00010929360789437793,0
82,130,0,0.0002081614184036698,0
82,131,0,0.00030639409701734086,0
82,132,0,0.0002273502646357402,0
82,133,0,0.00015619567565670558,0
82,134,0,0.00015379552938849861,0
82,135,0,0.0002321764427762547,0
82,136,0,0.00034542649170978034,0
82,137,0,0.005500386050912329,0
82,138,0,0.028917722926012124,0
82,139,0,0.029550246082899224,0
82,140,0,0.06733717410867933,0
82,141,1,0.22117816043854216,0
82,142,1,0.2036383146833701,0
82,143,1,0.24878833068183853,0
82,144,1,0.13992974125873694,0
82,145,1,0.6341551086614585,1
82,146,1,0.2954164397692377,0
82,147,1,0.326772849909634,0
82,148,1,0.5185911646390724,1
82,149,1,0.5373925168212992,1
82,150,1,0.8571262494326135,1
82,151,1,0.9353704871063032,1
82,152,1,0.9825056457359204,1
82,153,1,0.9708107309112765,1
82,154,1,0.9773830534465321,1
82,155,1,0.9629033907004565,1
82,156,1,0.9705689906055036,1
82,157,1,0.9816067082823706,1
82,158,1,0.9956223767872568,1
82,159,1,0.9945246422704241,1
82,160,1,0.9964107940679982,1
82,161,1,0.997203901274608,1
82,162,1,0.9973586005430574,1
83,1,0,0.0001264083060153322,0
83,2,0,3.4076762690918664e-05,0
83,3,0,3.0047669262302003e-05,0
83,4,0,2.9723763394881614e-05,0
83,5,0,3.0047669262302003e-05,0
83,6,0,2.9938671437948447e-05,0
83,7,0,3.0047669262302003e-05,0
83,8,0,3.0047669262302003e-05,0
83,9,0,3.0047669262302003e-05,0
83,10,0,3.25411564590521e-05,0
83,11,0,3.1429299936999865e-05,0
83,12,0,3.643407338296291e-05,0
83,13,0,2.9330696369349776e-05,0
83,14,0,3.085068671996384e-05,0
83,15,0,3.454017448601608e-05,0
83,16,0,3.0184947179417843e-05,0
83,17,0,2.9330696369349776e-05,0
83,18,0,3.5907324653882825e-05,0
83,19,0,3.393315578488253e-05,0
83,20,0,3.133300908010567e-05,0
83,21,0,3.258966641900276e-05,0
83,22,0,3.80322971033998e-05,0
83,23,0,3.0479512246954768e-05,0
83,24,0,3.0047669262302003e-05,0
83,25,0,3.133300908010567e-05,0
83,26,0,2.9752235376707344e-05,0
83,27,0,3.219757039905436e-05,0
83,28,0,3.25411564590521e-05,0
83,29,0,3.04135849826172e-05,0
83,30,0,3.1429299936999865e-05,0
83,31,0,2.9752235376707344e-05,0
83,32,0,3.219757039905436e-05,0
83,33,0,3.1812040399884535e-05,0
83,34,0,3.5762365773047715e-05,0
83,35,0,3.25411564590521e-05,0
83,36,0,2.9330696369349776e-05,0
83,37,0,3.093566636035267e-05,0
83,38,0,3.145152944343699e-05,0
83,39,0,3.04135849826172e-05,0
83,40,0,2.9330696369349776e-05,0
83,41,0,3.04135849826172e-05,0
83,42,0,2.9651940122769117e-05,0
83,43,0,2.8722069620670554e-05,0
83,44,0,2.8722069620670554e-05,0
83,45,0,3.3724051359669214e-05,0
83,46,0,3.773526972667375e-05,0
83,47,0,3.3670838803820145e-05,0
83,48,0,2.9330696369349776e-05,0
83,49,0,3.1865913166577586e-05,0
83,50,0,2.9143362259064524e-05,0
83,51,0,3.214551121888356e-05,0
83,52,0,3.293128846132298e-05,0
83,53,0,3.9085411813664423e-05,0
83,54,0,3.0305304319046496e-05,0
83,55,0,3.641978616665571e-05,0
83,56,0,4.0316103802012496e-05,0
83,57,0,3.0305304319046496e-05,0
83,58,0,3.0807616443930635e-05,0
83,59,0,2.9676454563848115e-05,0
83,60,0,3.0401879070530398e-05,0
83,61,0,4.0224270270525706e-05,0
83,62,0,3.1529524033535955e-05,0
83,63,0,3.530102872245035e-05,0
83,64,0,3.2820170499477114e-05,0
83,65,0,2.9330696369349776e-05,0
83,66,0,2.9330696369349776e-05,0
83,67,0,3.308754020071567e-05,0
83,68,0,2.9651940122769117e-05,0
83,69,0,3.110496352451805e-05,0
83,70,0,2.8944409521362384e-05,0
83,71,0,3.5562503667857024e-05,0
83,72,0,3.133300908010567e-05,0
83,73,0,3.0047669262302003e-05,0
84,1,0,3.629599586786738e-05,0
84,2,0,4.631512480751872e-05,0
84,3,0,4.638079444278882e-05,0
84,4,0,4.7649026351883746e-05,0
84,5,0,4.484400418969695e-05,0
84,6,0,3.935017911119365e-05,0
84,7,0,3.209892584524056e-05,0
84,8,0,3.258729679360622e-05,0
84,9,0,3.208356442416007e-05,0
84,10,0,2.8944409521362384e-05,0
84,11,0,3.82918660194351e-05,0
84,12,0,3.284608533267943e-05,0
84,13,0,4.149691090783612e-05,0
84,14,0,4.976568545785739e-05,0
84,15,0,4.711574559045515e-05,0
84,16,0,4.2595220181644315e-05,0
84,17,0,4.5332521034924616e-05,0
84,18,0,4.846366897292875e-05,0
84,19,0,3.746532847848617e-05,0
84,20,0,3.697191204935592e-05,0
84,21,0,3.426951717745834e-05,0
84,22,0,3.227341889858291e-05,0
84,23,0,3.513620487427732e-05,0
84,24,0,3.812292615685978e-05,0
84,25,0,3.205539771313692e-05,0
84,26,0,3.9398200807470605e-05,0
84,27,0,3.340268658547436e-05,0
84,28,0,3.902390206767055e-05,0
84,29,0,3.476521992748363e-05,0
84,30,0,2.9642331165215254e-05,0
84,31,0,3.393568452152831e-05,0
84,32,0,3.8484098916466285e-05,0
84,33,0,3.864506545813893e-05,0
84,34,0,3.209245237012819e-05,0
84,35,0,3.925916698071788e-05,0
84,36,0,3.930667320439938e-05,0
84,37,0,3.70758918682389e-05,0
84,38,0,3.54583691627039e-05,0
84,39,0,3.247363856317787e-05,0
84,40,0,3.470659722898842e-05,0
84,41,0,3.3264387883340876e-05,0
84,42,0,3.279308922899637e-05,0
84,43,0,3.279308922899637e-05,0
84,44,0,3.222120696567507e-05,0
84,45,0,3.173847752916639e-05,0
84,46,0,3.403743699569968e-05,0
84,47,0,3.373001180743444e-05,0
84,48,0,4.0821749510490924e-05,0
84,49,0,3.406182128538551e-05,0
84,50,0,3.653630877479169e-05,0
84,51,0,3.9535581238875905e-05,0
84,52,0,3.9535581238875905e-05,0
84,53,0,3.6092970833292846e-05,0
84,54,0,3.181371471163978e-05,0
84,55,0,3.20053444949094e-05,0
84,56,0,2.9330696369349776e-05,0
84,57,0,2.8944409521362384e-05,0
84,58,0,3.674808246389009e-05,0
84,59,0,3.4303458893678035e-05,0
84,60,0,2.8944409521362384e-05,0
84,61,0,4.490707857944088e-05,0
84,62,0,3.828326885433492e-05,0
84,63,0,3.134634626275282e-05,0
84,64,0,3.3919588179182515e-05,0
84,65,0,2.9330696369349776e-05,0
84,66,0,3.133300908010567e-05,0
84,67,0,4.543892452837348e-05,0
84,68,0,3.421618665720904e-05,0
84,69,0,2.9651940122769117e-05,0
84,70,0,2.863239615941719e-05,0
84,71,0,3.209245237012819e-05,0
84,72,0,3.10165624986767e-05,0
84,73,0,3.102909405710851e-05,0
84,74,0,3.142417430391337e-05,0
84,75,0,3.0306961218318988e-05,0
84,76,0,3.0233030788287972e-05,0
84,77,0,2.9651940122769117e-05,0
84,78,0,2.9651940122769117e-05,0
84,79,0,3.4166459223121557e-05,0
84,80,0,3.293334786911338e-05,0
84,81,0,3.049458897896993e-05,0
84,82,0,2.910538924697355e-05,0
84,83,0,3.4275093159629695e-05,0
84,84,0,3.1950241757257636e-05,0
84,85,0,3.190040036885299e-05,0
84,86,0,3.672360751955664e-05,0
84,87,0,4.079157357997228e-05,0
84,88,0,3.602810435958988e-05,0
84,89,0,3.247363856317787e-05,0
84,90,0,3.470659722898842e-05,0
84,91,0,3.317963136708922e-05,0
84,92,0,3.063722211578011e-05,0
84,93,0,3.362243881840247e-05,0
84,94,0,3.0305304319046496e-05,0
84,95,0,4.041053518012666e-05,0
84,96,0,7.267944863396307e-05,0
84,97,0,3.663127893162684e-05,0
84,98,0,4.058403201388968e-05,0
84,99,0,3.952640831768846e-05,0
84,100,0,5.4350619183244925e-05,0
84,101,0,4.2618809556438736e-05,0
84,102,0,5.556928045073984e-05,0
84,103,0,3.564862094059734e-05,0
84,104,0,4.016238270687733e-05,0
84,105,0,3.074084990274678e-05,0
84,106,0,3.366973274350889e-05,0
84,107,0,3.0305304319046496e-05,0
84,108,0,3.932963953472169e-05,0
84,109,0,6.690056977641035e-05,0
84,110,0,3.470158114407592e-05,0
84,111,0,4.051804861469281e-05,0
84,112,0,3.82795782482508e-05,0
84,113,0,6.445389811956452e-05,0
84,114,0,5.3151756490768506e-05,0
84,115,0,8.204971153382947e-05,0
84,116,0,4.643388019878222e-05,0
84,117,0,3.88073925431893e-05,0
84,118,0,3.95767784889327e-05,0
84,119,0,3.914159224311902e-05,0
84,120,0,3.625950337933203e-05,0
84,121,0,4.5167188611922545e-05,0
84,122,0,4.0237634918045556e-05,0
84,123,0,6.474287831430953e-05,0
84,124,0,4.0172483617417916e-05,0
84,125,0,3.803296142891129e-05,0
84,126,0,4.027289007890031e-05,0
84,127,0,3.357283152282585e-05,0
84,128,0,4.546820468033346e-05,0
84,129,0,5.5029990778194565e-05,0
84,130,0,6.401810131032307e-05,0
84,131,0,4.066651953335574e-05,0
84,132,0,5.49787882085447e-05,0
84,133,0,9.209472123101246e-05,0
84,134,0,6.037399399155483e-05,0
84,135,0,4.067152687213881e-05,0
84,136,0,5.0505177949364064e-05,0
84,137,0,7.199184745050346e-05,0
84,138,0,4.652161007871212e-05,0
84,139,0,4.9617115762176466e-05,0
84,140,0,4.804041928287887e-05,0
84,141,0,3.6265163797370374e-05,0
84,142,0,3.145733736943305e-05,0
84,143,0,4.069246896601962e-05,0
84,144,0,8.224605773737086e-05,0
84,145,0,7.179772946718699e-05,0
84,146,0,6.768398304152681e-05,0
84,147,0,4.907085800393627e-05,0
84,148,0,0.0002754777503348926,0
84,149,0,0.0007212430070176766,0
84,150,0,0.00038882221336566724,0
84,151,0,0.0005008021617515961,0
84,152,0,0.0004069397914544734,0
84,153,0,7.823950835904843e-05,0
84,154,0,0.00013684216440891292,0
84,155,0,0.00018310983444183078,0
84,156,0,0.00020618139375747598,0
84,157,0,0.00015586683211980804,0
84,158,0,0.0004130293065017034,0
84,159,0,0.00012457728790711727,0
84,160,0,0.00020878582349344253,0
84,161,0,0.0007076742116064013,0
84,162,0,0.0009662484903799774,0
84,163,0,0.0029761855168012204,0
84,164,0,0.001436741041580066,0
84,165,0,0.0002200564760842604,0
84,166,0,0.0003277836171973689,0
84,167,0,0.00016875866727841658,0
84,168,0,0.00044018696548611875,0
84,169,0,0.0010529705094612402,0
84,170,0,0.00025139999050429883,0
84,171,0,0.0006084399511739658,0
84,172,0,0.00041753212697797135,0
85,1,0,4.17642960849277e-05,0
85,2,0,0.00011003292586869221,0
85,3,0,3.155188373777071e-05,0
85,4,0,3.7957697590864925e-05,0
85,5,0,3.903189112995826e-05,0
85,6,0,4.0857485991120426e-05,0
85,7,0,4.52417141003459e-05,0
85,8,0,4.467816731845394e-05,0
85,9,0,3.8600019145158396e-05,0
85,10,0,4.3979477562633184e-05,0
85,11,0,3.8600019145158396e-05,0
85,12,0,4.528902853989883e-05,0
85,13,0,4.026339771151658e-05,0
85,14,0,3.447844918468374e-05,0
85,15,0,3.926577442019705e-05,0
85,16,0,3.640823093926963e-05,0
85,17,0,3.1206013060778396e-05,0
85,18,0,3.455985895131018e-05,0
85,19,0,3.4135754261074e-05,0
85,20,0,3.219037232940065e-05,0
85,21,0,3.532993084795018e-05,0
85,22,0,4.235614766340146e-05,0
85,23,0,3.471305075776758e-05,0
85,24,0,4.750184486497318e-05,0
85,25,0,4.240388961163699e-05,0
85,26,0,3.146172289816701e-05,0
85,27,0,3.964172943805354e-05,0
85,28,0,3.707758765451769e-05,0
85,29,0,3.330706757117586e-05,0
85,30,0,3.5580824750865965e-05,0
85,31,0,3.950843894063392e-05,0
85,32,0,3.5834576725540354e-05,0
85,33,0,3.4654689105100406e-05,0
85,34,0,4.759349522818255e-05,0
86,1,0,5.375200159656626e-05,0
86,2,0,4.8554900740544736e-05,0
86,3,0,8.972615758472035e-05,0
86,4,0,3.749627832844381e-05,0
86,5,0,4.090339162530326e-05,0
86,6,0,3.808061549781242e-05,0
86,7,0,3.4467999290431714e-05,0
86,8,0,3.328726570233456e-05,0
86,9,0,3.4467999290431714e-05,0
86,10,0,3.2361203956621934e-05,0
86,11,0,3.173847752916639e-05,0
86,12,0,3.134634626275282e-05,0
86,13,0,2.968788116742997e-05,0
86,14,0,2.9330696369349776e-05,0
86,15,0,2.9330696369349776e-05,0
86,16,0,3.118380486475456e-05,0
86,17,0,3.173847752916639e-05,0
86,18,0,3.523727995498407e-05,0
86,19,0,2.968788116742997e-05,0
86,20,0,3.553537293179721e-05,0
86,21,0,2.968788116742997e-05,0
86,22,0,4.748165577637004e-05,0
86,23,0,4.66543227550216e-05,0
86,24,0,3.218521450890447e-05,0
86,25,0,3.130011790705139e-05,0
86,26,0,3.1764687905256564e-05,0
86,27,0,3.492325646619311e-05,0
86,28,0,3.3640985898592586e-05,0
86,29,0,3.4089950267608686e-05,0
86,30,0,3.4463317839523755e-05,0
86,31,0,3.4089950267608686e-05,0
86,32,0,3.837194720072114e-05,0
86,33,0,2.8944409521362384e-05,0
86,34,0,3.4089950267608686e-05,0
86,35,0,3.4199558154367935e-05,0
86,36,0,3.362667242995242e-05,0
86,37,0,3.3679285836397846e-05,0
86,38,0,3.2489820629202063e-05,0
86,39,0,4.032668877192457e-05,0
86,40,0,3.44486544995393e-05,0
86,41,0,3.147778947765216e-05,0
86,42,0,3.431185367883466e-05,0
86,43,0,3.2775126133618914e-05,0
86,44,0,3.02517967932168e-05,0
86,45,0,3.177868493709569e-05,0
86,46,0,3.2124982981196683e-05,0
86,47,0,3.373318621960952e-05,0
86,48,0,3.079901961553453e-05,0
86,49,0,3.643808616531366e-05,0
86,50,0,3.4463174201058863e-05,0
86,51,0,3.621917034811638e-05,0
86,52,0,3.4678141347624275e-05,0
86,53,0,4.017421317619766e-05,0
86,54,0,3.344341647160697e-05,0
86,55,0,3.2799865719171726e-05,0
86,56,0,4.036929917968955e-05,0
86,57,0,3.870559372039409e-05,0
86,58,0,3.6129589365729816e-05,0
86,59,0,3.367249553091262e-05,0
86,60,0,2.910538924697355e-05,0
86,61,0,3.1494675341022085e-05,0
86,62,0,2.981685479429138e-05,0
86,63,0,3.4495597677667226e-05,0
86,64,0,3.224024711236876e-05,0
86,65,0,3.3578967867230984e-05,0
86,66,0,2.910538924697355e-05,0
86,67,0,3.271751334953782e-05,0
86,68,0,4.095862290340487e-05,0
86,69,0,3.526230820539198e-05,0
86,70,0,2.910538924697355e-05,0
86,71,0,2.968788116742997e-05,0
86,72,0,3.188537495794966e-05,0
86,73,0,3.364380936304656e-05,0
86,74,0,3.2775126133618914e-05,0
86,75,0,3.3729598978682885e-05,0
86,76,0,4.9037156387290465e-05,0
86,77,0,4.3023038067901456e-05,0
86,78,0,3.1847607178048354e-05,0
86,79,0,3.139487279506617e-05,0
86,80,0,3.0909074767332386e-05,0
86,81,0,3.200115113672028e-05,0
86,82,0,3.48406293371247e-05,0
86,83,0,3.132158086063752e-05,0
86,84,0,3.4698953960316305e-05,0
86,85,0,3.315892725870506e-05,0
86,86,0,4.374273359395674e-05,0
86,87,0,4.224723833146982e-05,0
86,88,0,4.2340391058890576e-05,0
86,89,0,3.946465808683222e-05,0
86,90,0,3.307132590080879e-05,0
86,91,0,3.309863693778417e-05,0
86,92,0,4.4056458865860503e-05,0
86,93,0,3.263577636862335e-05,0
86,94,0,3.434042314393677e-05,0
86,95,0,4.278713288423536e-05,0
86,96,0,3.457472216291431e-05,0
86,97,0,3.949657754893065e-05,0
86,98,0,3.691749103300527e-05,0
86,99,0,3.350005788695849e-05,0
86,100,0,3.1494675341022085e-05,0
86,101,0,2.873608435534321e-05,0
86,102,0,3.643525462896122e-05,0
86,103,0,3.2219212022967404e-05,0
86,104,0,2.910538924697355e-05,0
86,105,0,3.643525462896122e-05,0
86,106,0,2.942416540211247e-05,0
86,107,0,3.401518077496177e-05,0
86,108,0,3.638497940363771e-05,0
86,109,0,3.3460571694729834e-05,0
86,110,0,4.36184994285825e-05,0
87,1,0,3.133300908010567e-05,0
87,2,0,4.181906609007023e-05,0
87,3,0,3.275527424455319e-05,0
87,4,0,3.2714898130953376e-05,0
87,5,0,2.9782488418079974e-05,0
87,6,0,3.261097607190394e-05,0
87,7,0,3.261097607190394e-05,0
87,8,0,3.25411564590521e-05,0
87,9,0,3.216779664802078e-05,0
87,10,0,3.0848213307771606e-05,0
87,11,0,3.670720768570277e-05,0
87,12,0,3.229206354902939e-05,0
87,13,0,3.0479512246954768e-05,0
87,14,0,3.939575945862292e-05,0
87,15,0,3.3888268602373286e-05,0
87,16,0,4.7356534096326694e-05,0
87,17,0,5.1291089402110376e-05,0
87,18,0,3.0112139063188054e-05,0
87,19,0,3.640258941521627e-05,0
87,20,0,3.361322736238481e-05,0
87,21,0,3.561247087122491e-05,0
87,22,0,4.316087314391894e-05,0
87,23,0,3.7613479622301734e-05,0
87,24,0,3.361322736238481e-05,0
87,25,0,3.406182128538551e-05,0
87,26,0,3.1701896395004556e-05,0
87,27,0,3.305971626894909e-05,0
87,28,0,3.613740960221895e-05,0
87,29,0,3.380017271047596e-05,0
87,30,0,3.335502458224173e-05,0
87,31,0,3.446955677054409e-05,0
87,32,0,3.0305304319046496e-05,0
87,33,0,3.354749498942081e-05,0
87,34,0,3.0674357381719336e-05,0
87,35,0,3.2124982981196683e-05,0
87,36,0,3.1701896395004556e-05,0
87,37,0,3.0674357381719336e-05,0
87,38,0,2.9330696369349776e-05,0
87,39,0,3.173847752916639e-05,0
87,40,0,3.173847752916639e-05,0
87,41,0,3.3881898091431955e-05,0
87,42,0,2.983039525244099e-05,0
87,43,0,4.1385679966167625e-05,0
87,44,0,3.549543770529167e-05,0
87,45,0,3.104610023269171e-05,0
87,46,0,3.2419645815776646e-05,0
87,47,0,3.08216068138248e-05,0
87,48,0,2.9330696369349776e-05,0
87,49,0,2.9330696369349776e-05,0
87,50,0,2.9920774712756482e-05,0
87,51,0,3.282423340011552e-05,0
87,52,0,2.9330696369349776e-05,0
87,53,0,2.8944409521362384e-05,0
87,54,0,3.405080076482975e-05,0
87,55,0,3.25411564590521e-05,0
87,56,0,2.99061822158434e-05,0
88,1,0,0.00012465990243243228,0
88,2,0,0.0002124850419706594,0
88,3,0,5.77121451445639e-05,0
88,4,0,0.00015623914388774289,0
88,5,0,4.410403417214948e-05,0
88,6,0,5.404442699920318e-05,0
88,7,0,5.307576476267366e-05,0
88,8,0,4.697892862064579e-05,0
88,9,0,4.710919920202917e-05,0
88,10,0,4.2458298529496796e-05,0
88,11,0,5.398179008718603e-05,0
88,12,0,5.0859648541457194e-05,0
88,13,0,4.309681772853141e-05,0
88,14,0,5.0908660134095426e-05,0
88,15,0,5.288947492794242e-05,0
88,16,0,6.183576246317333e-05,0
88,17,0,5.102411757260966e-05,0
88,18,0,4.467936912659501e-05,0
88,19,0,3.975082126229091e-05,0
88,20,0,4.3161312864638035e-05,0
88,21,0,4.269371726037135e-05,0
88,22,0,4.659930019013115e-05,0
88,23,0,3.91170958836679e-05,0
88,24,0,4.897355767302292e-05,0
88,25,0,3.878473060288391e-05,0
88,26,0,4.187474178284903e-05,0
88,27,0,4.840481996474977e-05,0
88,28,0,4.4578748990384714e-05,0
88,29,0,6.449226487307344e-05,0
88,30,0,4.14569189447818e-05,0
88,31,0,3.53620917066961e-05,0
88,32,0,3.953288042837523e-05,0
88,33,0,3.344426388877787e-05,0
88,34,0,4.112080346465333e-05,0
88,35,0,3.075260043361504e-05,0
88,36,0,5.400050967081633e-05,0
88,37,0,3.444933880563146e-05,0
88,38,0,3.568552385273248e-05,0
88,39,0,3.6551090463747587e-05,0
88,40,0,0.00012098168176072623,0
88,41,0,8.94810790517234e-05,0
88,42,0,6.457929325431449e-05,0
88,43,0,6.444387594714244e-05,0
88,44,0,5.693768441940086e-05,0
88,45,0,5.4322500720423647e-05,0
88,46,0,4.812274448505321e-05,0
88,47,0,4.799091986137297e-05,0
88,48,0,5.228880840343172e-05,0
88,49,0,6.240377876857706e-05,0
88,50,0,8.381249596393334e-05,0
88,51,0,6.821452694044811e-05,0
88,52,0,6.279880263268445e-05,0
88,53,0,4.155830347564716e-05,0
88,54,0,4.750127379514501e-05,0
88,55,0,4.2754847548069255e-05,0
88,56,0,4.2564617443975046e-05,0
88,57,0,3.9500918492591166e-05,0
88,58,0,7.939961541955157e-05,0
88,59,0,5.3017015586665e-05,0
88,60,0,5.706353419561603e-05,0
88,61,0,0.00010121880976121889,0
88,62,0,0.00012000054226268925,0
88,63,0,9.183864979318562e-05,0
88,64,0,6.705817248921784e-05,0
88,65,0,6.626565844658768e-05,0
88,66,0,4.845056026400705e-05,0
88,67,0,6.180287038755034e-05,0
88,68,0,5.283150197494721e-05,0
89,1,0,4.9149387115731865e-05,0
89,2,0,4.501876620954929e-05,0
89,3,0,0.00011638878645279264,0
89,4,0,3.277950344321383e-05,0
89,5,0,3.389669670956791e-05,0
89,6,0,3.177098714045071e-05,0
89,7,0,3.906671669591593e-05,0
89,8,0,4.744664654372245e-05,0
89,9,0,4.334280951001415e-05,0
89,10,0,4.230861228349406e-05,0
89,11,0,3.987649473247749e-05,0
89,12,0,3.595688333280439e-05,0
89,13,0,3.7908141569318995e-05,0
89,14,0,3.626465052422931e-05,0
89,15,0,3.391841214846344e-05,0
89,16,0,3.3137178506679895e-05,0
89,17,0,3.6939129555182974e-05,0
89,18,0,3.4203199471115506e-05,0
89,19,0,3.2775851354719175e-05,0
89,20,0,3.158236117405212e-05,0
89,21,0,3.3452054411647786e-05,0
89,22,0,3.301149084854824e-05,0
89,23,0,2.9330696369349776e-05,0
89,24,0,2.9330696369349776e-05,0
89,25,0,3.856028383398566e-05,0
89,26,0,3.333784967312963e-05,0
89,27,0,3.297847770735306e-05,0
89,28,0,3.335952499756889e-05,0
89,29,0,3.37657706065604e-05,0
89,30,0,3.03542800968621e-05,0
89,31,0,2.9330696369349776e-05,0
89,32,0,3.1764687905256564e-05,0
89,33,0,3.173847752916639e-05,0
89,34,0,3.173847752916639e-05,0
89,35,0,2.8944409521362384e-05,0
89,36,0,3.403770305852018e-05,0
89,37,0,3.444999961760734e-05,0
89,38,0,3.043696738106428e-05,0
89,39,0,3.3278673206420855e-05,0
89,40,0,3.559898689245913e-05,0
89,41,0,3.9553245170022466e-05,0
89,42,0,3.2514799215360336e-05,0
89,43,0,3.473566358551297e-05,0
89,44,0,3.582724646171705e-05,0
89,45,0,3.792915662866244e-05,0
89,46,0,2.998370053097134e-05,0
89,47,0,3.840230756900522e-05,0
89,48,0,3.1105556175199714e-05,0
89,49,0,2.8791640614555058e-05,0
89,50,0,3.8188617879559794e-05,0
89,51,0,3.410823734391058e-05,0
89,52,0,3.410823734391058e-05,0
89,53,0,3.1079889659437494e-05,0
89,54,0,3.2916371325702365e-05,0
89,55,0,3.348494123191288e-05,0
89,56,0,3.508170554595628e-05,0
89,57,0,3.513398979310362e-05,0
89,58,0,3.21946199086912e-05,0
89,59,0,3.173847752916639e-05,0
89,60,0,3.149082408728606e-05,0
89,61,0,3.351508811394213e-05,0
89,62,0,3.798919412788858e-05,0
89,63,0,3.212153283779362e-05,0
89,64,0,3.403770305852018e-05,0
89,65,0,6.0004813667483254e-05,0
89,66,0,3.926631953434971e-05,0
89,67,0,3.646929842701999e-05,0
89,68,0,3.504860078884089e-05,0
89,69,0,3.164241316632063e-05,0
89,70,0,3.586779852497078e-05,0
89,71,0,3.5589118267363866e-05,0
89,72,0,3.311200951767715e-05,0
89,73,0,3.4720005830818785e-05,0
89,74,0,4.247311344677759e-05,0
89,75,0,4.2489418689132334e-05,0
89,76,0,4.81248877364975e-05,0
89,77,0,4.013521104463348e-05,0
89,78,0,4.634617320731073e-05,0
89,79,0,3.9793842556172804e-05,0
89,80,0,3.0723188400681636e-05,0
89,81,0,3.1187872652392335e-05,0
89,82,0,3.562225350093575e-05,0
89,83,0,3.301364627435377e-05,0
89,84,0,3.25411564590521e-05,0
89,85,0,3.185048990846312e-05,0
89,86,0,3.225276093949994e-05,0
89,87,0,3.245585044785466e-05,0
89,88,0,3.356736681416418e-05,0
89,89,0,3.369012942274692e-05,0
89,90,0,3.219757039905436e-05,0
89,91,0,3.25411564590521e-05,0
89,92,0,3.486945958698286e-05,0
89,93,0,3.1764687905256564e-05,0
89,94,0,2.9330696369349776e-05,0
89,95,0,5.51927211162949e-05,0
89,96,0,4.142143109968846e-05,0
89,97,0,4.883187609036525e-05,0
89,98,0,5.0932591054598974e-05,0
89,99,0,4.5914930982938976e-05,0
89,100,0,4.205200415964276e-05,0
89,101,0,3.372251581451079e-05,0
89,102,0,4.317026871484556e-05,0
89,103,0,0.0001259006122004597,0
89,104,0,5.500069769169121e-05,0
89,105,0,3.883932789034134e-05,0
89,106,0,3.260655192355498e-05,0
89,107,0,3.1526935234452994e-05,0
89,108,0,3.649497560121607e-05,0
89,109,0,3.846116010438394e-05,0
89,110,0,4.273871709962503e-05,0
89,111,0,3.9825181365296776e-05,0
89,112,0,4.135866863738547e-05,0
89,113,0,4.474952871517205e-05,0
89,114,0,4.361909379320349e-05,0
89,115,0,4.8150548907765024e-05,0
89,116,0,3.6244452376878545e-05,0
89,117,0,3.531326419173005e-05,0
89,118,0,3.4379086903770425e-05,0
89,119,0,3.674165709624011e-05,0
89,120,0,3.3081403553569566e-05,0
89,121,0,4.851066244735504e-05,0
89,122,0,3.761996651985382e-05,0
89,123,0,3.3970699450645415e-05,0
89,124,0,3.59825102039845e-05,0
89,125,0,3.079901961553453e-05,0
89,126,0,4.2693425291111694e-05,0
89,127,0,3.079901961553453e-05,0
89,128,0,3.608960978395136e-05,0
89,129,0,4.692641846142676e-05,0
89,130,0,3.291327178191429e-05,0
89,131,0,3.785783927621628e-05,0
89,132,0,4.4359422038387155e-05,0
89,133,0,4.536496192885129e-05,0
89,134,0,3.8775551613888776e-05,0
89,135,0,3.2146603829411704e-05,0
89,136,0,3.2538079208156296e-05,0
89,137,0,3.6189049687968965e-05,0
89,138,0,3.209892584524056e-05,0
89,139,0,3.133300908010567e-05,0
89,140,0,2.998306081433645e-05,0
89,141,0,2.9330696369349776e-05,0
89,142,0,3.212200358842637e-05,0
89,143,0,3.1776632374884013e-05,0
89,144,0,3.7273130198032653e-05,0
89,145,0,4.217356939447962e-05,0
89,146,0,4.171243776358328e-05,0
89,147,0,4.0014988345798906e-05,0
89,148,0,3.779931661600688e-05,0
89,149,0,3.769195280708227e-05,0
89,150,0,4.4671233910610004e-05,0
89,151,0,4.1009813109774586e-05,0
89,152,0,3.759484020763335e-05,0
89,153,0,4.4687437323167575e-05,0
89,154,0,5.0581971702344404e-05,0
89,155,0,4.202711440531739e-05,0
89,156,0,3.602456990979907e-05,0
89,157,0,3.630231831154424e-05,0
89,158,0,4.477164105751255e-05,0
89,159,0,5.121738648745768e-05,0
89,160,0,4.5672487374352945e-05,0
89,161,0,4.1405916647405286e-05,0
89,162,0,3.386567775846486e-05,0
89,163,0,3.560000811034296e-05,0
89,164,0,3.3192437125699085e-05,0
89,165,0,3.892643048392473e-05,0
89,166,0,3.36827144226681e-05,0
89,167,0,3.822411261128874e-05,0
89,168,0,3.527948332986753e-05,0
89,169,0,5.3590371169423505e-05,0
89,170,0,5.801031397336911e-05,0
89,171,0,4.0353611149565096e-05,0
89,172,0,4.0672428193896376e-05,0
89,173,0,4.752746081253264e-05,0
89,174,0,6.0699172482530967e-05,0
89,175,0,4.2805409522844375e-05,0
89,176,0,5.231960669436197e-05,0
89,177,0,4.8278893731230096e-05,0
90,1,0,6.096324734737472e-05,0
90,2,0,5.9363344509452806e-05,0
90,3,0,4.253845943767589e-05,0
90,4,0,3.0821198928889036e-05,0
90,5,0,3.0452148941277652e-05,0
90,6,0,3.865730219894055e-05,0
90,7,0,3.0821198928889036e-05,0
90,8,0,3.2784201394811814e-05,0
90,9,0,3.2784201394811814e-05,0
90,10,0,3.2139626721547006e-05,0
90,11,0,3.292526012580601e-05,0
90,12,0,3.2550219618011275e-05,0
90,13,0,2.910538924697355e-05,0
90,14,0,4.3792322701653184e-05,0
90,15,0,3.805427406649466e-05,0
90,16,0,3.283897225871469e-05,0
90,17,0,3.7072927683832354e-05,0
90,18,0,3.244387686299201e-05,0
90,19,0,3.4904329815299444e-05,0
90,20,0,3.201659057328324e-05,0
90,21,0,3.244387686299201e-05,0
90,22,0,4.064760519992325e-05,0
90,23,0,2.8944409521362384e-05,0
90,24,0,3.1764687905256564e-05,0
90,25,0,2.9651940122769117e-05,0
90,26,0,3.205539771313692e-05,0
90,27,0,3.244387686299201e-05,0
90,28,0,3.0047669262302003e-05,0
90,29,0,3.1633227537148005e-05,0
90,30,0,2.9330696369349776e-05,0
90,31,0,2.968788116742997e-05,0
90,32,0,3.0047669262302003e-05,0
90,33,0,3.166972943613998e-05,0
90,34,0,2.9330696369349776e-05,0
90,35,0,3.0047669262302003e-05,0
90,36,0,2.8944409521362384e-05,0
90,37,0,3.04135849826172e-05,0
90,38,0,3.1714576967134234e-05,0
90,39,0,2.968788116742997e-05,0
90,40,0,2.9330696369349776e-05,0
90,41,0,3.282423340011552e-05,0
90,42,0,2.9330696369349776e-05,0
90,43,0,3.359956206582818e-05,0
90,44,0,4.293015508885657e-05,0
90,45,0,3.7036827332765755e-05,0
90,46,0,4.33949491282612e-05,0
90,47,0,4.0031242688022487e-05,0
90,48,0,3.882788737112559e-05,0
90,49,0,3.279483316462166e-05,0
90,50,0,3.222590302887257e-05,0
90,51,0,3.0074110118289e-05,0
90,52,0,3.222590302887257e-05,0
90,53,0,3.5358691477230844e-05,0
90,54,0,3.726294301549645e-05,0
90,55,0,3.926727719311633e-05,0
90,56,0,3.364234418098044e-05,0
90,57,0,3.4489487903893666e-05,0
90,58,0,3.652220302093363e-05,0
90,59,0,3.483366103008384e-05,0
90,60,0,3.1494675341022085e-05,0
90,61,0,5.2423884049236515e-05,0
90,62,0,4.273919213027028e-05,0
90,63,0,4.081248480669476e-05,0
90,64,0,5.5419690287334724e-05,0
90,65,0,4.3738854165515845e-05,0
90,66,0,3.545591711728419e-05,0
90,67,0,3.746222399133117e-05,0
90,68,0,3.6858721741633606e-05,0
90,69,0,3.275791020567697e-05,0
90,70,0,3.467071168860028e-05,0
90,71,0,3.08840148440049e-05,0
90,72,0,3.749499028786516e-05,0
90,73,0,3.4784323029567096e-05,0
90,74,0,3.367917308948947e-05,0
90,75,0,3.333903230028481e-05,0
90,76,0,5.286563402537591e-05,0
90,77,0,3.7267229504047346e-05,0
90,78,0,4.862452215191709e-05,0
90,79,0,4.92797886012089e-05,0
90,80,0,4.22478927040052e-05,0
90,81,0,4.544583801605696e-05,0
90,82,0,3.46285990201142e-05,0
90,83,0,4.913445234032093e-05,0
90,84,0,4.431636595498683e-05,0
90,85,0,6.0707953736498346e-05,0
90,86,0,3.643881009177417e-05,0
90,87,0,4.114440497770312e-05,0
90,88,0,4.138630913342805e-05,0
90,89,0,3.9244058982226254e-05,0
90,90,0,4.615671292611331e-05,0
90,91,0,5.203146748549152e-05,0
90,92,0,4.705311769571949e-05,0
90,93,0,4.401201582013575e-05,0
90,94,0,4.877905303641603e-05,0
90,95,0,4.848232233807487e-05,0
90,96,0,4.635266500610817e-05,0
90,97,0,6.334242250593367e-05,0
90,98,0,5.78417764812077e-05,0
90,99,0,4.904508873156258e-05,0
90,100,0,4.8869241822984965e-05,0
90,101,0,7.091854330678178e-05,0
90,102,0,4.068352434318824e-05,0
90,103,0,4.318510253437469e-05,0
90,104,0,6.357563980785618e-05,0
90,105,0,5.377576687472264e-05,0
90,106,0,5.483702938851439e-05,0
90,107,0,4.6720771889290603e-05,0
90,108,0,5.668105434264053e-05,0
90,109,0,3.892647825317914e-05,0
90,110,0,4.23912013770347e-05,0
90,111,0,6.346155701565645e-05,0
90,112,0,8.99306715846026e-05,0
90,113,0,0.00023484101927762936,0
90,114,0,0.00013764253349447402,0
90,115,0,0.00018766184299127774,0
90,116,0,0.00013432961975846558,0
90,117,0,0.00024133451503198224,0
90,118,0,0.00013439954049296963,0
90,119,0,0.00020813201050028107,0
90,120,0,0.00011503560345748964,0
90,121,0,0.00022934237621992747,0
90,122,0,0.0004267296009821269,0
90,123,0,0.00019372828267134475,0
90,124,0,0.00026262849731666224,0
90,125,0,0.009861518351037149,0
90,126,0,0.001013646959031982,0
90,127,0,0.005983393741446929,0
90,128,0,0.009058679474227683,0
90,129,0,0.015441638495683464,0
90,130,0,0.013016692519399405,0
90,131,0,0.011643879428524132,0
90,132,0,0.004810383264973969,0
90,133,0,0.0010063544369141762,0
90,134,0,0.0012310637056536793,0
90,135,0,0.0009082215804960227,0
90,136,0,0.005481683053138208,0
90,137,0,0.013252107294632417,0
90,138,0,0.0022395296644467824,0
90,139,0,0.018968703682233558,0
90,140,0,0.06550278938951988,0
90,141,0,0.0093206619152453,0
90,142,0,0.2549374949246681,0
90,143,0,0.04082318603586051,0
90,144,1,0.5568151854822899,1
90,145,1,0.8325084434640028,1
90,146,1,0.6847727215997311,1
91,1,0,7.824962031414382e-05,0
91,2,0,0.00010193820181701648,0
91,3,0,5.5382252326391395e-05,0
91,4,0,4.717937815867663e-05,0
91,5,0,5.2037278687299824e-05,0
91,6,0,5.151013432438383e-05,0
91,7,0,3.939388705016884e-05,0
91,8,0,4.1555428987002955e-05,0
91,9,0,4.49764703774213e-05,0
91,10,0,3.763636517771269e-05,0
91,11,0,4.227895779124235e-05,0
91,12,0,3.993125555257324e-05,0
91,13,0,4.403814887545852e-05,0
91,14,0,3.557118741563938e-05,0
91,15,0,3.3291858349890226e-05,0
91,16,0,4.5672967143487874e-05,0
91,17,0,4.936058015147915e-05,0
91,18,0,3.996980265062807e-05,0
91,19,0,3.937652684641872e-05,0
91,20,0,5.890113478809114e-05,0
91,21,0,4.218440307461342e-05,0
91,22,0,4.721257018598701e-05,0
91,23,0,4.045231988349384e-05,0
91,24,0,4.668731290948791e-05,0
91,25,0,4.540063451690267e-05,0
91,26,0,5.439854088806016e-05,0
91,27,0,6.227540741759857e-05,0
91,28,0,4.392741727895247e-05,0
91,29,0,3.920992623302124e-05,0
91,30,0,3.780109707887698e-05,0
91,31,0,4.0271185984374326e-05,0
91,32,0,5.0142320245899754e-05,0
91,33,0,4.212188472462608e-05,0
91,34,0,5.374853177445648e-05,0
91,35,0,6.369838512424686e-05,0
91,36,0,4.211407043262016e-05,0
91,37,0,5.8672153879309004e-05,0
91,38,0,5.971519478926401e-05,0
91,39,0,6.370291245912343e-05,0
91,40,0,6.747761897112535e-05,0
91,41,0,9.78825572576437e-05,0
91,42,0,4.965269403249699e-05,0
91,43,0,4.960872663279319e-05,0
91,44,0,5.386274982138009e-05,0
91,45,0,7.935083377216702e-05,0
91,46,0,5.4510196012419035e-05,0
91,47,0,8.0279580415084e-05,0
91,48,0,5.9207455675039745e-05,0
91,49,0,4.938704783208231e-05,0
91,50,0,6.280813424271426e-05,0
91,51,0,6.0781921602966006e-05,0
91,52,0,5.7969774992318685e-05,0
91,53,0,5.120255797538098e-05,0
91,54,0,0.0001371672986969475,0
91,55,0,0.00010711761432978622,0
91,56,0,6.484628360404663e-05,0
91,57,0,0.00011554959982001453,0
91,58,0,0.00010801248919875256,0
91,59,0,0.00012624777035697725,0
91,60,0,7.968958847846094e-05,0
91,61,0,9.089350583511954e-05,0
91,62,0,0.00010931351858961984,0
91,63,0,8.426302973480761e-05,0
91,64,0,0.0001309380979924992,0
91,65,0,8.280469684261593e-05,0
91,66,0,7.78966886902811e-05,0
91,67,0,4.950161057357812e-05,0
91,68,0,4.9293564374363016e-05,0
91,69,0,4.545841311578997e-05,0
91,70,0,4.811733605302846e-05,0
91,71,0,4.3993296739320816e-05,0
91,72,0,5.1407842824556577e-05,0
91,73,0,4.541950489293168e-05,0
91,74,0,8.670093477079063e-05,0
91,75,0,9.629428097897599e-05,0
91,76,0,0.00011004692445712985,0
91,77,0,0.0001216443362190333,0
91,78,0,0.0003358396691124281,0
91,79,0,0.00017545013952428745,0
91,80,0,0.0001220135897453798,0
91,81,0,0.0001778778993509455,0
91,82,0,0.00012473273960140015,0
91,83,0,0.00013567067523520765,0
91,84,0,0.00011930161051944856,0
91,85,0,0.00018774207667950196,0
91,86,0,0.00019174986030760742,0
91,87,0,0.00022503088757613204,0
91,88,0,0.00018079179385878586,0
91,89,0,0.0001266222576640406,0
91,90,0,0.00012520539948818226,0
91,91,0,0.00010752423814023416,0
91,92,0,0.00010864478481470098,0
91,93,0,8.08018792151948e-05,0
91,94,0,4.769457818457933e-05,0
91,95,0,4.926624676337011e-05,0
91,96,0,4.1953220034299344e-05,0
91,97,0,4.6781920744211524e-05,0
91,98,0,7.627023815644865e-05,0
91,99,0,7.409808276674667e-05,0
91,100,0,7.071525161726561e-05,0
91,101,0,6.655717281658273e-05,0
91,102,0,7.703028636092697e-05,0
91,103,0,8.584227161931249e-05,0
91,104,0,0.00012069136114120274,0
91,105,0,0.00017210809193060264,0
91,106,0,0.00016020586845964221,0
91,107,0,0.00012055074752563783,0
91,108,0,0.00018365864641941377,0
91,109,0,0.00029211118537105386,0
91,110,0,0.00013309889126151135,0
91,111,0,9.841719870149439e-05,0
91,112,0,0.00010203694219258098,0
91,113,0,7.147988582536012e-05,0
91,114,0,0.00010684692957405582,0
91,115,0,0.00013665782640636865,0
91,116,0,0.00011361643893172421,0
91,117,0,0.000119297734089367,0
91,118,0,6.353713030521013e-05,0
91,119,0,7.712388539062136e-05,0
91,120,0,8.15264810674939e-05,0
91,121,0,9.923477941182782e-05,0
91,122,0,0.00011190798357021366,0
91,123,0,7.809311917860789e-05,0
91,124,0,8.025914468122435e-05,0
91,125,0,0.0001595585118102485,0
91,126,0,0.0003204642305768763,0
91,127,0,0.0002188587669396412,0
91,128,0,0.00015283850271456678,0
91,129,0,0.0003071718500714745,0
91,130,0,0.0001733571501964676,0
91,131,0,0.00017592433705032086,0
91,132,0,0.00010654827348366541,0
91,133,0,0.00015787847830309382,0
91,134,0,8.05802793894749e-05,0
91,135,0,0.00017646766325064131,0
91,136,0,9.30342687277193e-05,0
91,137,0,0.00010296450780118467,0
91,138,0,6.68245187171807e-05,0
91,139,0,7.848263107431021e-05,0
91,140,0,8.48842876841348e-05,0
91,141,0,4.682329244693284e-05,0
91,142,0,7.827053250559666e-05,0
91,143,0,5.867657060155726e-05,0
91,144,0,0.0002088317996016386,0
91,145,0,0.00013312969438725059,0
91,146,0,0.00014687911927116788,0
91,147,0,0.00032964447029288816,0
91,148,0,0.00036350188658122485,0
91,149,0,0.00026957789552804664,0
91,150,0,0.00029786704738393683,0
91,151,0,0.0001631124290922228,0
91,152,0,0.0001648978125641015,0
91,153,0,0.00019297895935035725,0
91,154,0,0.00024206890370535354,0
91,155,0,0.0001521433516018273,0
91,156,0,0.0002107124751606558,0
91,157,0,0.00016324017378787433,0
91,158,0,0.0002994967516280414,0
91,159,0,0.00015269221598950022,0
91,160,0,0.00023812682487804975,0
91,161,0,0.00015324110309176113,0
91,162,0,0.00018671129473664679,0
91,163,0,0.0001317752120051137,0
91,164,0,9.633589364890622e-05,0
91,165,0,0.00018357918431575153,0
91,166,0,0.00017381948299361824,0
91,167,0,0.0011221902812341368,0
91,168,0,0.0004644334001607356,0
91,169,0,0.0034044548572245963,0
91,170,0,0.0005250036295054258,0
91,171,0,0.000241591855982162,0
91,172,0,0.0009472602612488716,0
91,173,0,0.0004348842166768961,0
91,174,0,0.00017504623161266212,0
91,175,0,0.0003540475838410071,0
91,176,0,0.0019696053972107276,0
91,177,0,0.0007868889749370939,0
91,178,0,0.0009743479752589427,0
91,179,0,0.0017286643508779365,0
91,180,0,0.0024257836727327765,0
91,181,0,0.0007455622610383161,0
91,182,0,0.000657072023654337,0
91,183,0,0.002327607495436451,0
91,184,0,0.0012312739474096067,0
91,185,0,0.000979849757835012,0
91,186,0,0.0005205846927969659,0
91,187,0,0.00038796655462946443,0
91,188,0,0.001865583893611051,0
91,189,0,0.00043541788569677597,0
91,190,0,0.000967330563986536,0
91,191,0,0.0005220217942826924,0
91,192,0,0.0006307656864509048,0
91,193,0,0.001422332787116598,0
91,194,0,0.001775718875804535,0
91,195,0,0.002029563276424268,0
91,196,0,0.0014017789926445078,0
91,197,0,0.0018103435393429601,0
91,198,0,0.0018430918522537806,0
91,199,0,0.0007211832123222442,0
91,200,0,0.00026771263890511856,0
91,201,0,0.0005377578185423146,0
91,202,0,0.002223894594252137,0
91,203,0,0.0008239552135988787,0
91,204,0,0.0013278804237025353,0
91,205,0,0.002625228239110547,0
91,206,0,0.0026317499735201834,0
91,207,0,0.006367355533118748,0
91,208,0,0.002519635434762444,0
91,209,0,0.004141146374896534,0
91,210,0,0.02997758001787613,0
91,211,0,0.014574568603784541,0
91,212,0,0.0038507351051150986,0
91,213,0,0.00594513338416211,0
91,214,0,0.029122885459438887,0
91,215,0,0.005503254525691566,0
91,216,0,0.006403840930972096,0
91,217,0,0.004352054321980412,0
91,218,0,0.003175019286257254,0
91,219,0,0.010121455269806089,0
91,220,0,0.015946160459325516,0
91,221,0,0.01336319034019738,0
91,222,0,0.014577452606061261,0
91,223,0,0.016521313635674006,0
91,224,0,0.04355862722443246,0
91,225,0,0.01735475559741419,0
91,226,0,0.09552938415693427,0
91,227,0,0.07019570503337384,0
91,228,0,0.4152521771929025,1
91,229,0,0.8797940095404907,1
91,230,0,0.7553448051446832,1
91,231,0,0.9618797383420822,1
91,232,0,0.915030828828343,1
91,233,0,0.9846033420146549,1
91,234,0,0.9797020741114,1
92,1,0,0.0004996821349639528,0
92,2,0,0.00031772371450385545,0
92,3,0,4.251425735226563e-05,0
92,4,0,4.178044667465238e-05,0
92,5,0,4.033639125359534e-05,0
92,6,0,4.4100975876371074e-05,0
92,7,0,4.5120061078121695e-05,0
92,8,0,4.526668304822837e-05,0
92,9,0,5.093546105153767e-05,0
92,10,0,6.198634208592666e-05,0
92,11,0,5.4908033881251615e-05,0
92,12,0,5.348284960356787e-05,0
92,13,0,4.8894878675565274e-05,0
92,14,0,5.939731252498718e-05,0
92,15,0,4.4177796604158127e-05,0
92,16,0,4.798072611334117e-05,0
92,17,0,5.17635352124373e-05,0
92,18,0,4.95812262885669e-05,0
92,19,0,4.122146458774807e-05,0
92,20,0,3.9728139655610945e-05,0
92,21,0,3.5770782153918494e-05,0
92,22,0,3.5149579336308105e-05,0
92,23,0,3.43228746058771e-05,0
92,24,0,3.24613254428963e-05,0
92,25,0,3.3934498832794425e-05,0
92,26,0,3.5626719852159334e-05,0
92,27,0,3.602553968518322e-05,0
92,28,0,3.1669423976977344e-05,0
92,29,0,3.617578784722198e-05,0
92,30,0,4.091992060608105e-05,0
92,31,0,3.53125959675525e-05,0
92,32,0,3.908832302162202e-05,0
92,33,0,4.2551462818108e-05,0
92,34,0,4.404065339355397e-05,0
92,35,0,3.446296670026205e-05,0
92,36,0,4.133284326460487e-05,0
92,37,0,3.6593898897982884e-05,0
92,38,0,3.377270581698444e-05,0
92,39,0,3.377270581698444e-05,0
92,40,0,3.71697359411741e-05,0
92,41,0,3.432835355752043e-05,0
92,42,0,3.098594199766768e-05,0
92,43,0,3.75252190356909e-05,0
92,44,0,3.202533251452727e-05,0
92,45,0,3.978691751465614e-05,0
92,46,0,5.8118297233428525e-05,0
92,47,0,5.308908703072867e-05,0
92,48,0,5.6381163286931205e-05,0
92,49,0,6.488370290413414e-05,0
92,50,0,5.669407395976843e-05,0
92,51,0,5.815974401729277e-05,0
92,52,0,7.771087496896496e-05,0
92,53,0,0.00020207638843047844,0
92,54,0,6.936412582533208e-05,0
92,55,0,8.688862354009923e-05,0
92,56,0,9.752606692348164e-05,0
92,57,0,7.888941669062566e-05,0
92,58,0,6.060649861424196e-05,0
92,59,0,6.482842383104827e-05,0
92,60,0,7.510404432888818e-05,0
92,61,0,7.150523306997712e-05,0
92,62,0,7.978595117536382e-05,0
92,63,0,7.915773125222109e-05,0
92,64,0,8.365844150979182e-05,0
92,65,0,8.913856449884663e-05,0
92,66,0,5.751427314546358e-05,0
92,67,0,8.24603926344419e-05,0
92,68,0,4.22643314434243e-05,0
92,69,0,6.943273808003719e-05,0
92,70,0,5.4336018999422325e-05,0
92,71,0,4.830627171154537e-05,0
92,72,0,6.286013565144042e-05,0
92,73,0,4.427427356045654e-05,0
92,74,0,5.237171057828462e-05,0
92,75,0,6.0828465954088025e-05,0
92,76,0,5.628139121023125e-05,0
92,77,0,0.00012556340747246864,0
92,78,0,8.861023335620847e-05,0
92,79,0,7.051206903150023e-05,0
92,80,0,7.07988214120793e-05,0
92,81,0,8.440646041706246e-05,0
92,82,0,9.38844094841322e-05,0
92,83,0,0.00012220978829397415,0
92,84,0,0.00011044363445263453,0
92,85,0,0.00023105606402637686,0
92,86,0,0.00042896564566478575,0
92,87,0,0.0002873714037559021,0
92,88,0,8.807241390198886e-05,0
92,89,0,0.00011230643106205242,0
92,90,0,0.0001364357585317892,0
92,91,0,7.833278913614005e-05,0
92,92,0,8.778434964644114e-05,0
92,93,0,7.518354239007297e-05,0
92,94,0,6.556704483203619e-05,0
92,95,0,0.00011248578494652324,0
92,96,0,9.594719487863517e-05,0
92,97,0,0.00012550211516150681,0
92,98,0,0.00012610475310045066,0
92,99,0,0.00012740345163693702,0
92,100,0,0.00011272046127191532,0
92,101,0,0.0008809579831427773,0
92,102,0,0.00033781216792060683,0
92,103,0,0.0003633186319192723,0
92,104,0,0.00038430703887882666,0
92,105,0,0.00030664641702652273,0
92,106,0,0.00017669088219824733,0
92,107,0,0.00019906356790536447,0
92,108,0,0.0002494894736151495,0
92,109,0,0.0004936884378784248,0
92,110,0,0.00019027666399115632,0
92,111,0,0.0006442927988031908,0
92,112,0,0.0008362373880499905,0
92,113,0,0.0009180987268339513,0
92,114,0,0.0008002534601213567,0
92,115,0,0.0008061149480950514,0
92,116,0,0.0009284144549856304,0
92,117,0,0.0004101990007054173,0
92,118,0,0.0009280064740975782,0
92,119,0,0.0016340993021120643,0
92,120,0,0.014483040076390378,0
92,121,0,0.05338762875729271,0
92,122,0,0.005516070309988673,0
92,123,0,0.022060420921152187,0
92,124,0,0.013428844329057705,0
92,125,0,0.005897719987922594,0
92,126,0,0.0029734568334618973,0
92,127,0,0.04072900736866508,0
92,128,0,0.14745733772919997,0
92,129,0,0.0064502720440141655,0
92,130,0,0.01305655217633352,0
92,131,0,0.45153865257461373,1
92,132,0,0.08133839003385693,0
92,133,0,0.06766859639836749,0
92,134,0,0.16669143624955193,0
92,135,0,0.4142423616812591,1
92,136,0,0.6020274828303175,1
92,137,0,0.6971870353658022,1
92,138,0,0.9011324031074784,1
92,139,0,0.6526139780616029,1
92,140,1,0.27322159366401555,0
92,141,1,0.5005822021691158,1
92,142,1,0.586677245279077,1
92,143,1,0.5095785356813338,1
92,144,1,0.1456484669301122,0
92,145,1,0.6330213041183018,1
92,146,1,0.4924542398280809,1
92,147,1,0.8684039982616025,1
92,148,1,0.9188648676690881,1
92,149,1,0.97509844834283,1
92,150,1,0.9664971755399643,1
93,1,0,0.00018798400953581556,0
93,2,0,9.751387216375926e-05,0
93,3,0,0.00026107649593750347,0
93,4,0,0.00011986586813095531,0
93,5,0,6.751425458047567e-05,0
93,6,0,6.132832351279389e-05,0
93,7,0,7.73529130352902e-05,0
93,8,0,7.894301875934479e-05,0
93,9,0,4.69983916638662e-05,0
93,10,0,3.932855618218085e-05,0
93,11,0,3.519112307102882e-05,0
93,12,0,4.0407386206551224e-05,0
93,13,0,3.66094170067007e-05,0
93,14,0,5.519369595279563e-05,0
93,15,0,4.340475534141183e-05,0
93,16,0,4.888506026483075e-05,0
93,17,0,4.08458514580723e-05,0
93,18,0,3.7710815952689214e-05,0
93,19,0,5.151932535881764e-05,0
93,20,0,6.702096826712202e-05,0
93,21,0,8.027331761432932e-05,0
93,22,0,6.435280202718617e-05,0
93,23,0,6.142821934945037e-05,0
93,24,0,4.21486416439321e-05,0
93,25,0,3.848680490184991e-05,0
93,26,0,3.704838390456696e-05,0
93,27,0,3.759515054656182e-05,0
93,28,0,4.649491876984641e-05,0
93,29,0,5.069947659178109e-05,0
93,30,0,4.5598081109851745e-05,0
93,31,0,4.740885421822218e-05,0
93,32,0,4.403427385279389e-05,0
93,33,0,4.405301720708945e-05,0
93,34,0,4.196817938696363e-05,0
93,35,0,3.8768863623001995e-05,0
93,36,0,6.599587066488545e-05,0
93,37,0,4.775176213989834e-05,0
93,38,0,5.938665091239802e-05,0
93,39,0,5.014387120535935e-05,0
93,40,0,6.149553949029191e-05,0
93,41,0,3.440143486095148e-05,0
93,42,0,3.810790519597946e-05,0
93,43,0,4.0260555151414345e-05,0
93,44,0,5.581781189573838e-05,0
93,45,0,4.391432969589691e-05,0
93,46,0,4.114542312291189e-05,0
93,47,0,4.117454246862516e-05,0
93,48,0,3.2887508455900056e-05,0
93,49,0,3.865575511624029e-05,0
93,50,0,3.203147593784296e-05,0
93,51,0,3.579684344010663e-05,0
93,52,0,4.317820976306554e-05,0
93,53,0,4.678014867925989e-05,0
93,54,0,4.292007723576692e-05,0
93,55,0,3.502708866192777e-05,0
93,56,0,3.0895783954500994e-05,0
93,57,0,3.543409089300646e-05,0
93,58,0,3.094146176108598e-05,0
93,59,0,3.924021980626324e-05,0
93,60,0,4.293385978866212e-05,0
93,61,0,4.050326075169295e-05,0
93,62,0,4.062137479095848e-05,0
93,63,0,3.61892918600784e-05,0
93,64,0,3.536794278217788e-05,0
93,65,0,3.552103614756638e-05,0
93,66,0,3.377286388422668e-05,0
93,67,0,4.354769793366984e-05,0
93,68,0,4.1282217168611153e-05,0
93,69,0,4.197257497854782e-05,0
93,70,0,4.005518789878101e-05,0
93,71,0,3.861079403160602e-05,0
93,72,0,5.4853068055027215e-05,0
93,73,0,3.6391797975881944e-05,0
93,74,0,4.679617571957244e-05,0
93,75,0,4.800442497235255e-05,0
93,76,0,8.788494595795453e-05,0
93,77,0,0.0001237319308285564,0
93,78,0,8.740438984950927e-05,0
93,79,0,0.00011439332583131423,0
93,80,0,6.468107316891637e-05,0
93,81,0,5.82354429569814e-05,0
93,82,0,4.6239559341397515e-05,0
93,83,0,4.587047991007149e-05,0
93,84,0,3.733972379079875e-05,0
93,85,0,4.553953981235652e-05,0
93,86,0,4.5863054092159914e-05,0
93,87,0,4.402820127931877e-05,0
93,88,0,5.7527771311221686e-05,0
93,89,0,5.019772297523811e-05,0
93,90,0,4.403653828158629e-05,0
93,91,0,0.00010132226633569179,0
93,92,0,0.0001505662048893325,0
93,93,0,0.00010862311857555304,0
93,94,0,0.00013732144213862452,0
93,95,0,0.00012742582923206086,0
93,96,0,0.00019788500665985693,0
93,97,0,0.00016337177449494194,0
93,98,0,0.00017398590039972007,0
93,99,0,8.357248367524763e-05,0
93,100,0,0.00010107580192933455,0
93,101,0,8.311743224369819e-05,0
93,102,0,7.485305318494288e-05,0
93,103,0,3.5238148563063256e-05,0
93,104,0,5.850778468273145e-05,0
93,105,0,4.824042572250572e-05,0
93,106,0,4.008251227062219e-05,0
93,107,0,3.955340508098849e-05,0
93,108,0,5.221706843479148e-05,0
93,109,0,5.013729905373964e-05,0
93,110,0,4.35993754978989e-05,0
93,111,0,0.00013094118771950108,0
93,112,0,0.00010861207538607451,0
93,113,0,7.824254390570978e-05,0
93,114,0,0.00014896004522886458,0
93,115,0,0.00010269954730896613,0
93,116,0,9.907746728308889e-05,0
93,117,0,0.0001108167880382483,0
93,118,0,0.00014849822488407021,0
93,119,0,9.243446361771115e-05,0
93,120,0,7.700479691347145e-05,0
93,121,0,7.029752875284164e-05,0
93,122,0,5.6963657452732667e-05,0
93,123,0,3.719213557051944e-05,0
93,124,0,4.719466419214216e-05,0
93,125,0,6.607340923449868e-05,0
93,126,0,5.616414879202576e-05,0
93,127,0,7.153615859606898e-05,0
93,128,0,8.933070114264954e-05,0
93,129,0,0.0001771302797893854,0
93,130,0,0.00013211342124041495,0
93,131,0,9.139855403366177e-05,0
93,132,0,0.0001134892545248036,0
93,133,0,0.00017307346240853262,0
93,134,0,0.0001450421948019414,0
93,135,0,0.00013258876735567957,0
93,136,0,7.302243915433065e-05,0
93,137,0,0.00011473176542742245,0
93,138,0,0.000132442113796884,0
93,139,0,0.0001730343547091109,0
93,140,0,0.0001324785998742077,0
93,141,0,8.056831892367351e-05,0
93,142,0,9.056409010967612e-05,0
93,143,0,5.848413097009085e-05,0
93,144,0,5.335017480350417e-05,0
93,145,0,8.597484815290116e-05,0
93,146,0,6.425664130722896e-05,0
93,147,0,9.43717133091574e-05,0
93,148,0,5.736531531625238e-05,0
93,149,0,5.810291450069136e-05,0
93,150,0,5.737608192810905e-05,0
93,151,0,6.670762451869321e-05,0
93,152,0,8.724909258844901e-05,0
93,153,0,5.6453314190392714e-05,0
93,154,0,0.0001053769779743058,0
93,155,0,6.340339802832872e-05,0
93,156,0,6.685215277845654e-05,0
93,157,0,6.688738088348161e-05,0
93,158,0,5.7337039447852106e-05,0
93,159,0,5.518035982707173e-05,0
93,160,0,5.2937479410536475e-05,0
93,161,0,5.299104022370614e-05,0
93,162,0,4.605110839177734e-05,0
93,163,0,4.996759103121684e-05,0
93,164,0,5.3636336086158537e-05,0
93,165,0,6.703776219945853e-05,0
93,166,0,5.2208472373042414e-05,0
93,167,0,0.00012195665162252483,0
93,168,0,0.00023110595560083864,0
93,169,0,6.442446966414272e-05,0
93,170,0,9.293802674592832e-05,0
93,171,0,0.00037855212714743585,0
93,172,0,0.00015219164532898378,0
93,173,0,0.0001226636694374381,0
93,174,0,0.00011587579328252013,0
93,175,0,8.456330298513722e-05,0
93,176,0,5.156381811196886e-05,0
93,177,0,6.419940948121063e-05,0
93,178,0,4.8994959685184564e-05,0
93,179,0,9.337942761518652e-05,0
93,180,0,5.1649353245328015e-05,0
93,181,0,5.348213843542573e-05,0
93,182,0,7.674418540863916e-05,0
93,183,0,5.283697290122557e-05,0
93,184,0,7.046144385601705e-05,0
93,185,0,9.191445134745674e-05,0
93,186,0,0.00033368648957946765,0
93,187,0,0.00019332015940797334,0
93,188,0,0.00021626892444050712,0
93,189,0,0.00024544808966006507,0
93,190,0,0.00014239464150146326,0
93,191,0,0.00020822946947477358,0
93,192,0,0.00018467364931962658,0
93,193,0,0.000852120835256898,0
93,194,0,0.0001748379949909363,0
93,195,0,0.0001908431773983858,0
93,196,0,0.00028831638473333725,0
93,197,0,0.00028487513968102204,0
93,198,0,0.00021239632737797011,0
93,199,0,0.00015646455338679617,0
93,200,0,0.00011471606254693937,0
93,201,0,0.00017511850235480848,0
93,202,0,0.00027949357618537823,0
93,203,0,0.00013411594435277726,0
93,204,0,0.0005035058172789001,0
93,205,0,0.0004038321030095812,0
93,206,0,0.00025980538758655497,0
93,207,0,0.0002482265206434502,0
93,208,0,0.0002154329621971016,0
93,209,0,0.0002335960192473749,0
93,210,0,0.00014055111549209307,0
93,211,0,0.0002346394613872037,0
93,212,0,0.00024502776550815837,0
93,213,0,0.0003698229694182944,0
93,214,0,0.0002954318204210796,0
93,215,0,0.00031370848960643504,0
93,216,0,0.0005799713770520444,0
93,217,0,0.0003737462272606745,0
93,218,0,0.0007104223324902844,0
93,219,0,0.00034299405308191235,0
93,220,0,0.00024945347985884706,0
93,221,0,0.0007002822076874143,0
93,222,0,0.00028792559473973307,0
93,223,0,0.0004032203090640133,0
93,224,0,0.00043888668460331424,0
93,225,0,0.00036341053322398026,0
93,226,0,0.0007020395518791482,0
93,227,0,0.0005135068671949996,0
93,228,0,0.000887404779017652,0
93,229,0,0.0007886493018333071,0
93,230,0,0.000511736084587323,0
93,231,0,0.0006619344079665159,0
93,232,0,0.0012336371343579526,0
93,233,0,0.0012329828424314326,0
93,234,0,0.0036670686468515575,0
93,235,0,0.0012783490650975764,0
93,236,0,0.0021629127711495577,0
93,237,0,0.002527775137122477,0
93,238,0,0.0013196634661359512,0
93,239,0,0.004796732520062651,0
93,240,0,0.001882121994663114,0
93,241,0,0.004569295048399312,0
93,242,0,0.0024086447184912085,0
93,243,0,0.001480247603911989,0
93,244,0,0.0016763009000726919,0
94,1,0,0.00020058814107515473,0
94,2,0,4.2156284110132834e-05,0
94,3,0,6.23384803612913e-05,0
94,4,0,4.372636029198589e-05,0
94,5,0,5.27433518172411e-05,0
94,6,0,3.9230014143489604e-05,0
94,7,0,3.922287269036242e-05,0
94,8,0,3.799129777019981e-05,0
94,9,0,4.125431551769629e-05,0
94,10,0,5.568573706582577e-05,0
94,11,0,4.008147085849585e-05,0
94,12,0,3.946539641125839e-05,0
94,13,0,4.346473793795546e-05,0
94,14,0,3.717439009907675e-05,0
94,15,0,3.66827996057801e-05,0
94,16,0,3.261466828534455e-05,0
94,17,0,3.261466828534455e-05,0
94,18,0,3.377280361312754e-05,0
94,19,0,3.283464025163643e-05,0
94,20,0,2.9330696369349776e-05,0
94,21,0,2.8944409521362384e-05,0
94,22,0,3.0318665350974504e-05,0
94,23,0,3.0047669262302003e-05,0
94,24,0,2.9752235376707344e-05,0
94,25,0,3.486945958698286e-05,0
94,26,0,3.4488051050411056e-05,0
94,27,0,3.449196173508979e-05,0
94,28,0,4.251618187798511e-05,0
94,29,0,3.196066986221024e-05,0
94,30,0,3.304397998571723e-05,0
94,31,0,3.698015895826901e-05,0
94,32,0,3.171516093627931e-05,0
94,33,0,3.0203162567167273e-05,0
94,34,0,3.2383013430000904e-05,0
94,35,0,4.568090008780856e-05,0
94,36,0,3.971867555302233e-05,0
94,37,0,4.950451551454417e-05,0
94,38,0,4.147383497592089e-05,0
94,39,0,3.855561122611443e-05,0
94,40,0,5.098259458494269e-05,0
94,41,0,4.056191392337913e-05,0
94,42,0,3.6340623193686543e-05,0
94,43,0,4.701219854147388e-05,0
94,44,0,3.794683693839129e-05,0
94,45,0,3.0306915958345257e-05,0
94,46,0,3.591963461609139e-05,0
94,47,0,4.4608444057857844e-05,0
94,48,0,3.515680984528688e-05,0
94,49,0,2.9370525170948174e-05,0
94,50,0,3.690279555305339e-05,0
94,51,0,3.314734709560275e-05,0
94,52,0,3.133300908010567e-05,0
94,53,0,3.646608092392219e-05,0
94,54,0,3.3846115785110504e-05,0
94,55,0,4.029148997203888e-05,0
94,56,0,4.20452701222159e-05,0
94,57,0,5.015091236621064e-05,0
94,58,0,3.468033787065595e-05,0
94,59,0,3.4304619234843925e-05,0
94,60,0,3.485296707748603e-05,0
94,61,0,3.4304619234843925e-05,0
94,62,0,3.6181432235454735e-05,0
94,63,0,3.8723803457278175e-05,0
94,64,0,3.298574060279373e-05,0
94,65,0,3.831533569456377e-05,0
94,66,0,3.302069634805984e-05,0
94,67,0,3.6821368931407836e-05,0
94,68,0,3.9003631382703606e-05,0
94,69,0,3.284868616620656e-05,0
94,70,0,3.305765018261218e-05,0
94,71,0,3.063473127134324e-05,0
94,72,0,4.71827196037593e-05,0
94,73,0,4.1540812237059314e-05,0
94,74,0,3.858768357071133e-05,0
94,75,0,3.734328779704315e-05,0
94,76,0,3.951929084469548e-05,0
94,77,0,3.801364611093821e-05,0
94,78,0,5.3510507817712266e-05,0
94,79,0,4.1828335984647845e-05,0
94,80,0,5.838575718051685e-05,0
94,81,0,6.98652031309792e-05,0
94,82,0,9.241391672272904e-05,0
94,83,0,8.323290693489287e-05,0
94,84,0,6.187125013526229e-05,0
94,85,0,6.463239381419614e-05,0
94,86,0,4.256815627107963e-05,0
94,87,0,4.4091919086501406e-05,0
94,88,0,4.574468267035606e-05,0
94,89,0,5.013559711942191e-05,0
94,90,0,4.4407496853687374e-05,0
94,91,0,3.864130168583184e-05,0
94,92,0,5.2696563723621356e-05,0
94,93,0,8.996873052567648e-05,0
94,94,0,7.779639011874879e-05,0
94,95,0,0.00014117951539708307,0
94,96,0,0.00011692104950803122,0
94,97,0,7.340449888392754e-05,0
94,98,0,7.314168445156632e-05,0
94,99,0,5.363440855185026e-05,0
94,100,0,7.550851201893177e-05,0
94,101,0,7.316743011180504e-05,0
94,102,0,8.615188314936922e-05,0
94,103,0,6.049422272159479e-05,0
94,104,0,0.00018934895347307818,0
94,105,0,0.00032893538742399955,0
94,106,0,0.0002065080519687012,0
94,107,0,0.0002489795839273281,0
94,108,0,0.0005442761885774088,0
94,109,0,0.00022220894472212168,0
94,110,0,0.0012496822324742469,0
94,111,0,0.0006686432678944089,0
94,112,0,0.000828560126466115,0
94,113,0,0.0002533828278271008,0
94,114,0,0.0002839381146924525,0
94,115,0,0.00015334517681242878,0
94,116,0,0.00018266845148487326,0
94,117,0,0.00019199545654195534,0
94,118,0,0.0005283950997174343,0
94,119,0,0.00017174397186754691,0
94,120,0,0.00025411473807597344,0
94,121,0,0.0004848872085486133,0
94,122,0,0.0005430172889905425,0
94,123,0,0.00040783554033259437,0
94,124,0,0.0002885979293756162,0
94,125,0,0.00011879514451656247,0
94,126,0,0.00036120255634178327,0
94,127,0,0.00012038375257012045,0
94,128,0,0.00030435058643563307,0
94,129,0,0.00017637370954121754,0
94,130,0,0.0002731118696916672,0
94,131,0,0.0007841872160285249,0
94,132,0,0.0006266756966044671,0
94,133,0,0.00794224753307618,0
95,1,0,3.133300908010567e-05,0
95,2,0,3.44486544995393e-05,0
95,3,0,3.3831715041356896e-05,0
95,4,0,3.7688027902270415e-05,0
95,5,0,2.8944409521362384e-05,0
95,6,0,3.8493318442185434e-05,0
95,7,0,3.2547609670222807e-05,0
95,8,0,3.211895726194457e-05,0
95,9,0,3.0047669262302003e-05,0
95,10,0,3.212200358842637e-05,0
95,11,0,2.9330696369349776e-05,0
95,12,0,3.0047669262302003e-05,0
95,13,0,3.476262937968872e-05,0
95,14,0,3.133300908010567e-05,0
95,15,0,3.0479512246954768e-05,0
95,16,0,3.133300908010567e-05,0
95,17,0,3.1429299936999865e-05,0
95,18,0,2.9752235376707344e-05,0
95,19,0,3.219757039905436e-05,0
95,20,0,3.133300908010567e-05,0
95,21,0,3.304754161154377e-05,0
95,22,0,3.209892584524056e-05,0
95,23,0,3.1764687905256564e-05,0
95,24,0,2.981685479429138e-05,0
95,25,0,3.22911886140995e-05,0
95,26,0,4.008201698065635e-05,0
95,27,0,3.1429299936999865e-05,0
95,28,0,3.0479512246954768e-05,0
95,29,0,3.25411564590521e-05,0
95,30,0,4.753882533547183e-05,0
95,31,0,4.10634692754214e-05,0
95,32,0,3.393568452152831e-05,0
95,33,0,3.4034356335384004e-05,0
95,34,0,3.244387686299201e-05,0
95,35,0,3.513620487427732e-05,0
95,36,0,3.283897225871469e-05,0
95,37,0,2.9330696369349776e-05,0
95,38,0,3.0047669262302003e-05,0
95,39,0,3.3831715041356896e-05,0
95,40,0,3.283897225871469e-05,0
95,41,0,2.8944409521362384e-05,0
95,42,0,2.968788116742997e-05,0
95,43,0,2.9330696369349776e-05,0
95,44,0,2.9651940122769117e-05,0
95,45,0,2.9330696369349776e-05,0
95,46,0,2.9330696369349776e-05,0
95,47,0,3.6706126290483195e-05,0
95,48,0,3.109627315828883e-05,0
95,49,0,3.209892584524056e-05,0
95,50,0,3.2112589036912786e-05,0
95,51,0,3.134634626275282e-05,0
95,52,0,3.0047669262302003e-05,0
95,53,0,4.393771403243975e-05,0
95,54,0,2.9651940122769117e-05,0
95,55,0,2.9651940122769117e-05,0
95,56,0,3.0047669262302003e-05,0
95,57,0,3.063722211578011e-05,0
95,58,0,3.212546324198166e-05,0
95,59,0,3.0401879070530398e-05,0
95,60,0,2.8722069620670554e-05,0
95,61,0,3.185235492665295e-05,0
95,62,0,3.279368405067761e-05,0
95,63,0,3.210786584085542e-05,0
95,64,0,4.052100954537399e-05,0
95,65,0,3.109232144026674e-05,0
95,66,0,2.910538924697355e-05,0
95,67,0,3.1105556175199714e-05,0
95,68,0,3.212200358842637e-05,0
95,69,0,3.4065765289876914e-05,0
95,70,0,3.5150663977309644e-05,0
95,71,0,3.0807616443930635e-05,0
95,72,0,3.213913772916846e-05,0
95,73,0,3.643407338296291e-05,0
95,74,0,3.209892584524056e-05,0
95,75,0,3.0047669262302003e-05,0
95,76,0,3.2547609670222807e-05,0
95,77,0,4.0192920201876135e-05,0
95,78,0,3.4479077669090004e-05,0
95,79,0,3.833702146514678e-05,0
95,80,0,3.716913853860979e-05,0
95,81,0,3.8978619421191455e-05,0
95,82,0,3.1526935234452994e-05,0
95,83,0,3.1111724702463615e-05,0
95,84,0,3.17835938705912e-05,0
95,85,0,3.105119203056303e-05,0
95,86,0,3.807863889116952e-05,0
95,87,0,3.929907954757434e-05,0
95,88,0,3.450268441502418e-05,0
95,89,0,3.1950241757257636e-05,0
96,1,0,3.4254985058719165e-05,0
96,2,0,3.426951717745834e-05,0
96,3,0,3.133300908010567e-05,0
96,4,0,3.429781767351876e-05,0
96,5,0,3.219757039905436e-05,0
96,6,0,2.9459830369720856e-05,0
96,7,0,3.011455345866628e-05,0
96,8,0,2.9330696369349776e-05,0
96,9,0,3.1764687905256564e-05,0
96,10,0,3.1429299936999865e-05,0
96,11,0,3.134634626275282e-05,0
96,12,0,3.276523740651112e-05,0
96,13,0,3.340813093614242e-05,0
96,14,0,3.0208098268203988e-05,0
96,15,0,3.261097607190394e-05,0
96,16,0,3.340813093614242e-05,0
96,17,0,3.4703844769441956e-05,0
96,18,0,3.5864757190695155e-05,0
96,19,0,3.134634626275282e-05,0
96,20,0,2.9330696369349776e-05,0
96,21,0,3.626329791112112e-05,0
96,22,0,3.4703844769441956e-05,0
96,23,0,3.134634626275282e-05,0
96,24,0,2.9330696369349776e-05,0
96,25,0,3.0047669262302003e-05,0
96,26,0,2.9330696369349776e-05,0
96,27,0,2.910538924697355e-05,0
96,28,0,3.134634626275282e-05,0
96,29,0,3.297963130060671e-05,0
96,30,0,3.558479408263243e-05,0
96,31,0,3.196336889470406e-05,0
96,32,0,3.0305304319046496e-05,0
96,33,0,3.063722211578011e-05,0
96,34,0,3.209892584524056e-05,0
96,35,0,3.472085439977979e-05,0
96,36,0,3.0047669262302003e-05,0
96,37,0,3.0047669262302003e-05,0
96,38,0,3.0620439905206095e-05,0
96,39,0,3.0047669262302003e-05,0
96,40,0,2.9651940122769117e-05,0
96,41,0,3.052738440004526e-05,0
96,42,0,3.5786895887206874e-05,0
96,43,0,4.662885872345468e-05,0
96,44,0,3.38280856250065e-05,0
96,45,0,3.357892963742349e-05,0
96,46,0,3.1199987732618126e-05,0
96,47,0,3.123598972746401e-05,0
96,48,0,3.15781005020289e-05,0
96,49,0,3.41985852425467e-05,0
96,50,0,3.971386787217071e-05,0
96,51,0,4.7983191850747824e-05,0
96,52,0,3.99332134690424e-05,0
96,53,0,3.730720732756765e-05,0
96,54,0,3.4470152219867794e-05,0
96,55,0,3.182254846884254e-05,0
96,56,0,3.558031976238574e-05,0
96,57,0,3.940074904925611e-05,0
96,58,0,3.49301820532434e-05,0
96,59,0,3.381580897571715e-05,0
96,60,0,3.182254846884254e-05,0
96,61,0,3.1063226176412726e-05,0
96,62,0,3.3715289784042165e-05,0
96,63,0,3.0047669262302003e-05,0
96,64,0,3.25411564590521e-05,0
96,65,0,3.222379994943866e-05,0
96,66,0,3.3452054411647786e-05,0
96,67,0,3.0941057278130495e-05,0
96,68,0,3.349346921113802e-05,0
96,69,0,3.344793838427341e-05,0
96,70,0,3.0072510858598834e-05,0
96,71,0,2.910538924697355e-05,0
96,72,0,2.942416540211247e-05,0
96,73,0,2.981685479429138e-05,0
96,74,0,3.25411564590521e-05,0
96,75,0,3.429781767351876e-05,0
96,76,0,3.9286260705156996e-05,0
96,77,0,4.2238726021924774e-05,0
96,78,0,3.212488380635406e-05,0
96,79,0,3.292569585477893e-05,0
96,80,0,3.292569585477893e-05,0
96,81,0,3.104610023269171e-05,0
96,82,0,3.104610023269171e-05,0
96,83,0,3.104610023269171e-05,0
96,84,0,3.322819569601089e-05,0
96,85,0,3.361697168651238e-05,0
96,86,0,3.104610023269171e-05,0
96,87,0,3.104610023269171e-05,0
96,88,0,3.3228477239934875e-05,0
96,89,0,3.104610023269171e-05,0
96,90,0,4.2651146151054836e-05,0
96,91,0,4.135568589806895e-05,0
96,92,0,4.2852277788050404e-05,0
96,93,0,3.9286260705156996e-05,0
96,94,0,4.104420567781896e-05,0
96,95,0,4.2728505906259954e-05,0
96,96,0,3.0280377274403024e-05,0
96,97,0,3.209892584524056e-05,0
97,1,0,3.133300908010567e-05,0
97,2,0,4.510170750060367e-05,0
97,3,0,3.4811299848765394e-05,0
97,4,0,3.133300908010567e-05,0
97,5,0,3.2489820629202063e-05,0
97,6,0,3.3055391221811424e-05,0
97,7,0,3.78024746329903e-05,0
97,8,0,3.247363856317787e-05,0
97,9,0,3.219757039905436e-05,0
97,10,0,3.5377360819046994e-05,0
97,11,0,3.133300908010567e-05,0
97,12,0,3.0047669262302003e-05,0
97,13,0,3.001303686142706e-05,0
97,14,0,3.0047669262302003e-05,0
97,15,0,3.0047669262302003e-05,0
97,16,0,4.224398180116005e-05,0
97,17,0,3.280869754559665e-05,0
97,18,0,3.0047669262302003e-05,0
97,19,0,3.209892584524056e-05,0
97,20,0,3.133300908010567e-05,0
97,21,0,3.315705589131e-05,0
97,22,0,3.5939775973760355e-05,0
97,23,0,3.476262937968872e-05,0
97,24,0,3.134634626275282e-05,0
97,25,0,3.133300908010567e-05,0
97,26,0,3.713429057329903e-05,0
97,27,0,2.988980043644362e-05,0
97,28,0,3.732278957430908e-05,0
97,29,0,2.9296890314270586e-05,0
97,30,0,4.548376487667835e-05,0
97,31,0,3.3657646153689046e-05,0
97,32,0,3.7307341100966354e-05,0
97,33,0,3.18611204187831e-05,0
97,34,0,3.147778947765216e-05,0
97,35,0,3.224724519933794e-05,0
97,36,0,3.193018539293478e-05,0
97,37,0,4.730991915883308e-05,0
97,38,0,3.104610023269171e-05,0
97,39,0,3.1764687905256564e-05,0
97,40,0,2.9330696369349776e-05,0
97,41,0,3.391841214846344e-05,0
97,42,0,7.884463239436087e-05,0
97,43,0,4.578184383243474e-05,0
97,44,0,3.661428462126779e-05,0
97,45,0,4.433616463412565e-05,0
97,46,0,4.433616463412565e-05,0
97,47,0,4.270062307290401e-05,0
97,48,0,4.7414990330842794e-05,0
97,49,0,4.674524455007501e-05,0
97,50,0,4.6465547488494776e-05,0
97,51,0,5.2547940117207616e-05,0
97,52,0,4.666419027756573e-05,0
97,53,0,4.467936912659501e-05,0
97,54,0,4.3038900643049415e-05,0
97,55,0,4.467936912659501e-05,0
97,56,0,4.6701122274091106e-05,0
97,57,0,4.361328181319795e-05,0
97,58,0,4.129279640474035e-05,0
97,59,0,4.6633870660749415e-05,0
97,60,0,4.319147022830757e-05,0
97,61,0,4.68666735442771e-05,0
97,62,0,3.8618955968882724e-05,0
97,63,0,3.328726570233456e-05,0
97,64,0,3.0828769847662144e-05,0
97,65,0,3.86336797968426e-05,0
97,66,0,3.4209982269454195e-05,0
97,67,0,3.4203199471115506e-05,0
97,68,0,3.575265465445431e-05,0
97,69,0,3.156184052392664e-05,0
97,70,0,3.156184052392664e-05,0
97,71,0,4.073723430880764e-05,0
97,72,0,3.1764687905256564e-05,0
97,73,0,3.059195545337003e-05,0
97,74,0,3.313060840563044e-05,0
97,75,0,3.350174222464073e-05,0
97,76,0,2.981685479429138e-05,0
97,77,0,3.1950241757257636e-05,0
97,78,0,3.339559893481984e-05,0
97,79,0,3.22911886140995e-05,0
97,80,0,3.0245380630013906e-05,0
97,81,0,2.910538924697355e-05,0
97,82,0,3.6259563639406035e-05,0
97,83,0,3.185235492665295e-05,0
97,84,0,3.0056037971707713e-05,0
97,85,0,2.8722069620670554e-05,0
97,86,0,3.155155236515078e-05,0
97,87,0,2.942416540211247e-05,0
97,88,0,3.0056037971707713e-05,0
97,89,0,3.1764687905256564e-05,0
97,90,0,3.0047669262302003e-05,0
97,91,0,2.9330696369349776e-05,0
97,92,0,3.25411564590521e-05,0
97,93,0,3.0047669262302003e-05,0
97,94,0,3.800247958647341e-05,0
97,95,0,3.134634626275282e-05,0
97,96,0,3.674374338277879e-05,0
97,97,0,3.133300908010567e-05,0
97,98,0,3.6604505569197106e-05,0
97,99,0,3.1252638359689495e-05,0
97,100,0,3.25411564590521e-05,0
97,101,0,3.04135849826172e-05,0
97,102,0,3.244387686299201e-05,0
97,103,0,3.2112589036912786e-05,0
97,104,0,3.0047669262302003e-05,0
97,105,0,3.04135849826172e-05,0
97,106,0,3.001303686142706e-05,0
97,107,0,3.1812040399884535e-05,0
97,108,0,2.8944409521362384e-05,0
97,109,0,3.0288703918220634e-05,0
97,110,0,3.258966641900276e-05,0
97,111,0,3.672633624464196e-05,0
97,112,0,3.219757039905436e-05,0
97,113,0,3.803396119503507e-05,0
97,114,0,3.283955675278253e-05,0
97,115,0,2.9330696369349776e-05,0
97,116,0,4.427752902563969e-05,0
97,117,0,3.526084820737934e-05,0
97,118,0,3.0479512246954768e-05,0
97,119,0,3.205136887255945e-05,0
97,120,0,3.1764687905256564e-05,0
97,121,0,3.47506645937233e-05,0
97,122,0,3.8486030946097055e-05,0
97,123,0,2.9752235376707344e-05,0
97,124,0,3.486945958698286e-05,0
97,125,0,2.9870046847028078e-05,0
97,126,0,3.1380271176211594e-05,0
97,127,0,3.792103631324219e-05,0
97,128,0,2.9092553878806208e-05,0
97,129,0,4.65749857575302e-05,0
97,130,0,4.861537642489194e-05,0
97,131,0,3.378913467036691e-05,0
97,132,0,3.1562963102742706e-05,0
97,133,0,3.537341555847244e-05,0
97,134,0,3.894007056103307e-05,0
98,1,0,0.00011801451688550278,0
98,2,0,0.00013792033098763203,0
98,3,0,4.879363845579989e-05,0
98,4,0,3.291557158561382e-05,0
98,5,0,3.8993254117402614e-05,0
98,6,0,3.1136344643594426e-05,0
98,7,0,3.100167465788618e-05,0
98,8,0,3.1950241757257636e-05,0
98,9,0,3.1187872652392335e-05,0
98,10,0,3.4583059951699676e-05,0
98,11,0,3.22911886140995e-05,0
98,12,0,2.886907602258728e-05,0
98,13,0,2.981685479429138e-05,0
98,14,0,3.1950241757257636e-05,0
98,15,0,2.910538924697355e-05,0
98,16,0,2.942416540211247e-05,0
98,17,0,4.169565348732428e-05,0
98,18,0,3.432824359752158e-05,0
98,19,0,3.173797993998659e-05,0
98,20,0,3.652225171149474e-05,0
98,21,0,3.5360628483688215e-05,0
98,22,0,3.7569089660537315e-05,0
98,23,0,3.622499444231635e-05,0
98,24,0,3.947603558026507e-05,0
98,25,0,4.6471379885549256e-05,0
98,26,0,3.0927012689632335e-05,0
98,27,0,3.2428826869662586e-05,0
98,28,0,3.800868498166599e-05,0
98,29,0,3.509195551854913e-05,0
98,30,0,3.275791020567697e-05,0
98,31,0,3.509195551854913e-05,0
98,32,0,2.8722069620670554e-05,0
98,33,0,2.942416540211247e-05,0
98,34,0,3.267303505311958e-05,0
98,35,0,3.564171888283493e-05,0
98,36,0,3.622804216333571e-05,0
98,37,0,2.9651940122769117e-05,0
98,38,0,3.1764687905256564e-05,0
98,39,0,2.9330696369349776e-05,0
98,40,0,2.968788116742997e-05,0
98,41,0,3.423597850414783e-05,0
98,42,0,2.99061822158434e-05,0
98,43,0,3.0037849826608753e-05,0
98,44,0,3.0807616443930635e-05,0
98,45,0,3.564182018413023e-05,0
98,46,0,2.9523690249498077e-05,0
98,47,0,3.449390045436069e-05,0
98,48,0,3.897333998506877e-05,0
98,49,0,3.0047669262302003e-05,0
98,50,0,3.490350210788221e-05,0
98,51,0,3.152153844456952e-05,0
98,52,0,3.33115232109966e-05,0
98,53,0,3.230585268274966e-05,0
98,54,0,3.258966641900276e-05,0
98,55,0,3.0047669262302003e-05,0
98,56,0,3.1429299936999865e-05,0
98,57,0,3.219757039905436e-05,0
98,58,0,3.298792413087065e-05,0
98,59,0,3.126457242664959e-05,0
98,60,0,3.982226363650477e-05,0
98,61,0,5.5905877522191875e-05,0
98,62,0,3.050471085403138e-05,0
98,63,0,3.3831626967225934e-05,0
98,64,0,3.413646531584729e-05,0
98,65,0,3.283955675278253e-05,0
98,66,0,3.682691145957879e-05,0
98,67,0,3.364229894047084e-05,0
98,68,0,2.983039525244099e-05,0
98,69,0,3.104610023269171e-05,0
98,70,0,3.33793165944135e-05,0
98,71,0,4.0580933469537556e-05,0
98,72,0,3.4937644081635595e-05,0
98,73,0,3.231368263082039e-05,0
98,74,0,3.245532594735625e-05,0
98,75,0,3.104610023269171e-05,0
98,76,0,3.310828880243704e-05,0
98,77,0,3.2041010528892374e-05,0
98,78,0,2.8944409521362384e-05,0
98,79,0,3.8408300190695e-05,0
98,80,0,5.171930869271796e-05,0
98,81,0,3.484249567733642e-05,0
98,82,0,2.9494821796707584e-05,0
98,83,0,3.5558320659060896e-05,0
98,84,0,3.3354855075575544e-05,0
98,85,0,3.5599031370720037e-05,0
98,86,0,4.549400783658683e-05,0
98,87,0,4.834238729645963e-05,0
98,88,0,3.5506693507825584e-05,0
98,89,0,4.037236154782031e-05,0
98,90,0,3.735786754788896e-05,0
98,91,0,3.93212041326973e-05,0
98,92,0,3.42530796742221e-05,0
98,93,0,3.865043170889282e-05,0
98,94,0,3.109232144026674e-05,0
98,95,0,3.317689772268485e-05,0
98,96,0,2.9578423638797135e-05,0
98,97,0,3.2238980948110174e-05,0
98,98,0,3.0805538078959604e-05,0
98,99,0,3.096630092334096e-05,0
98,100,0,3.635976790010526e-05,0
98,101,0,6.934108682951165e-05,0
98,102,0,3.773155434982069e-05,0
98,103,0,6.261532340882305e-05,0
98,104,0,0.00016920136844217836,0
98,105,0,8.914680275885574e-05,0
98,106,0,3.4364237574707254e-05,0
98,107,0,9.665765499842069e-05,0
98,108,0,0.0001060561608125277,0
98,109,0,0.0004452318973917537,0
98,110,0,0.0002052093061449639,0
98,111,0,8.636006362365496e-05,0
98,112,0,0.0006399939858848841,0
98,113,0,0.0011345955735286844,0
98,114,0,5.617013374648122e-05,0
98,115,0,0.00011476146886282955,0
98,116,0,5.080809522293397e-05,0
98,117,0,6.206022536381828e-05,0
98,118,0,9.889196327685658e-05,0
98,119,0,0.0003407636419268761,0
98,120,0,0.0005450472511604152,0
98,121,0,0.00025404326269187137,0
99,1,0,4.242894739897146e-05,0
99,2,0,3.552143811834919e-05,0
99,3,0,3.25411564590521e-05,0
99,4,0,3.834885255806737e-05,0
99,5,0,3.9286260705156996e-05,0
99,6,0,3.346494912181711e-05,0
99,7,0,3.104610023269171e-05,0
99,8,0,2.99061822158434e-05,0
99,9,0,3.389214838213508e-05,0
99,10,0,3.0305304319046496e-05,0
99,11,0,2.9920774712756482e-05,0
99,12,0,3.3165514187720124e-05,0
99,13,0,3.063722211578011e-05,0
99,14,0,3.0305304319046496e-05,0
99,15,0,3.0305304319046496e-05,0
99,16,0,3.255369710956059e-05,0
99,17,0,3.063722211578011e-05,0
99,18,0,3.063722211578011e-05,0
99,19,0,2.99061822158434e-05,0
99,20,0,3.591631393456547e-05,0
99,21,0,3.104610023269171e-05,0
99,22,0,3.2387928578085125e-05,0
99,23,0,3.206013499419822e-05,0
99,24,0,3.063722211578011e-05,0
99,25,0,3.0305304319046496e-05,0
99,26,0,3.063722211578011e-05,0
99,27,0,2.9330696369349776e-05,0
99,28,0,3.0047669262302003e-05,0
99,29,0,3.127183840380409e-05,0
99,30,0,3.158236117405212e-05,0
99,31,0,4.6971808142613994e-05,0
99,32,0,3.310094226141996e-05,0
99,33,0,3.926431105159575e-05,0
99,34,0,2.981685479429138e-05,0
99,35,0,3.152068438591707e-05,0
99,36,0,3.130363657862682e-05,0
99,37,0,3.016944287853697e-05,0
99,38,0,2.981685479429138e-05,0
99,39,0,3.205769228715131e-05,0
99,40,0,2.910538924697355e-05,0
99,41,0,3.22911886140995e-05,0
99,42,0,3.04135849826172e-05,0
99,43,0,3.0047669262302003e-05,0
99,44,0,4.654144752948144e-05,0
99,45,0,3.177098714045071e-05,0
99,46,0,3.956198415854078e-05,0
99,47,0,3.3954331818600564e-05,0
99,48,0,3.3954331818600564e-05,0
99,49,0,3.2547609670222807e-05,0
99,50,0,3.359034628858804e-05,0
99,51,0,3.5082569730360424e-05,0
99,52,0,3.6362331764021246e-05,0
99,53,0,3.362910645061707e-05,0
99,54,0,3.359034628858804e-05,0
99,55,0,3.603524903974018e-05,0
99,56,0,3.496356142056456e-05,0
99,57,0,3.876299198433236e-05,0
99,58,0,3.9358588151014746e-05,0
99,59,0,3.67070626293979e-05,0
99,60,0,3.545650102491892e-05,0
99,61,0,3.7532616416310836e-05,0
99,62,0,3.150786983414396e-05,0
99,63,0,3.390817451903699e-05,0
99,64,0,3.710500486272107e-05,0
99,65,0,3.8961579670693006e-05,0
99,66,0,3.470164364732374e-05,0
99,67,0,4.7806004067429766e-05,0
99,68,0,3.693810904676975e-05,0
99,69,0,3.60567280472204e-05,0
99,70,0,3.60567280472204e-05,0
99,71,0,3.654537602951854e-05,0
99,72,0,3.5650187019501386e-05,0
99,73,0,3.493501825878621e-05,0
99,74,0,3.48763745060138e-05,0
99,75,0,3.1526935234452994e-05,0
99,76,0,3.2227596729958e-05,0
99,77,0,3.51561424286575e-05,0
99,78,0,3.2547609670222807e-05,0
99,79,0,3.5248545558401086e-05,0
99,80,0,3.7657641738837494e-05,0
99,81,0,4.183883056826406e-05,0
99,82,0,3.69054160878501e-05,0
99,83,0,3.0047669262302003e-05,0
99,84,0,3.0047669262302003e-05,0
99,85,0,3.1764687905256564e-05,0
99,86,0,2.9330696369349776e-05,0
99,87,0,3.1506783915156475e-05,0
99,88,0,3.537710766171362e-05,0
99,89,0,3.637516783790267e-05,0
99,90,0,3.686931043095868e-05,0
99,91,0,2.990438494022952e-05,0
99,92,0,3.403743699569968e-05,0
99,93,0,3.3857924049383266e-05,0
99,94,0,3.480602093341855e-05,0
99,95,0,4.219696934315045e-05,0
99,96,0,4.17227625920577e-05,0
99,97,0,4.179770450364941e-05,0
100,1,0,4.809565302915561e-05,0
100,2,0,4.436365194178869e-05,0
100,3,0,5.0031837815645076e-05,0
100,4,0,3.5591081123274865e-05,0
100,5,0,5.2497555896124186e-05,0
100,6,0,4.6533995577144864e-05,0
100,7,0,3.847105892105693e-05,0
100,8,0,3.4034356335384004e-05,0
100,9,0,3.219465625602156e-05,0
100,10,0,3.22911886140995e-05,0
100,11,0,2.910538924697355e-05,0
100,12,0,2.8722069620670554e-05,0
100,13,0,2.8944409521362384e-05,0
100,14,0,2.910538924697355e-05,0
100,15,0,3.1770652100738366e-05,0
100,16,0,2.8722069620670554e-05,0
100,17,0,3.0179959777688874e-05,0
100,18,0,2.9708694223808693e-05,0
100,19,0,2.981685479429138e-05,0
100,20,0,2.981685479429138e-05,0
100,21,0,3.8716549043874445e-05,0
100,22,0,3.372252045728778e-05,0
100,23,0,3.5274469835604106e-05,0
100,24,0,3.5331937920908946e-05,0
100,25,0,3.2512018110700056e-05,0
100,26,0,3.2512018110700056e-05,0
100,27,0,4.0752905602369975e-05,0
100,28,0,3.556388962801312e-05,0
100,29,0,3.0112139063188054e-05,0
100,30,0,3.0848213307771606e-05,0
100,31,0,3.0848213307771606e-05,0
100,32,0,3.261097607190394e-05,0
100,33,0,3.960329370838823e-05,0
100,34,0,3.340813093614242e-05,0
100,35,0,3.0112139063188054e-05,0
100,36,0,3.0848213307771606e-05,0
100,37,0,3.0478839862518553e-05,0
100,38,0,3.4508225600760995e-05,0
100,39,0,3.0611249561095404e-05,0
100,40,0,3.3200923359164906e-05,0
100,41,0,3.1627997907505626e-05,0
100,42,0,3.0807616443930635e-05,0
100,43,0,3.1187872652392335e-05,0
100,44,0,3.3643081145307226e-05,0
100,45,0,3.102909405710851e-05,0
100,46,0,3.133300908010567e-05,0
100,47,0,3.237414823936113e-05,0
100,48,0,3.219757039905436e-05,0
100,49,0,3.0047669262302003e-05,0
100,50,0,2.9760916022437322e-05,0
100,51,0,3.104610023269171e-05,0
100,52,0,3.5751352165701335e-05,0
100,53,0,3.105474701089177e-05,0
100,54,0,3.0807616443930635e-05,0
100,55,0,2.910538924697355e-05,0
100,56,0,2.981685479429138e-05,0
100,57,0,3.0179959777688874e-05,0
100,58,0,2.981685479429138e-05,0
100,59,0,3.22911886140995e-05,0
100,60,0,3.095446432691807e-05,0
100,61,0,3.3076348167300905e-05,0
100,62,0,3.0047669262302003e-05,0
100,63,0,2.968788116742997e-05,0
100,64,0,2.9330696369349776e-05,0
100,65,0,3.0047669262302003e-05,0
100,66,0,3.0047669262302003e-05,0
100,67,0,3.0047669262302003e-05,0
100,68,0,3.134634626275282e-05,0
100,69,0,3.102909405710851e-05,0
100,70,0,3.323831159912391e-05,0
100,71,0,3.599656273998686e-05,0
100,72,0,3.133300908010567e-05,0
100,73,0,3.209892584524056e-05,0
100,74,0,2.9651940122769117e-05,0
100,75,0,3.314734709560275e-05,0
100,76,0,3.4868082822024486e-05,0
100,77,0,4.2849025280250016e-05,0
100,78,0,3.142417430391337e-05,0
100,79,0,3.632880237526853e-05,0
100,80,0,3.104610023269171e-05,0
100,81,0,3.4089950267608686e-05,0
100,82,0,3.199953498813786e-05,0
100,83,0,3.465499093811836e-05,0
100,84,0,3.224724519933794e-05,0
100,85,0,3.29156733368046e-05,0
100,86,0,3.147778947765216e-05,0
100,87,0,3.147778947765216e-05,0
100,88,0,3.674757377442367e-05,0
100,89,0,3.370603769267563e-05,0
100,90,0,3.147778947765216e-05,0
100,91,0,3.7273935123962104e-05,0
100,92,0,3.582158913754944e-05,0
100,93,0,4.987182598532897e-05,0
100,94,0,4.396242897099207e-05,0
100,95,0,5.0209408715853994e-05,0
100,96,0,4.023113146233652e-05,0
100,97,0,3.713478300403279e-05,0
100,98,0,4.15829634223264e-05,0
100,99,0,3.841301229087814e-05,0
100,100,0,4.084161819541388e-05,0
100,101,0,4.258882680873451e-05,0
100,102,0,4.20553755455341e-05,0
100,103,0,3.2974683710456394e-05,0
100,104,0,3.532417388249182e-05,0
100,105,0,3.5713170092842e-05,0
100,106,0,3.337821629819774e-05,0
100,107,0,3.755612289518774e-05,0
100,108,0,3.337821629819774e-05,0
100,109,0,3.799677790409756e-05,0
100,110,0,3.3306156241462106e-05,0
100,111,0,3.261744312849559e-05,0
100,112,0,3.301465211158584e-05,0
100,113,0,4.771063391289096e-05,0
100,114,0,3.555660301288407e-05,0
100,115,0,3.201879355669592e-05,0
100,116,0,2.988082937812723e-05,0
100,117,0,3.0611249561095404e-05,0
100,118,0,3.1515015610459843e-05,0
100,119,0,3.059195545337003e-05,0
100,120,0,3.275527424455319e-05,0
100,121,0,2.981685479429138e-05,0
100,122,0,3.405815064646062e-05,0
100,123,0,2.9330696369349776e-05,0
100,124,0,3.258966641900276e-05,0
100,125,0,3.7092498053429794e-05,0
100,126,0,3.61921752318023e-05,0
100,127,0,3.2775126133618914e-05,0
100,128,0,3.15777436067383e-05,0
100,129,0,3.814886704704028e-05,0
100,130,0,3.555378695781579e-05,0
100,131,0,3.588875908699262e-05,0
100,132,0,2.8577147169023964e-05,0
100,133,0,3.132048106708375e-05,0
100,134,0,3.199944780908303e-05,0
100,135,0,2.8944409521362384e-05,0
100,136,0,3.188038411537665e-05,0
100,137,0,2.983039525244099e-05,0
100,138,0,2.8944409521362384e-05,0
100,139,0,3.716103394076672e-05,0
100,140,0,4.541675516095963e-05,0
100,141,0,3.224724519933794e-05,0
100,142,0,3.8631597990687875e-05,0
100,143,0,3.66206171579795e-05,0
100,144,0,3.182254846884254e-05,0
100,145,0,3.5683143322477926e-05,0
100,146,0,3.389427717151012e-05,0
100,147,0,4.039554596851477e-05,0
100,148,0,3.156184052392664e-05,0
100,149,0,3.0828769847662144e-05,0
100,150,0,4.745528059495672e-05,0
100,151,0,4.143876648347086e-05,0
100,152,0,4.474109071802857e-05,0
100,153,0,3.590083220020559e-05,0
100,154,0,4.272786489018177e-05,0
100,155,0,9.875074193616725e-05,0
100,156,0,5.80374445632223e-05,0
100,157,0,5.595131308215863e-05,0
100,158,0,7.330519317059709e-05,0
100,159,0,5.4421992008133705e-05,0
100,160,0,3.8082269650265325e-05,0
100,161,0,3.925938336628513e-05,0
100,162,0,3.781586949149533e-05,0
100,163,0,6.930828509642838e-05,0
100,164,0,3.879059013964236e-05,0
100,165,0,3.9891219897273054e-05,0
100,166,0,5.726158006672337e-05,0
100,167,0,8.901630761183897e-05,0
100,168,0,7.664864226957418e-05,0
100,169,0,7.405723480360539e-05,0
100,170,0,0.0004997419650988439,0
100,171,0,0.0002681725544055802,0
100,172,0,0.00023638284940417275,0
100,173,0,0.00030675454333983006,0
100,174,0,0.0003994615930094149,0
100,175,0,0.0010993056375851326,0
100,176,0,0.03764147075988793,0
100,177,0,0.018303730136435176,0
100,178,0,0.027279644790236444,0
100,179,0,0.0026413837668433013,0
100,180,0,0.1968346712302408,0
100,181,0,0.11529505646704223,0
100,182,0,0.18718362125136095,0
100,183,0,0.19229180064524748,0
100,184,0,0.8243003785885287,1
100,185,0,0.7919783059618455,1
100,186,0,0.8923256754656815,1
100,187,0,0.8919628720869812,1
100,188,1,0.9610430739955784,1
100,189,1,0.9557415911799296,1
100,190,1,0.9024013707037148,1
100,191,1,0.9908378198716218,1
100,192,1,0.9872859204852942,1
100,193,1,0.9706191602239285,1
100,194,1,0.978181031013825,1
100,195,1,0.9930486664320747,1
100,196,1,0.9896538314915581,1
100,197,1,0.9965654149825004,1
100,198,1,0.9966054912879363,1
